ISO-10303-21;
HEADER;
/* Generated by software containing ST-Developer
 * from STEP Tools, Inc. (www.steptools.com) 
 */

FILE_DESCRIPTION(
/* description */ (''),
/* implementation_level */ '2;1');

FILE_NAME(
/* name */ 
'C:\\Users\\Aespen-CAD\\YandexDisk\\Voltbro\\xSets\\mayatnik\\motor-X8
308S\\outrunner.stp',
/* time_stamp */ '2020-06-16T13:05:06+03:00',
/* author */ ('Aespen-CAD'),
/* organization */ (''),
/* preprocessor_version */ 'ST-DEVELOPER v18',
/* originating_system */ 'Autodesk Inventor 2020',
/* authorisation */ '');

FILE_SCHEMA (('AUTOMOTIVE_DESIGN { 1 0 10303 214 3 1 1 }'));
ENDSEC;

DATA;
#10=MECHANICAL_DESIGN_GEOMETRIC_PRESENTATION_REPRESENTATION('',(#677,#678,
#679,#680,#681,#682,#683,#684,#685,#686,#687,#688,#689,#690,#691,#692,#693,
#694,#695,#696,#697,#698,#699,#700,#701,#702,#703,#704,#705,#706,#707,#708,
#709,#710,#711,#712,#713,#714,#715,#716,#717,#718,#719,#720,#721,#722,#723,
#724,#725,#726,#727,#728,#729,#730,#731,#732,#733,#734,#735,#736,#737,#738,
#739,#740,#741,#742,#743,#744,#745,#746,#747,#748,#749,#750,#751,#752,#753,
#754,#755,#756,#757,#758,#759,#760,#761,#762,#763,#764,#765,#766,#767,#768,
#769,#770,#771,#772,#773,#774,#775,#776,#777,#778,#779,#780,#781,#782,#783,
#784,#785,#786,#787,#788,#789,#790,#791,#792,#793,#794,#795,#796,#797,#798,
#799,#800,#801,#802,#803,#804,#805,#806,#807,#808,#809,#810,#811,#812,#813,
#814,#815,#816,#817,#818,#819,#820,#821,#822,#823,#824,#825,#826,#827,#828,
#829,#830,#831,#832,#833,#834,#835,#836,#837,#838,#839,#840,#841,#842,#843,
#844,#845,#846,#847,#848,#849,#850,#851,#852,#853,#854,#855,#856,#857,#858,
#859,#860,#861,#862,#863,#864,#865,#866,#867,#868,#869,#870,#871,#872,#873,
#874,#875,#876,#877,#878,#879,#880,#881,#882,#883,#884,#885,#886,#887,#888,
#889,#890,#891,#892,#893,#894,#895,#896,#897,#898,#899,#900,#901,#902,#903,
#904,#905,#906,#907,#908,#909,#910,#911,#912,#913,#914,#915,#916,#917,#918,
#919,#920,#921,#922,#923,#924,#925,#926,#927,#928,#929,#930,#931,#932,#933,
#934,#935,#936,#937,#938,#939,#940,#941,#942,#943,#944,#945,#946,#947,#948,
#949,#950,#951),#10965);
#11=SHAPE_REPRESENTATION_RELATIONSHIP('SRR','None',#10972,#12);
#12=ADVANCED_BREP_SHAPE_REPRESENTATION('',(#13),#10964);
#13=MANIFOLD_SOLID_BREP('Solid1',#6010);
#14=TOROIDAL_SURFACE('',#6621,34.5,9.5225);
#15=TOROIDAL_SURFACE('',#6622,34.5,11.72);
#16=TOROIDAL_SURFACE('',#6625,34.5,11.72);
#17=TOROIDAL_SURFACE('',#6643,34.5,9.5225);
#18=TOROIDAL_SURFACE('',#6648,34.5,9.5225);
#19=TOROIDAL_SURFACE('',#6649,34.5,11.72);
#20=TOROIDAL_SURFACE('',#6652,34.5,11.72);
#21=TOROIDAL_SURFACE('',#6655,34.5,9.5225);
#22=TOROIDAL_SURFACE('',#6660,34.5,9.5225);
#23=TOROIDAL_SURFACE('',#6673,34.5,11.72);
#24=TOROIDAL_SURFACE('',#6675,34.5,11.72);
#25=TOROIDAL_SURFACE('',#6677,34.5,9.5225);
#26=TOROIDAL_SURFACE('',#6680,34.5,9.5225);
#27=TOROIDAL_SURFACE('',#6681,34.5,11.72);
#28=TOROIDAL_SURFACE('',#6683,34.5,11.72);
#29=TOROIDAL_SURFACE('',#6685,34.5,9.5225);
#30=TOROIDAL_SURFACE('',#6688,34.5,9.5225);
#31=TOROIDAL_SURFACE('',#6690,34.5,11.72);
#32=TOROIDAL_SURFACE('',#6692,34.5,11.72);
#33=TOROIDAL_SURFACE('',#6694,34.5,9.5225);
#34=TOROIDAL_SURFACE('',#6714,34.5,9.5225);
#35=TOROIDAL_SURFACE('',#6715,34.5,11.72);
#36=TOROIDAL_SURFACE('',#6716,34.5,11.72);
#37=TOROIDAL_SURFACE('',#6717,34.5,9.5225);
#38=FACE_BOUND('',#1232,.T.);
#39=FACE_BOUND('',#1234,.T.);
#40=FACE_BOUND('',#1398,.T.);
#41=FACE_BOUND('',#1399,.T.);
#42=FACE_BOUND('',#1400,.T.);
#43=FACE_BOUND('',#1401,.T.);
#44=FACE_BOUND('',#1402,.T.);
#45=FACE_BOUND('',#1482,.T.);
#46=FACE_BOUND('',#1500,.T.);
#47=FACE_BOUND('',#1501,.T.);
#48=FACE_BOUND('',#1502,.T.);
#49=FACE_BOUND('',#1503,.T.);
#50=FACE_BOUND('',#1504,.T.);
#51=FACE_BOUND('',#1506,.T.);
#52=FACE_BOUND('',#1507,.T.);
#53=FACE_BOUND('',#1517,.T.);
#54=FACE_BOUND('',#1518,.T.);
#55=PLANE('',#6039);
#56=PLANE('',#6041);
#57=PLANE('',#6074);
#58=PLANE('',#6077);
#59=PLANE('',#6078);
#60=PLANE('',#6079);
#61=PLANE('',#6082);
#62=PLANE('',#6083);
#63=PLANE('',#6084);
#64=PLANE('',#6087);
#65=PLANE('',#6088);
#66=PLANE('',#6089);
#67=PLANE('',#6092);
#68=PLANE('',#6093);
#69=PLANE('',#6094);
#70=PLANE('',#6097);
#71=PLANE('',#6098);
#72=PLANE('',#6099);
#73=PLANE('',#6102);
#74=PLANE('',#6103);
#75=PLANE('',#6104);
#76=PLANE('',#6107);
#77=PLANE('',#6108);
#78=PLANE('',#6109);
#79=PLANE('',#6112);
#80=PLANE('',#6113);
#81=PLANE('',#6114);
#82=PLANE('',#6117);
#83=PLANE('',#6118);
#84=PLANE('',#6119);
#85=PLANE('',#6122);
#86=PLANE('',#6123);
#87=PLANE('',#6124);
#88=PLANE('',#6127);
#89=PLANE('',#6128);
#90=PLANE('',#6129);
#91=PLANE('',#6132);
#92=PLANE('',#6133);
#93=PLANE('',#6134);
#94=PLANE('',#6137);
#95=PLANE('',#6138);
#96=PLANE('',#6139);
#97=PLANE('',#6142);
#98=PLANE('',#6143);
#99=PLANE('',#6144);
#100=PLANE('',#6147);
#101=PLANE('',#6148);
#102=PLANE('',#6149);
#103=PLANE('',#6152);
#104=PLANE('',#6153);
#105=PLANE('',#6154);
#106=PLANE('',#6157);
#107=PLANE('',#6158);
#108=PLANE('',#6159);
#109=PLANE('',#6162);
#110=PLANE('',#6163);
#111=PLANE('',#6164);
#112=PLANE('',#6167);
#113=PLANE('',#6168);
#114=PLANE('',#6169);
#115=PLANE('',#6172);
#116=PLANE('',#6173);
#117=PLANE('',#6174);
#118=PLANE('',#6177);
#119=PLANE('',#6178);
#120=PLANE('',#6179);
#121=PLANE('',#6182);
#122=PLANE('',#6183);
#123=PLANE('',#6184);
#124=PLANE('',#6187);
#125=PLANE('',#6188);
#126=PLANE('',#6189);
#127=PLANE('',#6192);
#128=PLANE('',#6193);
#129=PLANE('',#6194);
#130=PLANE('',#6197);
#131=PLANE('',#6198);
#132=PLANE('',#6199);
#133=PLANE('',#6202);
#134=PLANE('',#6203);
#135=PLANE('',#6204);
#136=PLANE('',#6207);
#137=PLANE('',#6208);
#138=PLANE('',#6209);
#139=PLANE('',#6212);
#140=PLANE('',#6213);
#141=PLANE('',#6214);
#142=PLANE('',#6217);
#143=PLANE('',#6218);
#144=PLANE('',#6219);
#145=PLANE('',#6222);
#146=PLANE('',#6223);
#147=PLANE('',#6224);
#148=PLANE('',#6227);
#149=PLANE('',#6228);
#150=PLANE('',#6229);
#151=PLANE('',#6232);
#152=PLANE('',#6233);
#153=PLANE('',#6234);
#154=PLANE('',#6237);
#155=PLANE('',#6238);
#156=PLANE('',#6239);
#157=PLANE('',#6242);
#158=PLANE('',#6243);
#159=PLANE('',#6244);
#160=PLANE('',#6247);
#161=PLANE('',#6248);
#162=PLANE('',#6249);
#163=PLANE('',#6252);
#164=PLANE('',#6253);
#165=PLANE('',#6254);
#166=PLANE('',#6257);
#167=PLANE('',#6258);
#168=PLANE('',#6259);
#169=PLANE('',#6262);
#170=PLANE('',#6263);
#171=PLANE('',#6331);
#172=PLANE('',#6333);
#173=PLANE('',#6335);
#174=PLANE('',#6337);
#175=PLANE('',#6339);
#176=PLANE('',#6341);
#177=PLANE('',#6343);
#178=PLANE('',#6345);
#179=PLANE('',#6347);
#180=PLANE('',#6349);
#181=PLANE('',#6351);
#182=PLANE('',#6353);
#183=PLANE('',#6355);
#184=PLANE('',#6357);
#185=PLANE('',#6359);
#186=PLANE('',#6361);
#187=PLANE('',#6363);
#188=PLANE('',#6365);
#189=PLANE('',#6367);
#190=PLANE('',#6369);
#191=PLANE('',#6371);
#192=PLANE('',#6373);
#193=PLANE('',#6375);
#194=PLANE('',#6377);
#195=PLANE('',#6379);
#196=PLANE('',#6381);
#197=PLANE('',#6383);
#198=PLANE('',#6385);
#199=PLANE('',#6387);
#200=PLANE('',#6389);
#201=PLANE('',#6391);
#202=PLANE('',#6393);
#203=PLANE('',#6395);
#204=PLANE('',#6397);
#205=PLANE('',#6400);
#206=PLANE('',#6402);
#207=PLANE('',#6404);
#208=PLANE('',#6406);
#209=PLANE('',#6408);
#210=PLANE('',#6411);
#211=PLANE('',#6418);
#212=PLANE('',#6426);
#213=PLANE('',#6433);
#214=PLANE('',#6440);
#215=PLANE('',#6447);
#216=PLANE('',#6449);
#217=PLANE('',#6450);
#218=PLANE('',#6485);
#219=PLANE('',#6489);
#220=PLANE('',#6493);
#221=PLANE('',#6497);
#222=PLANE('',#6501);
#223=PLANE('',#6505);
#224=PLANE('',#6510);
#225=PLANE('',#6514);
#226=PLANE('',#6518);
#227=PLANE('',#6522);
#228=PLANE('',#6526);
#229=PLANE('',#6533);
#230=PLANE('',#6566);
#231=PLANE('',#6568);
#232=PLANE('',#6571);
#233=PLANE('',#6573);
#234=PLANE('',#6576);
#235=PLANE('',#6578);
#236=PLANE('',#6581);
#237=PLANE('',#6586);
#238=PLANE('',#6589);
#239=PLANE('',#6593);
#240=PLANE('',#6596);
#241=PLANE('',#6600);
#242=PLANE('',#6619);
#243=PLANE('',#6620);
#244=PLANE('',#6642);
#245=PLANE('',#6646);
#246=PLANE('',#6647);
#247=PLANE('',#6658);
#248=PLANE('',#6659);
#249=PLANE('',#6661);
#250=PLANE('',#6678);
#251=PLANE('',#6679);
#252=PLANE('',#6686);
#253=PLANE('',#6687);
#254=PLANE('',#6696);
#255=PLANE('',#6711);
#256=PLANE('',#6712);
#257=PLANE('',#6713);
#258=CIRCLE('',#6033,8.5);
#259=CIRCLE('',#6034,10.5);
#260=CIRCLE('',#6035,10.5);
#261=CIRCLE('',#6037,10.5);
#262=CIRCLE('',#6038,10.5);
#263=CIRCLE('',#6040,7.5);
#264=CIRCLE('',#6042,8.);
#265=CIRCLE('',#6043,8.);
#266=CIRCLE('',#6044,7.5);
#267=CIRCLE('',#6047,3.);
#268=CIRCLE('',#6048,3.);
#269=CIRCLE('',#6049,2.067);
#270=CIRCLE('',#6050,2.067);
#271=CIRCLE('',#6052,2.067);
#272=CIRCLE('',#6054,3.);
#273=CIRCLE('',#6055,3.);
#274=CIRCLE('',#6056,2.067);
#275=CIRCLE('',#6057,2.067);
#276=CIRCLE('',#6059,2.067);
#277=CIRCLE('',#6061,3.);
#278=CIRCLE('',#6062,3.);
#279=CIRCLE('',#6063,2.067);
#280=CIRCLE('',#6064,2.067);
#281=CIRCLE('',#6066,2.067);
#282=CIRCLE('',#6068,3.);
#283=CIRCLE('',#6069,3.);
#284=CIRCLE('',#6070,2.067);
#285=CIRCLE('',#6071,2.067);
#286=CIRCLE('',#6073,2.067);
#287=CIRCLE('',#6075,43.9);
#288=CIRCLE('',#6076,44.9);
#289=CIRCLE('',#6080,43.9);
#290=CIRCLE('',#6081,44.9);
#291=CIRCLE('',#6085,43.9);
#292=CIRCLE('',#6086,44.9);
#293=CIRCLE('',#6090,43.9);
#294=CIRCLE('',#6091,44.9);
#295=CIRCLE('',#6095,43.9);
#296=CIRCLE('',#6096,44.9);
#297=CIRCLE('',#6100,43.9);
#298=CIRCLE('',#6101,44.9);
#299=CIRCLE('',#6105,43.9);
#300=CIRCLE('',#6106,44.9);
#301=CIRCLE('',#6110,43.9);
#302=CIRCLE('',#6111,44.9);
#303=CIRCLE('',#6115,43.9);
#304=CIRCLE('',#6116,44.9);
#305=CIRCLE('',#6120,43.9);
#306=CIRCLE('',#6121,44.9);
#307=CIRCLE('',#6125,43.9);
#308=CIRCLE('',#6126,44.9);
#309=CIRCLE('',#6130,43.9);
#310=CIRCLE('',#6131,44.9);
#311=CIRCLE('',#6135,43.9);
#312=CIRCLE('',#6136,44.9);
#313=CIRCLE('',#6140,43.9);
#314=CIRCLE('',#6141,44.9);
#315=CIRCLE('',#6145,43.9);
#316=CIRCLE('',#6146,44.9);
#317=CIRCLE('',#6150,43.9);
#318=CIRCLE('',#6151,44.9);
#319=CIRCLE('',#6155,43.9);
#320=CIRCLE('',#6156,44.9);
#321=CIRCLE('',#6160,43.9);
#322=CIRCLE('',#6161,44.9);
#323=CIRCLE('',#6165,43.9);
#324=CIRCLE('',#6166,44.9);
#325=CIRCLE('',#6170,43.9);
#326=CIRCLE('',#6171,44.9);
#327=CIRCLE('',#6175,43.9);
#328=CIRCLE('',#6176,44.9);
#329=CIRCLE('',#6180,43.9);
#330=CIRCLE('',#6181,44.9);
#331=CIRCLE('',#6185,43.9);
#332=CIRCLE('',#6186,44.9);
#333=CIRCLE('',#6190,43.9);
#334=CIRCLE('',#6191,44.9);
#335=CIRCLE('',#6195,43.9);
#336=CIRCLE('',#6196,44.9);
#337=CIRCLE('',#6200,43.9);
#338=CIRCLE('',#6201,44.9);
#339=CIRCLE('',#6205,43.9);
#340=CIRCLE('',#6206,44.9);
#341=CIRCLE('',#6210,43.9);
#342=CIRCLE('',#6211,44.9);
#343=CIRCLE('',#6215,43.9);
#344=CIRCLE('',#6216,44.9);
#345=CIRCLE('',#6220,43.9);
#346=CIRCLE('',#6221,44.9);
#347=CIRCLE('',#6225,43.9);
#348=CIRCLE('',#6226,44.9);
#349=CIRCLE('',#6230,43.9);
#350=CIRCLE('',#6231,44.9);
#351=CIRCLE('',#6235,43.9);
#352=CIRCLE('',#6236,44.9);
#353=CIRCLE('',#6240,43.9);
#354=CIRCLE('',#6241,44.9);
#355=CIRCLE('',#6245,43.9);
#356=CIRCLE('',#6246,44.9);
#357=CIRCLE('',#6250,43.9);
#358=CIRCLE('',#6251,44.9);
#359=CIRCLE('',#6255,43.9);
#360=CIRCLE('',#6256,44.9);
#361=CIRCLE('',#6260,43.9);
#362=CIRCLE('',#6261,44.9);
#363=CIRCLE('',#6265,43.9);
#364=CIRCLE('',#6266,43.9);
#365=CIRCLE('',#6267,43.9);
#366=CIRCLE('',#6268,43.9);
#367=CIRCLE('',#6269,43.9);
#368=CIRCLE('',#6270,43.9);
#369=CIRCLE('',#6271,43.9);
#370=CIRCLE('',#6272,43.9);
#371=CIRCLE('',#6273,43.9);
#372=CIRCLE('',#6274,43.9);
#373=CIRCLE('',#6275,43.9);
#374=CIRCLE('',#6276,43.9);
#375=CIRCLE('',#6277,43.9);
#376=CIRCLE('',#6278,43.9);
#377=CIRCLE('',#6279,43.9);
#378=CIRCLE('',#6280,43.9);
#379=CIRCLE('',#6281,43.9);
#380=CIRCLE('',#6282,43.9);
#381=CIRCLE('',#6283,43.9);
#382=CIRCLE('',#6284,43.9);
#383=CIRCLE('',#6285,43.9);
#384=CIRCLE('',#6286,43.9);
#385=CIRCLE('',#6287,43.9);
#386=CIRCLE('',#6288,43.9);
#387=CIRCLE('',#6289,43.9);
#388=CIRCLE('',#6290,43.9);
#389=CIRCLE('',#6291,43.9);
#390=CIRCLE('',#6292,43.9);
#391=CIRCLE('',#6293,43.9);
#392=CIRCLE('',#6294,43.9);
#393=CIRCLE('',#6295,43.9);
#394=CIRCLE('',#6296,43.9);
#395=CIRCLE('',#6297,43.9);
#396=CIRCLE('',#6298,43.9);
#397=CIRCLE('',#6299,43.9);
#398=CIRCLE('',#6300,43.9);
#399=CIRCLE('',#6301,43.9);
#400=CIRCLE('',#6302,43.9);
#401=CIRCLE('',#6303,43.9);
#402=CIRCLE('',#6304,43.9);
#403=CIRCLE('',#6305,43.9);
#404=CIRCLE('',#6306,43.9);
#405=CIRCLE('',#6307,43.9);
#406=CIRCLE('',#6308,43.9);
#407=CIRCLE('',#6309,43.9);
#408=CIRCLE('',#6310,43.9);
#409=CIRCLE('',#6311,43.9);
#410=CIRCLE('',#6312,43.9);
#411=CIRCLE('',#6313,43.9);
#412=CIRCLE('',#6314,43.9);
#413=CIRCLE('',#6315,43.9);
#414=CIRCLE('',#6316,43.9);
#415=CIRCLE('',#6317,43.9);
#416=CIRCLE('',#6318,43.9);
#417=CIRCLE('',#6319,43.9);
#418=CIRCLE('',#6320,43.9);
#419=CIRCLE('',#6321,43.9);
#420=CIRCLE('',#6322,43.9);
#421=CIRCLE('',#6323,43.9);
#422=CIRCLE('',#6324,43.9);
#423=CIRCLE('',#6325,43.9);
#424=CIRCLE('',#6326,43.9);
#425=CIRCLE('',#6327,43.9);
#426=CIRCLE('',#6328,43.9);
#427=CIRCLE('',#6329,43.9);
#428=CIRCLE('',#6330,43.9);
#429=CIRCLE('',#6332,44.9);
#430=CIRCLE('',#6334,44.9);
#431=CIRCLE('',#6336,44.9);
#432=CIRCLE('',#6338,44.9);
#433=CIRCLE('',#6340,44.9);
#434=CIRCLE('',#6342,44.9);
#435=CIRCLE('',#6344,44.9);
#436=CIRCLE('',#6346,44.9);
#437=CIRCLE('',#6348,44.9);
#438=CIRCLE('',#6350,44.9);
#439=CIRCLE('',#6352,44.9);
#440=CIRCLE('',#6354,44.9);
#441=CIRCLE('',#6356,44.9);
#442=CIRCLE('',#6358,44.9);
#443=CIRCLE('',#6360,44.9);
#444=CIRCLE('',#6362,44.9);
#445=CIRCLE('',#6364,44.9);
#446=CIRCLE('',#6366,44.9);
#447=CIRCLE('',#6368,44.9);
#448=CIRCLE('',#6370,44.9);
#449=CIRCLE('',#6372,44.9);
#450=CIRCLE('',#6374,44.9);
#451=CIRCLE('',#6376,44.9);
#452=CIRCLE('',#6378,44.9);
#453=CIRCLE('',#6380,44.9);
#454=CIRCLE('',#6382,44.9);
#455=CIRCLE('',#6384,44.9);
#456=CIRCLE('',#6386,44.9);
#457=CIRCLE('',#6388,44.9);
#458=CIRCLE('',#6390,44.9);
#459=CIRCLE('',#6392,44.9);
#460=CIRCLE('',#6394,44.9);
#461=CIRCLE('',#6396,44.9);
#462=CIRCLE('',#6398,44.9);
#463=CIRCLE('',#6399,44.9);
#464=CIRCLE('',#6401,44.9);
#465=CIRCLE('',#6403,44.9);
#466=CIRCLE('',#6405,44.9);
#467=CIRCLE('',#6407,44.9);
#468=CIRCLE('',#6409,20.15);
#469=CIRCLE('',#6410,20.15);
#470=CIRCLE('',#6412,20.15);
#471=CIRCLE('',#6413,13.7057804893363);
#472=CIRCLE('',#6414,34.5);
#473=CIRCLE('',#6415,10.7001961191604);
#474=CIRCLE('',#6416,34.5);
#475=CIRCLE('',#6417,13.7057804893363);
#476=CIRCLE('',#6419,20.15);
#477=CIRCLE('',#6420,20.15);
#478=CIRCLE('',#6421,13.7057804893363);
#479=CIRCLE('',#6422,34.5);
#480=CIRCLE('',#6423,10.7001961191604);
#481=CIRCLE('',#6424,34.5);
#482=CIRCLE('',#6425,13.7057804893363);
#483=CIRCLE('',#6427,20.15);
#484=CIRCLE('',#6428,13.7057804893363);
#485=CIRCLE('',#6429,34.5);
#486=CIRCLE('',#6430,10.7001961191604);
#487=CIRCLE('',#6431,34.5);
#488=CIRCLE('',#6432,13.7057804893363);
#489=CIRCLE('',#6434,20.15);
#490=CIRCLE('',#6435,13.7057804893363);
#491=CIRCLE('',#6436,34.5);
#492=CIRCLE('',#6437,10.7001961191604);
#493=CIRCLE('',#6438,34.5);
#494=CIRCLE('',#6439,13.7057804893363);
#495=CIRCLE('',#6441,20.15);
#496=CIRCLE('',#6442,13.7057804893363);
#497=CIRCLE('',#6443,34.5);
#498=CIRCLE('',#6444,10.7001961191604);
#499=CIRCLE('',#6445,34.5);
#500=CIRCLE('',#6446,13.7057804893363);
#501=CIRCLE('',#6448,44.9);
#502=CIRCLE('',#6452,44.9);
#503=CIRCLE('',#6453,44.9);
#504=CIRCLE('',#6455,44.9);
#505=CIRCLE('',#6456,44.9);
#506=CIRCLE('',#6458,44.9);
#507=CIRCLE('',#6459,44.9);
#508=CIRCLE('',#6461,44.9);
#509=CIRCLE('',#6462,44.9);
#510=CIRCLE('',#6464,44.9);
#511=CIRCLE('',#6465,44.9);
#512=CIRCLE('',#6467,44.9);
#513=CIRCLE('',#6468,44.9);
#514=CIRCLE('',#6470,44.9);
#515=CIRCLE('',#6471,44.9);
#516=CIRCLE('',#6473,44.9);
#517=CIRCLE('',#6474,44.9);
#518=CIRCLE('',#6476,44.9);
#519=CIRCLE('',#6477,44.9);
#520=CIRCLE('',#6479,44.9);
#521=CIRCLE('',#6480,44.9);
#522=CIRCLE('',#6482,44.9);
#523=CIRCLE('',#6483,44.9);
#524=CIRCLE('',#6484,44.9);
#525=CIRCLE('',#6486,13.7057804893363);
#526=CIRCLE('',#6487,13.7057804893363);
#527=CIRCLE('',#6488,45.9);
#528=CIRCLE('',#6490,10.7001961191604);
#529=CIRCLE('',#6491,45.9);
#530=CIRCLE('',#6492,10.7001961191604);
#531=CIRCLE('',#6494,10.7001961191604);
#532=CIRCLE('',#6495,10.7001961191604);
#533=CIRCLE('',#6496,45.9);
#534=CIRCLE('',#6498,13.7057804893363);
#535=CIRCLE('',#6499,45.9);
#536=CIRCLE('',#6500,13.7057804893363);
#537=CIRCLE('',#6502,13.7057804893363);
#538=CIRCLE('',#6503,13.7057804893363);
#539=CIRCLE('',#6504,45.9);
#540=CIRCLE('',#6506,10.7001961191604);
#541=CIRCLE('',#6507,45.9);
#542=CIRCLE('',#6508,45.9);
#543=CIRCLE('',#6509,10.7001961191604);
#544=CIRCLE('',#6511,10.7001961191604);
#545=CIRCLE('',#6512,10.7001961191604);
#546=CIRCLE('',#6513,45.9);
#547=CIRCLE('',#6515,13.7057804893363);
#548=CIRCLE('',#6516,45.9);
#549=CIRCLE('',#6517,13.7057804893363);
#550=CIRCLE('',#6519,13.7057804893363);
#551=CIRCLE('',#6520,13.7057804893363);
#552=CIRCLE('',#6521,45.9);
#553=CIRCLE('',#6523,10.7001961191604);
#554=CIRCLE('',#6524,45.9);
#555=CIRCLE('',#6525,10.7001961191604);
#556=CIRCLE('',#6527,10.7001961191604);
#557=CIRCLE('',#6528,10.7001961191604);
#558=CIRCLE('',#6529,45.9);
#559=CIRCLE('',#6531,44.9);
#560=CIRCLE('',#6532,44.9);
#561=CIRCLE('',#6534,13.7057804893363);
#562=CIRCLE('',#6535,45.9);
#563=CIRCLE('',#6536,13.7057804893363);
#564=CIRCLE('',#6538,13.7057804893363);
#565=CIRCLE('',#6539,13.7057804893363);
#566=CIRCLE('',#6541,10.7001961191604);
#567=CIRCLE('',#6542,10.7001961191604);
#568=CIRCLE('',#6543,10.7001961191604);
#569=CIRCLE('',#6545,13.7057804893363);
#570=CIRCLE('',#6546,13.7057804893363);
#571=CIRCLE('',#6548,13.7057804893363);
#572=CIRCLE('',#6549,13.7057804893363);
#573=CIRCLE('',#6551,10.7001961191604);
#574=CIRCLE('',#6552,10.7001961191604);
#575=CIRCLE('',#6553,10.7001961191604);
#576=CIRCLE('',#6554,10.7001961191604);
#577=CIRCLE('',#6556,13.7057804893363);
#578=CIRCLE('',#6557,13.7057804893363);
#579=CIRCLE('',#6559,13.7057804893363);
#580=CIRCLE('',#6560,13.7057804893363);
#581=CIRCLE('',#6561,13.7057804893363);
#582=CIRCLE('',#6563,10.7001961191604);
#583=CIRCLE('',#6564,10.7001961191604);
#584=CIRCLE('',#6565,10.7001961191604);
#585=CIRCLE('',#6567,44.9);
#586=CIRCLE('',#6569,44.9);
#587=CIRCLE('',#6570,13.7057804893363);
#588=CIRCLE('',#6572,44.9);
#589=CIRCLE('',#6574,44.9);
#590=CIRCLE('',#6575,13.7057804893363);
#591=CIRCLE('',#6577,44.9);
#592=CIRCLE('',#6579,44.9);
#593=CIRCLE('',#6580,13.7057804893363);
#594=CIRCLE('',#6582,10.7001961191604);
#595=CIRCLE('',#6583,44.9);
#596=CIRCLE('',#6584,44.9);
#597=CIRCLE('',#6585,10.7001961191604);
#598=CIRCLE('',#6587,44.9);
#599=CIRCLE('',#6588,13.7057804893363);
#600=CIRCLE('',#6590,10.7001961191604);
#601=CIRCLE('',#6591,44.9);
#602=CIRCLE('',#6592,10.7001961191604);
#603=CIRCLE('',#6594,44.9);
#604=CIRCLE('',#6595,13.7057804893363);
#605=CIRCLE('',#6597,10.7001961191604);
#606=CIRCLE('',#6598,44.9);
#607=CIRCLE('',#6599,10.7001961191604);
#608=CIRCLE('',#6601,13.7057804893363);
#609=CIRCLE('',#6602,13.7057804893363);
#610=CIRCLE('',#6603,44.9);
#611=CIRCLE('',#6605,13.7057804893363);
#612=CIRCLE('',#6607,13.7057804893363);
#613=CIRCLE('',#6609,13.7057804893363);
#614=CIRCLE('',#6611,13.7057804893363);
#615=CIRCLE('',#6613,13.7057804893363);
#616=CIRCLE('',#6614,13.7057804893363);
#617=CIRCLE('',#6616,13.7057804893363);
#618=CIRCLE('',#6618,10.7001961191604);
#619=CIRCLE('',#6623,45.9);
#620=CIRCLE('',#6624,34.5);
#621=CIRCLE('',#6626,45.9);
#622=CIRCLE('',#6627,34.5);
#623=CIRCLE('',#6629,44.9);
#624=CIRCLE('',#6630,44.9);
#625=CIRCLE('',#6631,44.9);
#626=CIRCLE('',#6632,44.9);
#627=CIRCLE('',#6633,44.9);
#628=CIRCLE('',#6634,44.9);
#629=CIRCLE('',#6635,44.9);
#630=CIRCLE('',#6636,44.9);
#631=CIRCLE('',#6637,44.9);
#632=CIRCLE('',#6638,44.9);
#633=CIRCLE('',#6639,44.9);
#634=CIRCLE('',#6640,44.9);
#635=CIRCLE('',#6641,44.9);
#636=CIRCLE('',#6645,10.7001961191604);
#637=CIRCLE('',#6650,45.9);
#638=CIRCLE('',#6651,34.5);
#639=CIRCLE('',#6653,45.9);
#640=CIRCLE('',#6654,34.5);
#641=CIRCLE('',#6657,10.7001961191604);
#642=CIRCLE('',#6662,45.9);
#643=CIRCLE('',#6663,45.9);
#644=CIRCLE('',#6665,45.9);
#645=CIRCLE('',#6666,45.9);
#646=CIRCLE('',#6667,45.9);
#647=CIRCLE('',#6668,45.9);
#648=CIRCLE('',#6669,45.9);
#649=CIRCLE('',#6670,45.9);
#650=CIRCLE('',#6671,45.9);
#651=CIRCLE('',#6672,45.9);
#652=CIRCLE('',#6674,34.5);
#653=CIRCLE('',#6676,34.5);
#654=CIRCLE('',#6682,34.5);
#655=CIRCLE('',#6684,34.5);
#656=CIRCLE('',#6689,34.5);
#657=CIRCLE('',#6691,34.5);
#658=CIRCLE('',#6693,34.5);
#659=CIRCLE('',#6695,34.5);
#660=CIRCLE('',#6697,34.5);
#661=CIRCLE('',#6698,34.5);
#662=CIRCLE('',#6699,13.7057804893363);
#663=CIRCLE('',#6700,20.15);
#664=CIRCLE('',#6701,20.15);
#665=CIRCLE('',#6702,20.15);
#666=CIRCLE('',#6703,20.15);
#667=CIRCLE('',#6704,20.15);
#668=CIRCLE('',#6705,20.15);
#669=CIRCLE('',#6706,8.);
#670=CIRCLE('',#6707,8.);
#671=CIRCLE('',#6709,20.15);
#672=CONICAL_SURFACE('',#6032,9.5,0.927295218001612);
#673=CONICAL_SURFACE('',#6046,2.5335,0.785398163397448);
#674=CONICAL_SURFACE('',#6053,2.5335,0.785398163397448);
#675=CONICAL_SURFACE('',#6060,2.5335,0.785398163397448);
#676=CONICAL_SURFACE('',#6067,2.5335,0.785398163397448);
#677=STYLED_ITEM('',(#10982),#5736);
#678=STYLED_ITEM('',(#10982),#5737);
#679=STYLED_ITEM('',(#10982),#5738);
#680=STYLED_ITEM('',(#10982),#5739);
#681=STYLED_ITEM('',(#10982),#5740);
#682=STYLED_ITEM('',(#10982),#5741);
#683=STYLED_ITEM('',(#10982),#5742);
#684=STYLED_ITEM('',(#10982),#5743);
#685=STYLED_ITEM('',(#10982),#5744);
#686=STYLED_ITEM('',(#10982),#5745);
#687=STYLED_ITEM('',(#10982),#5746);
#688=STYLED_ITEM('',(#10982),#5747);
#689=STYLED_ITEM('',(#10982),#5748);
#690=STYLED_ITEM('',(#10982),#5749);
#691=STYLED_ITEM('',(#10982),#5750);
#692=STYLED_ITEM('',(#10982),#5751);
#693=STYLED_ITEM('',(#10982),#5752);
#694=STYLED_ITEM('',(#10982),#5753);
#695=STYLED_ITEM('',(#10982),#5754);
#696=STYLED_ITEM('',(#10982),#5755);
#697=STYLED_ITEM('',(#10982),#5756);
#698=STYLED_ITEM('',(#10982),#5757);
#699=STYLED_ITEM('',(#10982),#5758);
#700=STYLED_ITEM('',(#10982),#5759);
#701=STYLED_ITEM('',(#10982),#5760);
#702=STYLED_ITEM('',(#10982),#5761);
#703=STYLED_ITEM('',(#10982),#5762);
#704=STYLED_ITEM('',(#10982),#5763);
#705=STYLED_ITEM('',(#10982),#5764);
#706=STYLED_ITEM('',(#10982),#5765);
#707=STYLED_ITEM('',(#10982),#5766);
#708=STYLED_ITEM('',(#10982),#5767);
#709=STYLED_ITEM('',(#10982),#5768);
#710=STYLED_ITEM('',(#10982),#5769);
#711=STYLED_ITEM('',(#10982),#5770);
#712=STYLED_ITEM('',(#10982),#5771);
#713=STYLED_ITEM('',(#10982),#5772);
#714=STYLED_ITEM('',(#10982),#5773);
#715=STYLED_ITEM('',(#10982),#5774);
#716=STYLED_ITEM('',(#10982),#5775);
#717=STYLED_ITEM('',(#10982),#5776);
#718=STYLED_ITEM('',(#10982),#5777);
#719=STYLED_ITEM('',(#10982),#5778);
#720=STYLED_ITEM('',(#10982),#5779);
#721=STYLED_ITEM('',(#10982),#5780);
#722=STYLED_ITEM('',(#10982),#5781);
#723=STYLED_ITEM('',(#10982),#5782);
#724=STYLED_ITEM('',(#10982),#5783);
#725=STYLED_ITEM('',(#10982),#5784);
#726=STYLED_ITEM('',(#10982),#5785);
#727=STYLED_ITEM('',(#10982),#5786);
#728=STYLED_ITEM('',(#10982),#5787);
#729=STYLED_ITEM('',(#10982),#5788);
#730=STYLED_ITEM('',(#10982),#5789);
#731=STYLED_ITEM('',(#10982),#5790);
#732=STYLED_ITEM('',(#10982),#5791);
#733=STYLED_ITEM('',(#10982),#5792);
#734=STYLED_ITEM('',(#10982),#5793);
#735=STYLED_ITEM('',(#10982),#5794);
#736=STYLED_ITEM('',(#10982),#5795);
#737=STYLED_ITEM('',(#10982),#5796);
#738=STYLED_ITEM('',(#10982),#5797);
#739=STYLED_ITEM('',(#10982),#5798);
#740=STYLED_ITEM('',(#10982),#5799);
#741=STYLED_ITEM('',(#10982),#5800);
#742=STYLED_ITEM('',(#10982),#5801);
#743=STYLED_ITEM('',(#10982),#5802);
#744=STYLED_ITEM('',(#10982),#5803);
#745=STYLED_ITEM('',(#10982),#5804);
#746=STYLED_ITEM('',(#10982),#5805);
#747=STYLED_ITEM('',(#10982),#5806);
#748=STYLED_ITEM('',(#10982),#5807);
#749=STYLED_ITEM('',(#10982),#5808);
#750=STYLED_ITEM('',(#10982),#5809);
#751=STYLED_ITEM('',(#10982),#5810);
#752=STYLED_ITEM('',(#10982),#5811);
#753=STYLED_ITEM('',(#10982),#5812);
#754=STYLED_ITEM('',(#10982),#5813);
#755=STYLED_ITEM('',(#10982),#5814);
#756=STYLED_ITEM('',(#10982),#5815);
#757=STYLED_ITEM('',(#10982),#5816);
#758=STYLED_ITEM('',(#10982),#5817);
#759=STYLED_ITEM('',(#10982),#5818);
#760=STYLED_ITEM('',(#10982),#5819);
#761=STYLED_ITEM('',(#10982),#5820);
#762=STYLED_ITEM('',(#10982),#5821);
#763=STYLED_ITEM('',(#10982),#5822);
#764=STYLED_ITEM('',(#10982),#5823);
#765=STYLED_ITEM('',(#10982),#5824);
#766=STYLED_ITEM('',(#10982),#5825);
#767=STYLED_ITEM('',(#10982),#5826);
#768=STYLED_ITEM('',(#10982),#5827);
#769=STYLED_ITEM('',(#10982),#5828);
#770=STYLED_ITEM('',(#10982),#5829);
#771=STYLED_ITEM('',(#10982),#5830);
#772=STYLED_ITEM('',(#10982),#5831);
#773=STYLED_ITEM('',(#10982),#5832);
#774=STYLED_ITEM('',(#10982),#5833);
#775=STYLED_ITEM('',(#10982),#5834);
#776=STYLED_ITEM('',(#10982),#5835);
#777=STYLED_ITEM('',(#10982),#5836);
#778=STYLED_ITEM('',(#10982),#5837);
#779=STYLED_ITEM('',(#10982),#5838);
#780=STYLED_ITEM('',(#10982),#5839);
#781=STYLED_ITEM('',(#10982),#5840);
#782=STYLED_ITEM('',(#10982),#5841);
#783=STYLED_ITEM('',(#10982),#5842);
#784=STYLED_ITEM('',(#10982),#5843);
#785=STYLED_ITEM('',(#10982),#5844);
#786=STYLED_ITEM('',(#10982),#5845);
#787=STYLED_ITEM('',(#10982),#5846);
#788=STYLED_ITEM('',(#10982),#5847);
#789=STYLED_ITEM('',(#10982),#5848);
#790=STYLED_ITEM('',(#10982),#5849);
#791=STYLED_ITEM('',(#10982),#5850);
#792=STYLED_ITEM('',(#10982),#5851);
#793=STYLED_ITEM('',(#10982),#5852);
#794=STYLED_ITEM('',(#10982),#5853);
#795=STYLED_ITEM('',(#10982),#5854);
#796=STYLED_ITEM('',(#10982),#5855);
#797=STYLED_ITEM('',(#10982),#5856);
#798=STYLED_ITEM('',(#10982),#5857);
#799=STYLED_ITEM('',(#10982),#5858);
#800=STYLED_ITEM('',(#10982),#5859);
#801=STYLED_ITEM('',(#10982),#5860);
#802=STYLED_ITEM('',(#10982),#5861);
#803=STYLED_ITEM('',(#10982),#5862);
#804=STYLED_ITEM('',(#10982),#5863);
#805=STYLED_ITEM('',(#10982),#5864);
#806=STYLED_ITEM('',(#10982),#5865);
#807=STYLED_ITEM('',(#10982),#5866);
#808=STYLED_ITEM('',(#10982),#5867);
#809=STYLED_ITEM('',(#10982),#5868);
#810=STYLED_ITEM('',(#10982),#5869);
#811=STYLED_ITEM('',(#10982),#5870);
#812=STYLED_ITEM('',(#10982),#5871);
#813=STYLED_ITEM('',(#10982),#5872);
#814=STYLED_ITEM('',(#10982),#5873);
#815=STYLED_ITEM('',(#10982),#5874);
#816=STYLED_ITEM('',(#10982),#5875);
#817=STYLED_ITEM('',(#10982),#5876);
#818=STYLED_ITEM('',(#10982),#5877);
#819=STYLED_ITEM('',(#10982),#5878);
#820=STYLED_ITEM('',(#10982),#5879);
#821=STYLED_ITEM('',(#10982),#5880);
#822=STYLED_ITEM('',(#10982),#5881);
#823=STYLED_ITEM('',(#10982),#5882);
#824=STYLED_ITEM('',(#10982),#5883);
#825=STYLED_ITEM('',(#10982),#5884);
#826=STYLED_ITEM('',(#10982),#5885);
#827=STYLED_ITEM('',(#10982),#5886);
#828=STYLED_ITEM('',(#10982),#5887);
#829=STYLED_ITEM('',(#10982),#5888);
#830=STYLED_ITEM('',(#10982),#5889);
#831=STYLED_ITEM('',(#10982),#5890);
#832=STYLED_ITEM('',(#10982),#5891);
#833=STYLED_ITEM('',(#10982),#5892);
#834=STYLED_ITEM('',(#10982),#5893);
#835=STYLED_ITEM('',(#10982),#5894);
#836=STYLED_ITEM('',(#10982),#5895);
#837=STYLED_ITEM('',(#10982),#5896);
#838=STYLED_ITEM('',(#10982),#5897);
#839=STYLED_ITEM('',(#10982),#5898);
#840=STYLED_ITEM('',(#10982),#5899);
#841=STYLED_ITEM('',(#10982),#5900);
#842=STYLED_ITEM('',(#10982),#5901);
#843=STYLED_ITEM('',(#10982),#5902);
#844=STYLED_ITEM('',(#10982),#5903);
#845=STYLED_ITEM('',(#10982),#5904);
#846=STYLED_ITEM('',(#10982),#5905);
#847=STYLED_ITEM('',(#10982),#5906);
#848=STYLED_ITEM('',(#10982),#5907);
#849=STYLED_ITEM('',(#10982),#5908);
#850=STYLED_ITEM('',(#10982),#5909);
#851=STYLED_ITEM('',(#10982),#5910);
#852=STYLED_ITEM('',(#10982),#5911);
#853=STYLED_ITEM('',(#10982),#5912);
#854=STYLED_ITEM('',(#10982),#5913);
#855=STYLED_ITEM('',(#10982),#5914);
#856=STYLED_ITEM('',(#10982),#5915);
#857=STYLED_ITEM('',(#10982),#5916);
#858=STYLED_ITEM('',(#10982),#5917);
#859=STYLED_ITEM('',(#10982),#5918);
#860=STYLED_ITEM('',(#10982),#5919);
#861=STYLED_ITEM('',(#10982),#5920);
#862=STYLED_ITEM('',(#10982),#5921);
#863=STYLED_ITEM('',(#10982),#5922);
#864=STYLED_ITEM('',(#10982),#5923);
#865=STYLED_ITEM('',(#10982),#5924);
#866=STYLED_ITEM('',(#10982),#5925);
#867=STYLED_ITEM('',(#10982),#5926);
#868=STYLED_ITEM('',(#10982),#5927);
#869=STYLED_ITEM('',(#10982),#5928);
#870=STYLED_ITEM('',(#10982),#5929);
#871=STYLED_ITEM('',(#10982),#5930);
#872=STYLED_ITEM('',(#10982),#5931);
#873=STYLED_ITEM('',(#10982),#5932);
#874=STYLED_ITEM('',(#10982),#5933);
#875=STYLED_ITEM('',(#10982),#5934);
#876=STYLED_ITEM('',(#10982),#5935);
#877=STYLED_ITEM('',(#10982),#5936);
#878=STYLED_ITEM('',(#10982),#5937);
#879=STYLED_ITEM('',(#10982),#5938);
#880=STYLED_ITEM('',(#10982),#5939);
#881=STYLED_ITEM('',(#10982),#5940);
#882=STYLED_ITEM('',(#10982),#5941);
#883=STYLED_ITEM('',(#10982),#5942);
#884=STYLED_ITEM('',(#10982),#5943);
#885=STYLED_ITEM('',(#10982),#5944);
#886=STYLED_ITEM('',(#10982),#5945);
#887=STYLED_ITEM('',(#10982),#5946);
#888=STYLED_ITEM('',(#10982),#5947);
#889=STYLED_ITEM('',(#10982),#5948);
#890=STYLED_ITEM('',(#10982),#5949);
#891=STYLED_ITEM('',(#10982),#5950);
#892=STYLED_ITEM('',(#10982),#5951);
#893=STYLED_ITEM('',(#10982),#5952);
#894=STYLED_ITEM('',(#10982),#5953);
#895=STYLED_ITEM('',(#10982),#5954);
#896=STYLED_ITEM('',(#10982),#5955);
#897=STYLED_ITEM('',(#10982),#5956);
#898=STYLED_ITEM('',(#10982),#5957);
#899=STYLED_ITEM('',(#10982),#5958);
#900=STYLED_ITEM('',(#10982),#5959);
#901=STYLED_ITEM('',(#10982),#5960);
#902=STYLED_ITEM('',(#10982),#5961);
#903=STYLED_ITEM('',(#10982),#5962);
#904=STYLED_ITEM('',(#10982),#5963);
#905=STYLED_ITEM('',(#10982),#5964);
#906=STYLED_ITEM('',(#10982),#5965);
#907=STYLED_ITEM('',(#10982),#5966);
#908=STYLED_ITEM('',(#10982),#5967);
#909=STYLED_ITEM('',(#10982),#5968);
#910=STYLED_ITEM('',(#10982),#5969);
#911=STYLED_ITEM('',(#10982),#5970);
#912=STYLED_ITEM('',(#10982),#5971);
#913=STYLED_ITEM('',(#10982),#5972);
#914=STYLED_ITEM('',(#10982),#5973);
#915=STYLED_ITEM('',(#10982),#5974);
#916=STYLED_ITEM('',(#10982),#5975);
#917=STYLED_ITEM('',(#10982),#5976);
#918=STYLED_ITEM('',(#10982),#5977);
#919=STYLED_ITEM('',(#10982),#5978);
#920=STYLED_ITEM('',(#10982),#5979);
#921=STYLED_ITEM('',(#10982),#5980);
#922=STYLED_ITEM('',(#10982),#5981);
#923=STYLED_ITEM('',(#10982),#5982);
#924=STYLED_ITEM('',(#10982),#5983);
#925=STYLED_ITEM('',(#10982),#5984);
#926=STYLED_ITEM('',(#10982),#5985);
#927=STYLED_ITEM('',(#10982),#5986);
#928=STYLED_ITEM('',(#10982),#5987);
#929=STYLED_ITEM('',(#10982),#5988);
#930=STYLED_ITEM('',(#10982),#5989);
#931=STYLED_ITEM('',(#10982),#5990);
#932=STYLED_ITEM('',(#10982),#5991);
#933=STYLED_ITEM('',(#10982),#5992);
#934=STYLED_ITEM('',(#10982),#5993);
#935=STYLED_ITEM('',(#10982),#5994);
#936=STYLED_ITEM('',(#10982),#5995);
#937=STYLED_ITEM('',(#10982),#5996);
#938=STYLED_ITEM('',(#10982),#5997);
#939=STYLED_ITEM('',(#10982),#5998);
#940=STYLED_ITEM('',(#10982),#5999);
#941=STYLED_ITEM('',(#10982),#6000);
#942=STYLED_ITEM('',(#10982),#6001);
#943=STYLED_ITEM('',(#10982),#6002);
#944=STYLED_ITEM('',(#10982),#6003);
#945=STYLED_ITEM('',(#10982),#6004);
#946=STYLED_ITEM('',(#10982),#6005);
#947=STYLED_ITEM('',(#10982),#6006);
#948=STYLED_ITEM('',(#10982),#6007);
#949=STYLED_ITEM('',(#10982),#6008);
#950=STYLED_ITEM('',(#10982),#6009);
#951=STYLED_ITEM('',(#10981),#13);
#952=FACE_OUTER_BOUND('',#1227,.T.);
#953=FACE_OUTER_BOUND('',#1228,.T.);
#954=FACE_OUTER_BOUND('',#1229,.T.);
#955=FACE_OUTER_BOUND('',#1230,.T.);
#956=FACE_OUTER_BOUND('',#1231,.T.);
#957=FACE_OUTER_BOUND('',#1233,.T.);
#958=FACE_OUTER_BOUND('',#1235,.T.);
#959=FACE_OUTER_BOUND('',#1236,.T.);
#960=FACE_OUTER_BOUND('',#1237,.T.);
#961=FACE_OUTER_BOUND('',#1238,.T.);
#962=FACE_OUTER_BOUND('',#1239,.T.);
#963=FACE_OUTER_BOUND('',#1240,.T.);
#964=FACE_OUTER_BOUND('',#1241,.T.);
#965=FACE_OUTER_BOUND('',#1242,.T.);
#966=FACE_OUTER_BOUND('',#1243,.T.);
#967=FACE_OUTER_BOUND('',#1244,.T.);
#968=FACE_OUTER_BOUND('',#1245,.T.);
#969=FACE_OUTER_BOUND('',#1246,.T.);
#970=FACE_OUTER_BOUND('',#1247,.T.);
#971=FACE_OUTER_BOUND('',#1248,.T.);
#972=FACE_OUTER_BOUND('',#1249,.T.);
#973=FACE_OUTER_BOUND('',#1250,.T.);
#974=FACE_OUTER_BOUND('',#1251,.T.);
#975=FACE_OUTER_BOUND('',#1252,.T.);
#976=FACE_OUTER_BOUND('',#1253,.T.);
#977=FACE_OUTER_BOUND('',#1254,.T.);
#978=FACE_OUTER_BOUND('',#1255,.T.);
#979=FACE_OUTER_BOUND('',#1256,.T.);
#980=FACE_OUTER_BOUND('',#1257,.T.);
#981=FACE_OUTER_BOUND('',#1258,.T.);
#982=FACE_OUTER_BOUND('',#1259,.T.);
#983=FACE_OUTER_BOUND('',#1260,.T.);
#984=FACE_OUTER_BOUND('',#1261,.T.);
#985=FACE_OUTER_BOUND('',#1262,.T.);
#986=FACE_OUTER_BOUND('',#1263,.T.);
#987=FACE_OUTER_BOUND('',#1264,.T.);
#988=FACE_OUTER_BOUND('',#1265,.T.);
#989=FACE_OUTER_BOUND('',#1266,.T.);
#990=FACE_OUTER_BOUND('',#1267,.T.);
#991=FACE_OUTER_BOUND('',#1268,.T.);
#992=FACE_OUTER_BOUND('',#1269,.T.);
#993=FACE_OUTER_BOUND('',#1270,.T.);
#994=FACE_OUTER_BOUND('',#1271,.T.);
#995=FACE_OUTER_BOUND('',#1272,.T.);
#996=FACE_OUTER_BOUND('',#1273,.T.);
#997=FACE_OUTER_BOUND('',#1274,.T.);
#998=FACE_OUTER_BOUND('',#1275,.T.);
#999=FACE_OUTER_BOUND('',#1276,.T.);
#1000=FACE_OUTER_BOUND('',#1277,.T.);
#1001=FACE_OUTER_BOUND('',#1278,.T.);
#1002=FACE_OUTER_BOUND('',#1279,.T.);
#1003=FACE_OUTER_BOUND('',#1280,.T.);
#1004=FACE_OUTER_BOUND('',#1281,.T.);
#1005=FACE_OUTER_BOUND('',#1282,.T.);
#1006=FACE_OUTER_BOUND('',#1283,.T.);
#1007=FACE_OUTER_BOUND('',#1284,.T.);
#1008=FACE_OUTER_BOUND('',#1285,.T.);
#1009=FACE_OUTER_BOUND('',#1286,.T.);
#1010=FACE_OUTER_BOUND('',#1287,.T.);
#1011=FACE_OUTER_BOUND('',#1288,.T.);
#1012=FACE_OUTER_BOUND('',#1289,.T.);
#1013=FACE_OUTER_BOUND('',#1290,.T.);
#1014=FACE_OUTER_BOUND('',#1291,.T.);
#1015=FACE_OUTER_BOUND('',#1292,.T.);
#1016=FACE_OUTER_BOUND('',#1293,.T.);
#1017=FACE_OUTER_BOUND('',#1294,.T.);
#1018=FACE_OUTER_BOUND('',#1295,.T.);
#1019=FACE_OUTER_BOUND('',#1296,.T.);
#1020=FACE_OUTER_BOUND('',#1297,.T.);
#1021=FACE_OUTER_BOUND('',#1298,.T.);
#1022=FACE_OUTER_BOUND('',#1299,.T.);
#1023=FACE_OUTER_BOUND('',#1300,.T.);
#1024=FACE_OUTER_BOUND('',#1301,.T.);
#1025=FACE_OUTER_BOUND('',#1302,.T.);
#1026=FACE_OUTER_BOUND('',#1303,.T.);
#1027=FACE_OUTER_BOUND('',#1304,.T.);
#1028=FACE_OUTER_BOUND('',#1305,.T.);
#1029=FACE_OUTER_BOUND('',#1306,.T.);
#1030=FACE_OUTER_BOUND('',#1307,.T.);
#1031=FACE_OUTER_BOUND('',#1308,.T.);
#1032=FACE_OUTER_BOUND('',#1309,.T.);
#1033=FACE_OUTER_BOUND('',#1310,.T.);
#1034=FACE_OUTER_BOUND('',#1311,.T.);
#1035=FACE_OUTER_BOUND('',#1312,.T.);
#1036=FACE_OUTER_BOUND('',#1313,.T.);
#1037=FACE_OUTER_BOUND('',#1314,.T.);
#1038=FACE_OUTER_BOUND('',#1315,.T.);
#1039=FACE_OUTER_BOUND('',#1316,.T.);
#1040=FACE_OUTER_BOUND('',#1317,.T.);
#1041=FACE_OUTER_BOUND('',#1318,.T.);
#1042=FACE_OUTER_BOUND('',#1319,.T.);
#1043=FACE_OUTER_BOUND('',#1320,.T.);
#1044=FACE_OUTER_BOUND('',#1321,.T.);
#1045=FACE_OUTER_BOUND('',#1322,.T.);
#1046=FACE_OUTER_BOUND('',#1323,.T.);
#1047=FACE_OUTER_BOUND('',#1324,.T.);
#1048=FACE_OUTER_BOUND('',#1325,.T.);
#1049=FACE_OUTER_BOUND('',#1326,.T.);
#1050=FACE_OUTER_BOUND('',#1327,.T.);
#1051=FACE_OUTER_BOUND('',#1328,.T.);
#1052=FACE_OUTER_BOUND('',#1329,.T.);
#1053=FACE_OUTER_BOUND('',#1330,.T.);
#1054=FACE_OUTER_BOUND('',#1331,.T.);
#1055=FACE_OUTER_BOUND('',#1332,.T.);
#1056=FACE_OUTER_BOUND('',#1333,.T.);
#1057=FACE_OUTER_BOUND('',#1334,.T.);
#1058=FACE_OUTER_BOUND('',#1335,.T.);
#1059=FACE_OUTER_BOUND('',#1336,.T.);
#1060=FACE_OUTER_BOUND('',#1337,.T.);
#1061=FACE_OUTER_BOUND('',#1338,.T.);
#1062=FACE_OUTER_BOUND('',#1339,.T.);
#1063=FACE_OUTER_BOUND('',#1340,.T.);
#1064=FACE_OUTER_BOUND('',#1341,.T.);
#1065=FACE_OUTER_BOUND('',#1342,.T.);
#1066=FACE_OUTER_BOUND('',#1343,.T.);
#1067=FACE_OUTER_BOUND('',#1344,.T.);
#1068=FACE_OUTER_BOUND('',#1345,.T.);
#1069=FACE_OUTER_BOUND('',#1346,.T.);
#1070=FACE_OUTER_BOUND('',#1347,.T.);
#1071=FACE_OUTER_BOUND('',#1348,.T.);
#1072=FACE_OUTER_BOUND('',#1349,.T.);
#1073=FACE_OUTER_BOUND('',#1350,.T.);
#1074=FACE_OUTER_BOUND('',#1351,.T.);
#1075=FACE_OUTER_BOUND('',#1352,.T.);
#1076=FACE_OUTER_BOUND('',#1353,.T.);
#1077=FACE_OUTER_BOUND('',#1354,.T.);
#1078=FACE_OUTER_BOUND('',#1355,.T.);
#1079=FACE_OUTER_BOUND('',#1356,.T.);
#1080=FACE_OUTER_BOUND('',#1357,.T.);
#1081=FACE_OUTER_BOUND('',#1358,.T.);
#1082=FACE_OUTER_BOUND('',#1359,.T.);
#1083=FACE_OUTER_BOUND('',#1360,.T.);
#1084=FACE_OUTER_BOUND('',#1361,.T.);
#1085=FACE_OUTER_BOUND('',#1362,.T.);
#1086=FACE_OUTER_BOUND('',#1363,.T.);
#1087=FACE_OUTER_BOUND('',#1364,.T.);
#1088=FACE_OUTER_BOUND('',#1365,.T.);
#1089=FACE_OUTER_BOUND('',#1366,.T.);
#1090=FACE_OUTER_BOUND('',#1367,.T.);
#1091=FACE_OUTER_BOUND('',#1368,.T.);
#1092=FACE_OUTER_BOUND('',#1369,.T.);
#1093=FACE_OUTER_BOUND('',#1370,.T.);
#1094=FACE_OUTER_BOUND('',#1371,.T.);
#1095=FACE_OUTER_BOUND('',#1372,.T.);
#1096=FACE_OUTER_BOUND('',#1373,.T.);
#1097=FACE_OUTER_BOUND('',#1374,.T.);
#1098=FACE_OUTER_BOUND('',#1375,.T.);
#1099=FACE_OUTER_BOUND('',#1376,.T.);
#1100=FACE_OUTER_BOUND('',#1377,.T.);
#1101=FACE_OUTER_BOUND('',#1378,.T.);
#1102=FACE_OUTER_BOUND('',#1379,.T.);
#1103=FACE_OUTER_BOUND('',#1380,.T.);
#1104=FACE_OUTER_BOUND('',#1381,.T.);
#1105=FACE_OUTER_BOUND('',#1382,.T.);
#1106=FACE_OUTER_BOUND('',#1383,.T.);
#1107=FACE_OUTER_BOUND('',#1384,.T.);
#1108=FACE_OUTER_BOUND('',#1385,.T.);
#1109=FACE_OUTER_BOUND('',#1386,.T.);
#1110=FACE_OUTER_BOUND('',#1387,.T.);
#1111=FACE_OUTER_BOUND('',#1388,.T.);
#1112=FACE_OUTER_BOUND('',#1389,.T.);
#1113=FACE_OUTER_BOUND('',#1390,.T.);
#1114=FACE_OUTER_BOUND('',#1391,.T.);
#1115=FACE_OUTER_BOUND('',#1392,.T.);
#1116=FACE_OUTER_BOUND('',#1393,.T.);
#1117=FACE_OUTER_BOUND('',#1394,.T.);
#1118=FACE_OUTER_BOUND('',#1395,.T.);
#1119=FACE_OUTER_BOUND('',#1396,.T.);
#1120=FACE_OUTER_BOUND('',#1397,.T.);
#1121=FACE_OUTER_BOUND('',#1403,.T.);
#1122=FACE_OUTER_BOUND('',#1404,.T.);
#1123=FACE_OUTER_BOUND('',#1405,.T.);
#1124=FACE_OUTER_BOUND('',#1406,.T.);
#1125=FACE_OUTER_BOUND('',#1407,.T.);
#1126=FACE_OUTER_BOUND('',#1408,.T.);
#1127=FACE_OUTER_BOUND('',#1409,.T.);
#1128=FACE_OUTER_BOUND('',#1410,.T.);
#1129=FACE_OUTER_BOUND('',#1411,.T.);
#1130=FACE_OUTER_BOUND('',#1412,.T.);
#1131=FACE_OUTER_BOUND('',#1413,.T.);
#1132=FACE_OUTER_BOUND('',#1414,.T.);
#1133=FACE_OUTER_BOUND('',#1415,.T.);
#1134=FACE_OUTER_BOUND('',#1416,.T.);
#1135=FACE_OUTER_BOUND('',#1417,.T.);
#1136=FACE_OUTER_BOUND('',#1418,.T.);
#1137=FACE_OUTER_BOUND('',#1419,.T.);
#1138=FACE_OUTER_BOUND('',#1420,.T.);
#1139=FACE_OUTER_BOUND('',#1421,.T.);
#1140=FACE_OUTER_BOUND('',#1422,.T.);
#1141=FACE_OUTER_BOUND('',#1423,.T.);
#1142=FACE_OUTER_BOUND('',#1424,.T.);
#1143=FACE_OUTER_BOUND('',#1425,.T.);
#1144=FACE_OUTER_BOUND('',#1426,.T.);
#1145=FACE_OUTER_BOUND('',#1427,.T.);
#1146=FACE_OUTER_BOUND('',#1428,.T.);
#1147=FACE_OUTER_BOUND('',#1429,.T.);
#1148=FACE_OUTER_BOUND('',#1430,.T.);
#1149=FACE_OUTER_BOUND('',#1431,.T.);
#1150=FACE_OUTER_BOUND('',#1432,.T.);
#1151=FACE_OUTER_BOUND('',#1433,.T.);
#1152=FACE_OUTER_BOUND('',#1434,.T.);
#1153=FACE_OUTER_BOUND('',#1435,.T.);
#1154=FACE_OUTER_BOUND('',#1436,.T.);
#1155=FACE_OUTER_BOUND('',#1437,.T.);
#1156=FACE_OUTER_BOUND('',#1438,.T.);
#1157=FACE_OUTER_BOUND('',#1439,.T.);
#1158=FACE_OUTER_BOUND('',#1440,.T.);
#1159=FACE_OUTER_BOUND('',#1441,.T.);
#1160=FACE_OUTER_BOUND('',#1442,.T.);
#1161=FACE_OUTER_BOUND('',#1443,.T.);
#1162=FACE_OUTER_BOUND('',#1444,.T.);
#1163=FACE_OUTER_BOUND('',#1445,.T.);
#1164=FACE_OUTER_BOUND('',#1446,.T.);
#1165=FACE_OUTER_BOUND('',#1447,.T.);
#1166=FACE_OUTER_BOUND('',#1448,.T.);
#1167=FACE_OUTER_BOUND('',#1449,.T.);
#1168=FACE_OUTER_BOUND('',#1450,.T.);
#1169=FACE_OUTER_BOUND('',#1451,.T.);
#1170=FACE_OUTER_BOUND('',#1452,.T.);
#1171=FACE_OUTER_BOUND('',#1453,.T.);
#1172=FACE_OUTER_BOUND('',#1454,.T.);
#1173=FACE_OUTER_BOUND('',#1455,.T.);
#1174=FACE_OUTER_BOUND('',#1456,.T.);
#1175=FACE_OUTER_BOUND('',#1457,.T.);
#1176=FACE_OUTER_BOUND('',#1458,.T.);
#1177=FACE_OUTER_BOUND('',#1459,.T.);
#1178=FACE_OUTER_BOUND('',#1460,.T.);
#1179=FACE_OUTER_BOUND('',#1461,.T.);
#1180=FACE_OUTER_BOUND('',#1462,.T.);
#1181=FACE_OUTER_BOUND('',#1463,.T.);
#1182=FACE_OUTER_BOUND('',#1464,.T.);
#1183=FACE_OUTER_BOUND('',#1465,.T.);
#1184=FACE_OUTER_BOUND('',#1466,.T.);
#1185=FACE_OUTER_BOUND('',#1467,.T.);
#1186=FACE_OUTER_BOUND('',#1468,.T.);
#1187=FACE_OUTER_BOUND('',#1469,.T.);
#1188=FACE_OUTER_BOUND('',#1470,.T.);
#1189=FACE_OUTER_BOUND('',#1471,.T.);
#1190=FACE_OUTER_BOUND('',#1472,.T.);
#1191=FACE_OUTER_BOUND('',#1473,.T.);
#1192=FACE_OUTER_BOUND('',#1474,.T.);
#1193=FACE_OUTER_BOUND('',#1475,.T.);
#1194=FACE_OUTER_BOUND('',#1476,.T.);
#1195=FACE_OUTER_BOUND('',#1477,.T.);
#1196=FACE_OUTER_BOUND('',#1478,.T.);
#1197=FACE_OUTER_BOUND('',#1479,.T.);
#1198=FACE_OUTER_BOUND('',#1480,.T.);
#1199=FACE_OUTER_BOUND('',#1481,.T.);
#1200=FACE_OUTER_BOUND('',#1483,.T.);
#1201=FACE_OUTER_BOUND('',#1484,.T.);
#1202=FACE_OUTER_BOUND('',#1485,.T.);
#1203=FACE_OUTER_BOUND('',#1486,.T.);
#1204=FACE_OUTER_BOUND('',#1487,.T.);
#1205=FACE_OUTER_BOUND('',#1488,.T.);
#1206=FACE_OUTER_BOUND('',#1489,.T.);
#1207=FACE_OUTER_BOUND('',#1490,.T.);
#1208=FACE_OUTER_BOUND('',#1491,.T.);
#1209=FACE_OUTER_BOUND('',#1492,.T.);
#1210=FACE_OUTER_BOUND('',#1493,.T.);
#1211=FACE_OUTER_BOUND('',#1494,.T.);
#1212=FACE_OUTER_BOUND('',#1495,.T.);
#1213=FACE_OUTER_BOUND('',#1496,.T.);
#1214=FACE_OUTER_BOUND('',#1497,.T.);
#1215=FACE_OUTER_BOUND('',#1498,.T.);
#1216=FACE_OUTER_BOUND('',#1499,.T.);
#1217=FACE_OUTER_BOUND('',#1505,.T.);
#1218=FACE_OUTER_BOUND('',#1508,.T.);
#1219=FACE_OUTER_BOUND('',#1509,.T.);
#1220=FACE_OUTER_BOUND('',#1510,.T.);
#1221=FACE_OUTER_BOUND('',#1511,.T.);
#1222=FACE_OUTER_BOUND('',#1512,.T.);
#1223=FACE_OUTER_BOUND('',#1513,.T.);
#1224=FACE_OUTER_BOUND('',#1514,.T.);
#1225=FACE_OUTER_BOUND('',#1515,.T.);
#1226=FACE_OUTER_BOUND('',#1516,.T.);
#1227=EDGE_LOOP('',(#3900,#3901,#3902,#3903,#3904,#3905));
#1228=EDGE_LOOP('',(#3906,#3907,#3908,#3909,#3910,#3911));
#1229=EDGE_LOOP('',(#3912,#3913,#3914,#3915,#3916));
#1230=EDGE_LOOP('',(#3917,#3918,#3919,#3920,#3921,#3922));
#1231=EDGE_LOOP('',(#3923));
#1232=EDGE_LOOP('',(#3924));
#1233=EDGE_LOOP('',(#3925,#3926));
#1234=EDGE_LOOP('',(#3927));
#1235=EDGE_LOOP('',(#3928,#3929,#3930,#3931));
#1236=EDGE_LOOP('',(#3932,#3933,#3934,#3935,#3936,#3937));
#1237=EDGE_LOOP('',(#3938,#3939,#3940,#3941,#3942));
#1238=EDGE_LOOP('',(#3943,#3944,#3945,#3946,#3947,#3948));
#1239=EDGE_LOOP('',(#3949,#3950,#3951,#3952,#3953));
#1240=EDGE_LOOP('',(#3954,#3955,#3956,#3957,#3958,#3959));
#1241=EDGE_LOOP('',(#3960,#3961,#3962,#3963,#3964));
#1242=EDGE_LOOP('',(#3965,#3966,#3967,#3968,#3969,#3970));
#1243=EDGE_LOOP('',(#3971,#3972,#3973,#3974,#3975));
#1244=EDGE_LOOP('',(#3976,#3977,#3978,#3979));
#1245=EDGE_LOOP('',(#3980,#3981,#3982,#3983));
#1246=EDGE_LOOP('',(#3984,#3985,#3986,#3987));
#1247=EDGE_LOOP('',(#3988,#3989,#3990,#3991));
#1248=EDGE_LOOP('',(#3992,#3993,#3994,#3995));
#1249=EDGE_LOOP('',(#3996,#3997,#3998,#3999));
#1250=EDGE_LOOP('',(#4000,#4001,#4002,#4003));
#1251=EDGE_LOOP('',(#4004,#4005,#4006,#4007));
#1252=EDGE_LOOP('',(#4008,#4009,#4010,#4011));
#1253=EDGE_LOOP('',(#4012,#4013,#4014,#4015));
#1254=EDGE_LOOP('',(#4016,#4017,#4018,#4019));
#1255=EDGE_LOOP('',(#4020,#4021,#4022,#4023));
#1256=EDGE_LOOP('',(#4024,#4025,#4026,#4027));
#1257=EDGE_LOOP('',(#4028,#4029,#4030,#4031));
#1258=EDGE_LOOP('',(#4032,#4033,#4034,#4035));
#1259=EDGE_LOOP('',(#4036,#4037,#4038,#4039));
#1260=EDGE_LOOP('',(#4040,#4041,#4042,#4043));
#1261=EDGE_LOOP('',(#4044,#4045,#4046,#4047));
#1262=EDGE_LOOP('',(#4048,#4049,#4050,#4051));
#1263=EDGE_LOOP('',(#4052,#4053,#4054,#4055));
#1264=EDGE_LOOP('',(#4056,#4057,#4058,#4059));
#1265=EDGE_LOOP('',(#4060,#4061,#4062,#4063));
#1266=EDGE_LOOP('',(#4064,#4065,#4066,#4067));
#1267=EDGE_LOOP('',(#4068,#4069,#4070,#4071));
#1268=EDGE_LOOP('',(#4072,#4073,#4074,#4075));
#1269=EDGE_LOOP('',(#4076,#4077,#4078,#4079));
#1270=EDGE_LOOP('',(#4080,#4081,#4082,#4083));
#1271=EDGE_LOOP('',(#4084,#4085,#4086,#4087));
#1272=EDGE_LOOP('',(#4088,#4089,#4090,#4091));
#1273=EDGE_LOOP('',(#4092,#4093,#4094,#4095));
#1274=EDGE_LOOP('',(#4096,#4097,#4098,#4099));
#1275=EDGE_LOOP('',(#4100,#4101,#4102,#4103));
#1276=EDGE_LOOP('',(#4104,#4105,#4106,#4107));
#1277=EDGE_LOOP('',(#4108,#4109,#4110,#4111));
#1278=EDGE_LOOP('',(#4112,#4113,#4114,#4115));
#1279=EDGE_LOOP('',(#4116,#4117,#4118,#4119));
#1280=EDGE_LOOP('',(#4120,#4121,#4122,#4123));
#1281=EDGE_LOOP('',(#4124,#4125,#4126,#4127));
#1282=EDGE_LOOP('',(#4128,#4129,#4130,#4131));
#1283=EDGE_LOOP('',(#4132,#4133,#4134,#4135));
#1284=EDGE_LOOP('',(#4136,#4137,#4138,#4139));
#1285=EDGE_LOOP('',(#4140,#4141,#4142,#4143));
#1286=EDGE_LOOP('',(#4144,#4145,#4146,#4147));
#1287=EDGE_LOOP('',(#4148,#4149,#4150,#4151));
#1288=EDGE_LOOP('',(#4152,#4153,#4154,#4155));
#1289=EDGE_LOOP('',(#4156,#4157,#4158,#4159));
#1290=EDGE_LOOP('',(#4160,#4161,#4162,#4163));
#1291=EDGE_LOOP('',(#4164,#4165,#4166,#4167));
#1292=EDGE_LOOP('',(#4168,#4169,#4170,#4171));
#1293=EDGE_LOOP('',(#4172,#4173,#4174,#4175));
#1294=EDGE_LOOP('',(#4176,#4177,#4178,#4179));
#1295=EDGE_LOOP('',(#4180,#4181,#4182,#4183));
#1296=EDGE_LOOP('',(#4184,#4185,#4186,#4187));
#1297=EDGE_LOOP('',(#4188,#4189,#4190,#4191));
#1298=EDGE_LOOP('',(#4192,#4193,#4194,#4195));
#1299=EDGE_LOOP('',(#4196,#4197,#4198,#4199));
#1300=EDGE_LOOP('',(#4200,#4201,#4202,#4203));
#1301=EDGE_LOOP('',(#4204,#4205,#4206,#4207));
#1302=EDGE_LOOP('',(#4208,#4209,#4210,#4211));
#1303=EDGE_LOOP('',(#4212,#4213,#4214,#4215));
#1304=EDGE_LOOP('',(#4216,#4217,#4218,#4219));
#1305=EDGE_LOOP('',(#4220,#4221,#4222,#4223));
#1306=EDGE_LOOP('',(#4224,#4225,#4226,#4227));
#1307=EDGE_LOOP('',(#4228,#4229,#4230,#4231));
#1308=EDGE_LOOP('',(#4232,#4233,#4234,#4235));
#1309=EDGE_LOOP('',(#4236,#4237,#4238,#4239));
#1310=EDGE_LOOP('',(#4240,#4241,#4242,#4243));
#1311=EDGE_LOOP('',(#4244,#4245,#4246,#4247));
#1312=EDGE_LOOP('',(#4248,#4249,#4250,#4251));
#1313=EDGE_LOOP('',(#4252,#4253,#4254,#4255));
#1314=EDGE_LOOP('',(#4256,#4257,#4258,#4259));
#1315=EDGE_LOOP('',(#4260,#4261,#4262,#4263));
#1316=EDGE_LOOP('',(#4264,#4265,#4266,#4267));
#1317=EDGE_LOOP('',(#4268,#4269,#4270,#4271));
#1318=EDGE_LOOP('',(#4272,#4273,#4274,#4275));
#1319=EDGE_LOOP('',(#4276,#4277,#4278,#4279));
#1320=EDGE_LOOP('',(#4280,#4281,#4282,#4283));
#1321=EDGE_LOOP('',(#4284,#4285,#4286,#4287));
#1322=EDGE_LOOP('',(#4288,#4289,#4290,#4291));
#1323=EDGE_LOOP('',(#4292,#4293,#4294,#4295));
#1324=EDGE_LOOP('',(#4296,#4297,#4298,#4299));
#1325=EDGE_LOOP('',(#4300,#4301,#4302,#4303));
#1326=EDGE_LOOP('',(#4304,#4305,#4306,#4307));
#1327=EDGE_LOOP('',(#4308,#4309,#4310,#4311));
#1328=EDGE_LOOP('',(#4312,#4313,#4314,#4315));
#1329=EDGE_LOOP('',(#4316,#4317,#4318,#4319));
#1330=EDGE_LOOP('',(#4320,#4321,#4322,#4323));
#1331=EDGE_LOOP('',(#4324,#4325,#4326,#4327));
#1332=EDGE_LOOP('',(#4328,#4329,#4330,#4331));
#1333=EDGE_LOOP('',(#4332,#4333,#4334,#4335));
#1334=EDGE_LOOP('',(#4336,#4337,#4338,#4339));
#1335=EDGE_LOOP('',(#4340,#4341,#4342,#4343));
#1336=EDGE_LOOP('',(#4344,#4345,#4346,#4347));
#1337=EDGE_LOOP('',(#4348,#4349,#4350,#4351));
#1338=EDGE_LOOP('',(#4352,#4353,#4354,#4355));
#1339=EDGE_LOOP('',(#4356,#4357,#4358,#4359));
#1340=EDGE_LOOP('',(#4360,#4361,#4362,#4363));
#1341=EDGE_LOOP('',(#4364,#4365,#4366,#4367));
#1342=EDGE_LOOP('',(#4368,#4369,#4370,#4371));
#1343=EDGE_LOOP('',(#4372,#4373,#4374,#4375));
#1344=EDGE_LOOP('',(#4376,#4377,#4378,#4379));
#1345=EDGE_LOOP('',(#4380,#4381,#4382,#4383));
#1346=EDGE_LOOP('',(#4384,#4385,#4386,#4387));
#1347=EDGE_LOOP('',(#4388,#4389,#4390,#4391));
#1348=EDGE_LOOP('',(#4392,#4393,#4394,#4395));
#1349=EDGE_LOOP('',(#4396,#4397,#4398,#4399));
#1350=EDGE_LOOP('',(#4400,#4401,#4402,#4403));
#1351=EDGE_LOOP('',(#4404,#4405,#4406,#4407));
#1352=EDGE_LOOP('',(#4408,#4409,#4410,#4411));
#1353=EDGE_LOOP('',(#4412,#4413,#4414,#4415));
#1354=EDGE_LOOP('',(#4416,#4417,#4418,#4419));
#1355=EDGE_LOOP('',(#4420,#4421,#4422,#4423));
#1356=EDGE_LOOP('',(#4424,#4425,#4426,#4427));
#1357=EDGE_LOOP('',(#4428,#4429,#4430,#4431));
#1358=EDGE_LOOP('',(#4432,#4433,#4434,#4435,#4436,#4437,#4438,#4439,#4440,
#4441,#4442,#4443,#4444,#4445,#4446,#4447,#4448,#4449,#4450,#4451,#4452,
#4453,#4454,#4455,#4456,#4457,#4458,#4459,#4460,#4461,#4462,#4463,#4464,
#4465,#4466,#4467,#4468,#4469,#4470,#4471,#4472,#4473,#4474,#4475,#4476,
#4477,#4478,#4479,#4480,#4481,#4482,#4483,#4484,#4485,#4486,#4487,#4488,
#4489,#4490,#4491,#4492,#4493,#4494,#4495,#4496,#4497,#4498,#4499,#4500,
#4501,#4502,#4503,#4504,#4505,#4506,#4507,#4508,#4509,#4510,#4511,#4512,
#4513,#4514,#4515,#4516,#4517,#4518,#4519,#4520,#4521,#4522,#4523,#4524,
#4525,#4526,#4527,#4528,#4529,#4530,#4531,#4532,#4533,#4534,#4535,#4536,
#4537,#4538,#4539,#4540,#4541,#4542,#4543,#4544,#4545,#4546,#4547,#4548,
#4549,#4550,#4551,#4552,#4553,#4554,#4555,#4556,#4557,#4558,#4559,#4560,
#4561,#4562,#4563,#4564,#4565,#4566,#4567,#4568,#4569,#4570,#4571,#4572,
#4573,#4574,#4575,#4576,#4577,#4578,#4579,#4580,#4581,#4582,#4583,#4584,
#4585,#4586,#4587,#4588,#4589,#4590,#4591,#4592,#4593,#4594,#4595,#4596,
#4597,#4598,#4599,#4600,#4601,#4602,#4603,#4604,#4605,#4606,#4607,#4608,
#4609,#4610,#4611,#4612,#4613,#4614,#4615,#4616,#4617,#4618,#4619,#4620,
#4621,#4622,#4623,#4624,#4625,#4626,#4627,#4628,#4629,#4630,#4631,#4632,
#4633,#4634,#4635,#4636,#4637,#4638,#4639));
#1359=EDGE_LOOP('',(#4640,#4641,#4642,#4643));
#1360=EDGE_LOOP('',(#4644,#4645,#4646,#4647));
#1361=EDGE_LOOP('',(#4648,#4649,#4650,#4651));
#1362=EDGE_LOOP('',(#4652,#4653,#4654,#4655));
#1363=EDGE_LOOP('',(#4656,#4657,#4658,#4659));
#1364=EDGE_LOOP('',(#4660,#4661,#4662,#4663));
#1365=EDGE_LOOP('',(#4664,#4665,#4666,#4667));
#1366=EDGE_LOOP('',(#4668,#4669,#4670,#4671));
#1367=EDGE_LOOP('',(#4672,#4673,#4674,#4675));
#1368=EDGE_LOOP('',(#4676,#4677,#4678,#4679));
#1369=EDGE_LOOP('',(#4680,#4681,#4682,#4683));
#1370=EDGE_LOOP('',(#4684,#4685,#4686,#4687));
#1371=EDGE_LOOP('',(#4688,#4689,#4690,#4691));
#1372=EDGE_LOOP('',(#4692,#4693,#4694,#4695));
#1373=EDGE_LOOP('',(#4696,#4697,#4698,#4699));
#1374=EDGE_LOOP('',(#4700,#4701,#4702,#4703));
#1375=EDGE_LOOP('',(#4704,#4705,#4706,#4707));
#1376=EDGE_LOOP('',(#4708,#4709,#4710,#4711));
#1377=EDGE_LOOP('',(#4712,#4713,#4714,#4715));
#1378=EDGE_LOOP('',(#4716,#4717,#4718,#4719));
#1379=EDGE_LOOP('',(#4720,#4721,#4722,#4723));
#1380=EDGE_LOOP('',(#4724,#4725,#4726,#4727));
#1381=EDGE_LOOP('',(#4728,#4729,#4730,#4731));
#1382=EDGE_LOOP('',(#4732,#4733,#4734,#4735));
#1383=EDGE_LOOP('',(#4736,#4737,#4738,#4739));
#1384=EDGE_LOOP('',(#4740,#4741,#4742,#4743));
#1385=EDGE_LOOP('',(#4744,#4745,#4746,#4747));
#1386=EDGE_LOOP('',(#4748,#4749,#4750,#4751));
#1387=EDGE_LOOP('',(#4752,#4753,#4754,#4755));
#1388=EDGE_LOOP('',(#4756,#4757,#4758,#4759));
#1389=EDGE_LOOP('',(#4760,#4761,#4762,#4763));
#1390=EDGE_LOOP('',(#4764,#4765,#4766,#4767));
#1391=EDGE_LOOP('',(#4768,#4769,#4770,#4771));
#1392=EDGE_LOOP('',(#4772,#4773,#4774,#4775,#4776,#4777));
#1393=EDGE_LOOP('',(#4778,#4779,#4780,#4781));
#1394=EDGE_LOOP('',(#4782,#4783,#4784,#4785));
#1395=EDGE_LOOP('',(#4786,#4787,#4788,#4789));
#1396=EDGE_LOOP('',(#4790,#4791,#4792,#4793));
#1397=EDGE_LOOP('',(#4794,#4795));
#1398=EDGE_LOOP('',(#4796,#4797));
#1399=EDGE_LOOP('',(#4798));
#1400=EDGE_LOOP('',(#4799));
#1401=EDGE_LOOP('',(#4800));
#1402=EDGE_LOOP('',(#4801));
#1403=EDGE_LOOP('',(#4802,#4803,#4804,#4805,#4806,#4807,#4808,#4809));
#1404=EDGE_LOOP('',(#4810,#4811,#4812,#4813,#4814,#4815,#4816,#4817,#4818));
#1405=EDGE_LOOP('',(#4819,#4820,#4821,#4822,#4823,#4824,#4825,#4826));
#1406=EDGE_LOOP('',(#4827,#4828,#4829,#4830,#4831,#4832,#4833,#4834));
#1407=EDGE_LOOP('',(#4835,#4836,#4837,#4838,#4839,#4840,#4841,#4842));
#1408=EDGE_LOOP('',(#4843,#4844,#4845,#4846));
#1409=EDGE_LOOP('',(#4847,#4848,#4849,#4850));
#1410=EDGE_LOOP('',(#4851,#4852,#4853,#4854));
#1411=EDGE_LOOP('',(#4855,#4856,#4857,#4858));
#1412=EDGE_LOOP('',(#4859,#4860,#4861,#4862));
#1413=EDGE_LOOP('',(#4863,#4864,#4865,#4866));
#1414=EDGE_LOOP('',(#4867,#4868,#4869,#4870));
#1415=EDGE_LOOP('',(#4871,#4872,#4873,#4874));
#1416=EDGE_LOOP('',(#4875,#4876,#4877,#4878));
#1417=EDGE_LOOP('',(#4879,#4880,#4881,#4882));
#1418=EDGE_LOOP('',(#4883,#4884,#4885,#4886));
#1419=EDGE_LOOP('',(#4887,#4888,#4889,#4890));
#1420=EDGE_LOOP('',(#4891,#4892,#4893,#4894));
#1421=EDGE_LOOP('',(#4895,#4896,#4897,#4898,#4899));
#1422=EDGE_LOOP('',(#4900,#4901,#4902,#4903));
#1423=EDGE_LOOP('',(#4904,#4905,#4906,#4907));
#1424=EDGE_LOOP('',(#4908,#4909,#4910,#4911));
#1425=EDGE_LOOP('',(#4912,#4913,#4914,#4915));
#1426=EDGE_LOOP('',(#4916,#4917,#4918,#4919));
#1427=EDGE_LOOP('',(#4920,#4921,#4922,#4923,#4924));
#1428=EDGE_LOOP('',(#4925,#4926,#4927,#4928));
#1429=EDGE_LOOP('',(#4929,#4930,#4931,#4932));
#1430=EDGE_LOOP('',(#4933,#4934,#4935,#4936));
#1431=EDGE_LOOP('',(#4937,#4938,#4939,#4940));
#1432=EDGE_LOOP('',(#4941,#4942,#4943,#4944));
#1433=EDGE_LOOP('',(#4945,#4946,#4947,#4948));
#1434=EDGE_LOOP('',(#4949,#4950,#4951,#4952));
#1435=EDGE_LOOP('',(#4953,#4954,#4955,#4956,#4957,#4958,#4959,#4960,#4961));
#1436=EDGE_LOOP('',(#4962,#4963,#4964,#4965,#4966,#4967,#4968,#4969,#4970,
#4971,#4972,#4973,#4974,#4975));
#1437=EDGE_LOOP('',(#4976,#4977,#4978,#4979,#4980,#4981,#4982,#4983,#4984));
#1438=EDGE_LOOP('',(#4985,#4986,#4987,#4988,#4989,#4990,#4991,#4992,#4993));
#1439=EDGE_LOOP('',(#4994,#4995,#4996,#4997,#4998,#4999,#5000,#5001,#5002,
#5003,#5004,#5005,#5006,#5007));
#1440=EDGE_LOOP('',(#5008,#5009,#5010,#5011,#5012,#5013,#5014,#5015,#5016));
#1441=EDGE_LOOP('',(#5017,#5018,#5019,#5020,#5021,#5022,#5023,#5024,#5025));
#1442=EDGE_LOOP('',(#5026,#5027,#5028,#5029,#5030,#5031,#5032,#5033,#5034,
#5035,#5036,#5037,#5038,#5039));
#1443=EDGE_LOOP('',(#5040,#5041,#5042,#5043));
#1444=EDGE_LOOP('',(#5044,#5045,#5046,#5047));
#1445=EDGE_LOOP('',(#5048,#5049,#5050,#5051));
#1446=EDGE_LOOP('',(#5052,#5053,#5054,#5055));
#1447=EDGE_LOOP('',(#5056,#5057,#5058,#5059));
#1448=EDGE_LOOP('',(#5060,#5061,#5062,#5063));
#1449=EDGE_LOOP('',(#5064,#5065,#5066,#5067,#5068,#5069));
#1450=EDGE_LOOP('',(#5070,#5071,#5072,#5073));
#1451=EDGE_LOOP('',(#5074,#5075,#5076,#5077));
#1452=EDGE_LOOP('',(#5078,#5079,#5080,#5081));
#1453=EDGE_LOOP('',(#5082,#5083,#5084,#5085));
#1454=EDGE_LOOP('',(#5086,#5087,#5088,#5089));
#1455=EDGE_LOOP('',(#5090,#5091,#5092,#5093,#5094,#5095,#5096,#5097,#5098));
#1456=EDGE_LOOP('',(#5099,#5100,#5101,#5102,#5103,#5104,#5105,#5106,#5107));
#1457=EDGE_LOOP('',(#5108,#5109,#5110,#5111,#5112,#5113,#5114,#5115,#5116));
#1458=EDGE_LOOP('',(#5117,#5118,#5119,#5120,#5121,#5122,#5123,#5124,#5125));
#1459=EDGE_LOOP('',(#5126,#5127,#5128,#5129,#5130,#5131,#5132,#5133,#5134));
#1460=EDGE_LOOP('',(#5135,#5136,#5137,#5138,#5139,#5140,#5141,#5142,#5143));
#1461=EDGE_LOOP('',(#5144,#5145,#5146,#5147,#5148,#5149,#5150,#5151,#5152,
#5153,#5154,#5155,#5156,#5157));
#1462=EDGE_LOOP('',(#5158,#5159,#5160,#5161));
#1463=EDGE_LOOP('',(#5162,#5163,#5164,#5165));
#1464=EDGE_LOOP('',(#5166,#5167,#5168,#5169));
#1465=EDGE_LOOP('',(#5170,#5171,#5172,#5173));
#1466=EDGE_LOOP('',(#5174,#5175,#5176,#5177));
#1467=EDGE_LOOP('',(#5178,#5179,#5180,#5181,#5182,#5183,#5184,#5185,#5186,
#5187,#5188,#5189,#5190,#5191,#5192,#5193,#5194,#5195,#5196,#5197,#5198,
#5199,#5200,#5201,#5202,#5203,#5204,#5205,#5206,#5207,#5208,#5209,#5210,
#5211,#5212,#5213,#5214,#5215,#5216,#5217,#5218,#5219,#5220,#5221,#5222,
#5223,#5224,#5225,#5226,#5227,#5228,#5229,#5230,#5231,#5232,#5233,#5234,
#5235,#5236,#5237,#5238,#5239,#5240,#5241,#5242,#5243,#5244,#5245,#5246,
#5247,#5248,#5249,#5250,#5251,#5252,#5253,#5254,#5255,#5256,#5257,#5258,
#5259,#5260,#5261,#5262,#5263,#5264,#5265,#5266,#5267,#5268,#5269,#5270,
#5271,#5272,#5273,#5274,#5275,#5276,#5277,#5278,#5279,#5280,#5281,#5282,
#5283,#5284,#5285,#5286,#5287,#5288,#5289,#5290,#5291,#5292,#5293,#5294,
#5295,#5296,#5297,#5298,#5299,#5300,#5301,#5302,#5303,#5304,#5305,#5306,
#5307,#5308,#5309,#5310,#5311,#5312,#5313,#5314,#5315,#5316,#5317,#5318,
#5319,#5320,#5321,#5322,#5323,#5324,#5325,#5326,#5327,#5328,#5329,#5330,
#5331,#5332,#5333,#5334,#5335,#5336,#5337,#5338,#5339,#5340,#5341,#5342,
#5343,#5344,#5345,#5346,#5347,#5348,#5349,#5350,#5351,#5352,#5353,#5354,
#5355,#5356,#5357,#5358,#5359,#5360,#5361));
#1468=EDGE_LOOP('',(#5362,#5363,#5364,#5365));
#1469=EDGE_LOOP('',(#5366,#5367,#5368,#5369));
#1470=EDGE_LOOP('',(#5370,#5371,#5372,#5373,#5374,#5375,#5376,#5377,#5378,
#5379,#5380,#5381,#5382,#5383));
#1471=EDGE_LOOP('',(#5384,#5385,#5386,#5387));
#1472=EDGE_LOOP('',(#5388,#5389,#5390,#5391));
#1473=EDGE_LOOP('',(#5392,#5393,#5394,#5395));
#1474=EDGE_LOOP('',(#5396,#5397,#5398,#5399));
#1475=EDGE_LOOP('',(#5400,#5401,#5402,#5403));
#1476=EDGE_LOOP('',(#5404,#5405,#5406,#5407));
#1477=EDGE_LOOP('',(#5408,#5409,#5410,#5411,#5412,#5413,#5414,#5415,#5416,
#5417,#5418,#5419,#5420,#5421));
#1478=EDGE_LOOP('',(#5422,#5423,#5424,#5425));
#1479=EDGE_LOOP('',(#5426,#5427,#5428,#5429));
#1480=EDGE_LOOP('',(#5430,#5431,#5432,#5433));
#1481=EDGE_LOOP('',(#5434,#5435));
#1482=EDGE_LOOP('',(#5436,#5437,#5438,#5439,#5440,#5441,#5442,#5443,#5444,
#5445,#5446,#5447,#5448,#5449,#5450,#5451,#5452,#5453,#5454,#5455,#5456,
#5457,#5458,#5459,#5460));
#1483=EDGE_LOOP('',(#5461,#5462,#5463,#5464,#5465,#5466,#5467,#5468,#5469,
#5470,#5471,#5472,#5473,#5474,#5475,#5476,#5477,#5478,#5479,#5480,#5481,
#5482,#5483,#5484,#5485,#5486,#5487,#5488,#5489));
#1484=EDGE_LOOP('',(#5490,#5491,#5492,#5493));
#1485=EDGE_LOOP('',(#5494,#5495,#5496,#5497));
#1486=EDGE_LOOP('',(#5498,#5499,#5500,#5501));
#1487=EDGE_LOOP('',(#5502,#5503,#5504,#5505));
#1488=EDGE_LOOP('',(#5506,#5507,#5508,#5509));
#1489=EDGE_LOOP('',(#5510,#5511,#5512,#5513));
#1490=EDGE_LOOP('',(#5514,#5515,#5516,#5517));
#1491=EDGE_LOOP('',(#5518,#5519,#5520,#5521));
#1492=EDGE_LOOP('',(#5522,#5523,#5524,#5525));
#1493=EDGE_LOOP('',(#5526,#5527,#5528,#5529));
#1494=EDGE_LOOP('',(#5530,#5531,#5532,#5533));
#1495=EDGE_LOOP('',(#5534,#5535,#5536,#5537));
#1496=EDGE_LOOP('',(#5538,#5539,#5540,#5541));
#1497=EDGE_LOOP('',(#5542,#5543,#5544,#5545));
#1498=EDGE_LOOP('',(#5546,#5547,#5548,#5549));
#1499=EDGE_LOOP('',(#5550,#5551,#5552,#5553,#5554,#5555,#5556,#5557,#5558,
#5559,#5560,#5561,#5562,#5563,#5564,#5565,#5566,#5567,#5568,#5569,#5570,
#5571,#5572,#5573,#5574,#5575,#5576,#5577,#5578,#5579,#5580,#5581,#5582,
#5583,#5584,#5585,#5586,#5587,#5588,#5589,#5590,#5591,#5592,#5593,#5594,
#5595,#5596,#5597));
#1500=EDGE_LOOP('',(#5598,#5599));
#1501=EDGE_LOOP('',(#5600,#5601));
#1502=EDGE_LOOP('',(#5602,#5603));
#1503=EDGE_LOOP('',(#5604,#5605));
#1504=EDGE_LOOP('',(#5606,#5607));
#1505=EDGE_LOOP('',(#5608,#5609,#5610,#5611,#5612,#5613,#5614,#5615,#5616,
#5617,#5618,#5619,#5620,#5621,#5622,#5623,#5624,#5625,#5626,#5627,#5628,
#5629,#5630,#5631,#5632,#5633,#5634,#5635,#5636));
#1506=EDGE_LOOP('',(#5637,#5638));
#1507=EDGE_LOOP('',(#5639,#5640));
#1508=EDGE_LOOP('',(#5641,#5642,#5643,#5644,#5645,#5646,#5647,#5648,#5649));
#1509=EDGE_LOOP('',(#5650,#5651,#5652,#5653));
#1510=EDGE_LOOP('',(#5654,#5655,#5656,#5657));
#1511=EDGE_LOOP('',(#5658,#5659,#5660,#5661,#5662,#5663,#5664,#5665));
#1512=EDGE_LOOP('',(#5666,#5667,#5668,#5669));
#1513=EDGE_LOOP('',(#5670,#5671,#5672,#5673));
#1514=EDGE_LOOP('',(#5674,#5675,#5676,#5677));
#1515=EDGE_LOOP('',(#5678,#5679,#5680,#5681));
#1516=EDGE_LOOP('',(#5682,#5683,#5684,#5685,#5686,#5687));
#1517=EDGE_LOOP('',(#5688,#5689));
#1518=EDGE_LOOP('',(#5690,#5691));
#1519=LINE('',#8566,#1945);
#1520=LINE('',#8644,#1946);
#1521=LINE('',#8686,#1947);
#1522=LINE('',#8692,#1948);
#1523=LINE('',#8707,#1949);
#1524=LINE('',#8714,#1950);
#1525=LINE('',#8720,#1951);
#1526=LINE('',#8728,#1952);
#1527=LINE('',#8734,#1953);
#1528=LINE('',#8742,#1954);
#1529=LINE('',#8748,#1955);
#1530=LINE('',#8756,#1956);
#1531=LINE('',#8762,#1957);
#1532=LINE('',#8769,#1958);
#1533=LINE('',#8772,#1959);
#1534=LINE('',#8775,#1960);
#1535=LINE('',#8777,#1961);
#1536=LINE('',#8778,#1962);
#1537=LINE('',#8781,#1963);
#1538=LINE('',#8783,#1964);
#1539=LINE('',#8784,#1965);
#1540=LINE('',#8790,#1966);
#1541=LINE('',#8793,#1967);
#1542=LINE('',#8796,#1968);
#1543=LINE('',#8798,#1969);
#1544=LINE('',#8799,#1970);
#1545=LINE('',#8802,#1971);
#1546=LINE('',#8804,#1972);
#1547=LINE('',#8805,#1973);
#1548=LINE('',#8811,#1974);
#1549=LINE('',#8814,#1975);
#1550=LINE('',#8817,#1976);
#1551=LINE('',#8819,#1977);
#1552=LINE('',#8820,#1978);
#1553=LINE('',#8823,#1979);
#1554=LINE('',#8825,#1980);
#1555=LINE('',#8826,#1981);
#1556=LINE('',#8832,#1982);
#1557=LINE('',#8835,#1983);
#1558=LINE('',#8838,#1984);
#1559=LINE('',#8840,#1985);
#1560=LINE('',#8841,#1986);
#1561=LINE('',#8844,#1987);
#1562=LINE('',#8846,#1988);
#1563=LINE('',#8847,#1989);
#1564=LINE('',#8853,#1990);
#1565=LINE('',#8856,#1991);
#1566=LINE('',#8859,#1992);
#1567=LINE('',#8861,#1993);
#1568=LINE('',#8862,#1994);
#1569=LINE('',#8865,#1995);
#1570=LINE('',#8867,#1996);
#1571=LINE('',#8868,#1997);
#1572=LINE('',#8874,#1998);
#1573=LINE('',#8877,#1999);
#1574=LINE('',#8880,#2000);
#1575=LINE('',#8882,#2001);
#1576=LINE('',#8883,#2002);
#1577=LINE('',#8886,#2003);
#1578=LINE('',#8888,#2004);
#1579=LINE('',#8889,#2005);
#1580=LINE('',#8895,#2006);
#1581=LINE('',#8898,#2007);
#1582=LINE('',#8901,#2008);
#1583=LINE('',#8903,#2009);
#1584=LINE('',#8904,#2010);
#1585=LINE('',#8907,#2011);
#1586=LINE('',#8909,#2012);
#1587=LINE('',#8910,#2013);
#1588=LINE('',#8916,#2014);
#1589=LINE('',#8919,#2015);
#1590=LINE('',#8922,#2016);
#1591=LINE('',#8924,#2017);
#1592=LINE('',#8925,#2018);
#1593=LINE('',#8928,#2019);
#1594=LINE('',#8930,#2020);
#1595=LINE('',#8931,#2021);
#1596=LINE('',#8937,#2022);
#1597=LINE('',#8940,#2023);
#1598=LINE('',#8943,#2024);
#1599=LINE('',#8945,#2025);
#1600=LINE('',#8946,#2026);
#1601=LINE('',#8949,#2027);
#1602=LINE('',#8951,#2028);
#1603=LINE('',#8952,#2029);
#1604=LINE('',#8958,#2030);
#1605=LINE('',#8961,#2031);
#1606=LINE('',#8964,#2032);
#1607=LINE('',#8966,#2033);
#1608=LINE('',#8967,#2034);
#1609=LINE('',#8970,#2035);
#1610=LINE('',#8972,#2036);
#1611=LINE('',#8973,#2037);
#1612=LINE('',#8979,#2038);
#1613=LINE('',#8982,#2039);
#1614=LINE('',#8985,#2040);
#1615=LINE('',#8987,#2041);
#1616=LINE('',#8988,#2042);
#1617=LINE('',#8991,#2043);
#1618=LINE('',#8993,#2044);
#1619=LINE('',#8994,#2045);
#1620=LINE('',#9000,#2046);
#1621=LINE('',#9003,#2047);
#1622=LINE('',#9006,#2048);
#1623=LINE('',#9008,#2049);
#1624=LINE('',#9009,#2050);
#1625=LINE('',#9012,#2051);
#1626=LINE('',#9014,#2052);
#1627=LINE('',#9015,#2053);
#1628=LINE('',#9021,#2054);
#1629=LINE('',#9024,#2055);
#1630=LINE('',#9027,#2056);
#1631=LINE('',#9029,#2057);
#1632=LINE('',#9030,#2058);
#1633=LINE('',#9033,#2059);
#1634=LINE('',#9035,#2060);
#1635=LINE('',#9036,#2061);
#1636=LINE('',#9042,#2062);
#1637=LINE('',#9045,#2063);
#1638=LINE('',#9048,#2064);
#1639=LINE('',#9050,#2065);
#1640=LINE('',#9051,#2066);
#1641=LINE('',#9054,#2067);
#1642=LINE('',#9056,#2068);
#1643=LINE('',#9057,#2069);
#1644=LINE('',#9063,#2070);
#1645=LINE('',#9066,#2071);
#1646=LINE('',#9069,#2072);
#1647=LINE('',#9071,#2073);
#1648=LINE('',#9072,#2074);
#1649=LINE('',#9075,#2075);
#1650=LINE('',#9077,#2076);
#1651=LINE('',#9078,#2077);
#1652=LINE('',#9084,#2078);
#1653=LINE('',#9087,#2079);
#1654=LINE('',#9090,#2080);
#1655=LINE('',#9092,#2081);
#1656=LINE('',#9093,#2082);
#1657=LINE('',#9096,#2083);
#1658=LINE('',#9098,#2084);
#1659=LINE('',#9099,#2085);
#1660=LINE('',#9105,#2086);
#1661=LINE('',#9108,#2087);
#1662=LINE('',#9111,#2088);
#1663=LINE('',#9113,#2089);
#1664=LINE('',#9114,#2090);
#1665=LINE('',#9117,#2091);
#1666=LINE('',#9119,#2092);
#1667=LINE('',#9120,#2093);
#1668=LINE('',#9126,#2094);
#1669=LINE('',#9129,#2095);
#1670=LINE('',#9132,#2096);
#1671=LINE('',#9134,#2097);
#1672=LINE('',#9135,#2098);
#1673=LINE('',#9138,#2099);
#1674=LINE('',#9140,#2100);
#1675=LINE('',#9141,#2101);
#1676=LINE('',#9147,#2102);
#1677=LINE('',#9150,#2103);
#1678=LINE('',#9153,#2104);
#1679=LINE('',#9155,#2105);
#1680=LINE('',#9156,#2106);
#1681=LINE('',#9159,#2107);
#1682=LINE('',#9161,#2108);
#1683=LINE('',#9162,#2109);
#1684=LINE('',#9168,#2110);
#1685=LINE('',#9171,#2111);
#1686=LINE('',#9174,#2112);
#1687=LINE('',#9176,#2113);
#1688=LINE('',#9177,#2114);
#1689=LINE('',#9180,#2115);
#1690=LINE('',#9182,#2116);
#1691=LINE('',#9183,#2117);
#1692=LINE('',#9189,#2118);
#1693=LINE('',#9192,#2119);
#1694=LINE('',#9195,#2120);
#1695=LINE('',#9197,#2121);
#1696=LINE('',#9198,#2122);
#1697=LINE('',#9201,#2123);
#1698=LINE('',#9203,#2124);
#1699=LINE('',#9204,#2125);
#1700=LINE('',#9210,#2126);
#1701=LINE('',#9213,#2127);
#1702=LINE('',#9216,#2128);
#1703=LINE('',#9218,#2129);
#1704=LINE('',#9219,#2130);
#1705=LINE('',#9222,#2131);
#1706=LINE('',#9224,#2132);
#1707=LINE('',#9225,#2133);
#1708=LINE('',#9231,#2134);
#1709=LINE('',#9234,#2135);
#1710=LINE('',#9237,#2136);
#1711=LINE('',#9239,#2137);
#1712=LINE('',#9240,#2138);
#1713=LINE('',#9243,#2139);
#1714=LINE('',#9245,#2140);
#1715=LINE('',#9246,#2141);
#1716=LINE('',#9252,#2142);
#1717=LINE('',#9255,#2143);
#1718=LINE('',#9258,#2144);
#1719=LINE('',#9260,#2145);
#1720=LINE('',#9261,#2146);
#1721=LINE('',#9264,#2147);
#1722=LINE('',#9266,#2148);
#1723=LINE('',#9267,#2149);
#1724=LINE('',#9273,#2150);
#1725=LINE('',#9276,#2151);
#1726=LINE('',#9279,#2152);
#1727=LINE('',#9281,#2153);
#1728=LINE('',#9282,#2154);
#1729=LINE('',#9285,#2155);
#1730=LINE('',#9287,#2156);
#1731=LINE('',#9288,#2157);
#1732=LINE('',#9294,#2158);
#1733=LINE('',#9297,#2159);
#1734=LINE('',#9300,#2160);
#1735=LINE('',#9302,#2161);
#1736=LINE('',#9303,#2162);
#1737=LINE('',#9306,#2163);
#1738=LINE('',#9308,#2164);
#1739=LINE('',#9309,#2165);
#1740=LINE('',#9315,#2166);
#1741=LINE('',#9318,#2167);
#1742=LINE('',#9321,#2168);
#1743=LINE('',#9323,#2169);
#1744=LINE('',#9324,#2170);
#1745=LINE('',#9327,#2171);
#1746=LINE('',#9329,#2172);
#1747=LINE('',#9330,#2173);
#1748=LINE('',#9336,#2174);
#1749=LINE('',#9339,#2175);
#1750=LINE('',#9342,#2176);
#1751=LINE('',#9344,#2177);
#1752=LINE('',#9345,#2178);
#1753=LINE('',#9348,#2179);
#1754=LINE('',#9350,#2180);
#1755=LINE('',#9351,#2181);
#1756=LINE('',#9357,#2182);
#1757=LINE('',#9360,#2183);
#1758=LINE('',#9363,#2184);
#1759=LINE('',#9365,#2185);
#1760=LINE('',#9366,#2186);
#1761=LINE('',#9369,#2187);
#1762=LINE('',#9371,#2188);
#1763=LINE('',#9372,#2189);
#1764=LINE('',#9378,#2190);
#1765=LINE('',#9381,#2191);
#1766=LINE('',#9384,#2192);
#1767=LINE('',#9386,#2193);
#1768=LINE('',#9387,#2194);
#1769=LINE('',#9390,#2195);
#1770=LINE('',#9392,#2196);
#1771=LINE('',#9393,#2197);
#1772=LINE('',#9399,#2198);
#1773=LINE('',#9402,#2199);
#1774=LINE('',#9405,#2200);
#1775=LINE('',#9407,#2201);
#1776=LINE('',#9408,#2202);
#1777=LINE('',#9411,#2203);
#1778=LINE('',#9413,#2204);
#1779=LINE('',#9414,#2205);
#1780=LINE('',#9420,#2206);
#1781=LINE('',#9423,#2207);
#1782=LINE('',#9426,#2208);
#1783=LINE('',#9428,#2209);
#1784=LINE('',#9429,#2210);
#1785=LINE('',#9432,#2211);
#1786=LINE('',#9434,#2212);
#1787=LINE('',#9435,#2213);
#1788=LINE('',#9441,#2214);
#1789=LINE('',#9444,#2215);
#1790=LINE('',#9447,#2216);
#1791=LINE('',#9449,#2217);
#1792=LINE('',#9450,#2218);
#1793=LINE('',#9453,#2219);
#1794=LINE('',#9455,#2220);
#1795=LINE('',#9456,#2221);
#1796=LINE('',#9462,#2222);
#1797=LINE('',#9465,#2223);
#1798=LINE('',#9468,#2224);
#1799=LINE('',#9470,#2225);
#1800=LINE('',#9471,#2226);
#1801=LINE('',#9474,#2227);
#1802=LINE('',#9476,#2228);
#1803=LINE('',#9477,#2229);
#1804=LINE('',#9483,#2230);
#1805=LINE('',#9486,#2231);
#1806=LINE('',#9489,#2232);
#1807=LINE('',#9491,#2233);
#1808=LINE('',#9492,#2234);
#1809=LINE('',#9495,#2235);
#1810=LINE('',#9497,#2236);
#1811=LINE('',#9498,#2237);
#1812=LINE('',#9504,#2238);
#1813=LINE('',#9507,#2239);
#1814=LINE('',#9510,#2240);
#1815=LINE('',#9512,#2241);
#1816=LINE('',#9513,#2242);
#1817=LINE('',#9516,#2243);
#1818=LINE('',#9518,#2244);
#1819=LINE('',#9519,#2245);
#1820=LINE('',#9525,#2246);
#1821=LINE('',#9528,#2247);
#1822=LINE('',#9531,#2248);
#1823=LINE('',#9533,#2249);
#1824=LINE('',#9534,#2250);
#1825=LINE('',#9537,#2251);
#1826=LINE('',#9539,#2252);
#1827=LINE('',#9540,#2253);
#1828=LINE('',#9546,#2254);
#1829=LINE('',#9549,#2255);
#1830=LINE('',#9552,#2256);
#1831=LINE('',#9554,#2257);
#1832=LINE('',#9555,#2258);
#1833=LINE('',#9558,#2259);
#1834=LINE('',#9560,#2260);
#1835=LINE('',#9561,#2261);
#1836=LINE('',#9566,#2262);
#1837=LINE('',#9570,#2263);
#1838=LINE('',#9606,#2264);
#1839=LINE('',#9610,#2265);
#1840=LINE('',#9614,#2266);
#1841=LINE('',#9618,#2267);
#1842=LINE('',#9622,#2268);
#1843=LINE('',#9626,#2269);
#1844=LINE('',#9630,#2270);
#1845=LINE('',#9634,#2271);
#1846=LINE('',#9638,#2272);
#1847=LINE('',#9642,#2273);
#1848=LINE('',#9646,#2274);
#1849=LINE('',#9650,#2275);
#1850=LINE('',#9654,#2276);
#1851=LINE('',#9658,#2277);
#1852=LINE('',#9662,#2278);
#1853=LINE('',#9666,#2279);
#1854=LINE('',#9670,#2280);
#1855=LINE('',#9674,#2281);
#1856=LINE('',#9678,#2282);
#1857=LINE('',#9682,#2283);
#1858=LINE('',#9686,#2284);
#1859=LINE('',#9690,#2285);
#1860=LINE('',#9694,#2286);
#1861=LINE('',#9698,#2287);
#1862=LINE('',#9702,#2288);
#1863=LINE('',#9713,#2289);
#1864=LINE('',#9716,#2290);
#1865=LINE('',#9802,#2291);
#1866=LINE('',#9813,#2292);
#1867=LINE('',#9821,#2293);
#1868=LINE('',#9832,#2294);
#1869=LINE('',#9838,#2295);
#1870=LINE('',#9849,#2296);
#1871=LINE('',#9855,#2297);
#1872=LINE('',#9866,#2298);
#1873=LINE('',#9872,#2299);
#1874=LINE('',#9883,#2300);
#1875=LINE('',#9886,#2301);
#1876=LINE('',#9889,#2302);
#1877=LINE('',#9891,#2303);
#1878=LINE('',#9893,#2304);
#1879=LINE('',#9897,#2305);
#1880=LINE('',#9901,#2306);
#1881=LINE('',#9906,#2307);
#1882=LINE('',#9910,#2308);
#1883=LINE('',#9915,#2309);
#1884=LINE('',#9919,#2310);
#1885=LINE('',#9924,#2311);
#1886=LINE('',#9928,#2312);
#1887=LINE('',#9933,#2313);
#1888=LINE('',#9937,#2314);
#1889=LINE('',#9942,#2315);
#1890=LINE('',#9946,#2316);
#1891=LINE('',#9951,#2317);
#1892=LINE('',#9955,#2318);
#1893=LINE('',#9960,#2319);
#1894=LINE('',#9964,#2320);
#1895=LINE('',#9969,#2321);
#1896=LINE('',#9973,#2322);
#1897=LINE('',#9978,#2323);
#1898=LINE('',#9982,#2324);
#1899=LINE('',#9987,#2325);
#1900=LINE('',#9993,#2326);
#1901=LINE('',#10066,#2327);
#1902=LINE('',#10070,#2328);
#1903=LINE('',#10093,#2329);
#1904=LINE('',#10179,#2330);
#1905=LINE('',#10209,#2331);
#1906=LINE('',#10298,#2332);
#1907=LINE('',#10331,#2333);
#1908=LINE('',#10458,#2334);
#1909=LINE('',#10489,#2335);
#1910=LINE('',#10520,#2336);
#1911=LINE('',#10551,#2337);
#1912=LINE('',#10583,#2338);
#1913=LINE('',#10616,#2339);
#1914=LINE('',#10685,#2340);
#1915=LINE('',#10686,#2341);
#1916=LINE('',#10689,#2342);
#1917=LINE('',#10690,#2343);
#1918=LINE('',#10700,#2344);
#1919=LINE('',#10771,#2345);
#1920=LINE('',#10772,#2346);
#1921=LINE('',#10775,#2347);
#1922=LINE('',#10776,#2348);
#1923=LINE('',#10841,#2349);
#1924=LINE('',#10842,#2350);
#1925=LINE('',#10845,#2351);
#1926=LINE('',#10846,#2352);
#1927=LINE('',#10854,#2353);
#1928=LINE('',#10870,#2354);
#1929=LINE('',#10871,#2355);
#1930=LINE('',#10874,#2356);
#1931=LINE('',#10875,#2357);
#1932=LINE('',#10884,#2358);
#1933=LINE('',#10886,#2359);
#1934=LINE('',#10887,#2360);
#1935=LINE('',#10890,#2361);
#1936=LINE('',#10892,#2362);
#1937=LINE('',#10893,#2363);
#1938=LINE('',#10904,#2364);
#1939=LINE('',#10911,#2365);
#1940=LINE('',#10923,#2366);
#1941=LINE('',#10924,#2367);
#1942=LINE('',#10925,#2368);
#1943=LINE('',#10940,#2369);
#1944=LINE('',#10961,#2370);
#1945=VECTOR('',#6723,1.2295);
#1946=VECTOR('',#6726,1.2295);
#1947=VECTOR('',#6731,9.5);
#1948=VECTOR('',#6738,10.5);
#1949=VECTOR('',#6757,7.5);
#1950=VECTOR('',#6764,2.5335);
#1951=VECTOR('',#6771,2.067);
#1952=VECTOR('',#6780,2.5335);
#1953=VECTOR('',#6787,2.067);
#1954=VECTOR('',#6796,2.5335);
#1955=VECTOR('',#6803,2.067);
#1956=VECTOR('',#6812,2.5335);
#1957=VECTOR('',#6819,2.067);
#1958=VECTOR('',#6826,10.);
#1959=VECTOR('',#6829,10.);
#1960=VECTOR('',#6832,10.);
#1961=VECTOR('',#6833,10.);
#1962=VECTOR('',#6834,10.);
#1963=VECTOR('',#6837,10.);
#1964=VECTOR('',#6838,10.);
#1965=VECTOR('',#6839,10.);
#1966=VECTOR('',#6844,10.);
#1967=VECTOR('',#6847,10.);
#1968=VECTOR('',#6850,10.);
#1969=VECTOR('',#6851,10.);
#1970=VECTOR('',#6852,10.);
#1971=VECTOR('',#6855,10.);
#1972=VECTOR('',#6856,10.);
#1973=VECTOR('',#6857,10.);
#1974=VECTOR('',#6862,10.);
#1975=VECTOR('',#6865,10.);
#1976=VECTOR('',#6868,10.);
#1977=VECTOR('',#6869,10.);
#1978=VECTOR('',#6870,10.);
#1979=VECTOR('',#6873,10.);
#1980=VECTOR('',#6874,10.);
#1981=VECTOR('',#6875,10.);
#1982=VECTOR('',#6880,10.);
#1983=VECTOR('',#6883,10.);
#1984=VECTOR('',#6886,10.);
#1985=VECTOR('',#6887,10.);
#1986=VECTOR('',#6888,10.);
#1987=VECTOR('',#6891,10.);
#1988=VECTOR('',#6892,10.);
#1989=VECTOR('',#6893,10.);
#1990=VECTOR('',#6898,10.);
#1991=VECTOR('',#6901,10.);
#1992=VECTOR('',#6904,10.);
#1993=VECTOR('',#6905,10.);
#1994=VECTOR('',#6906,10.);
#1995=VECTOR('',#6909,10.);
#1996=VECTOR('',#6910,10.);
#1997=VECTOR('',#6911,10.);
#1998=VECTOR('',#6916,10.);
#1999=VECTOR('',#6919,10.);
#2000=VECTOR('',#6922,10.);
#2001=VECTOR('',#6923,10.);
#2002=VECTOR('',#6924,10.);
#2003=VECTOR('',#6927,10.);
#2004=VECTOR('',#6928,10.);
#2005=VECTOR('',#6929,10.);
#2006=VECTOR('',#6934,10.);
#2007=VECTOR('',#6937,10.);
#2008=VECTOR('',#6940,10.);
#2009=VECTOR('',#6941,10.);
#2010=VECTOR('',#6942,10.);
#2011=VECTOR('',#6945,10.);
#2012=VECTOR('',#6946,10.);
#2013=VECTOR('',#6947,10.);
#2014=VECTOR('',#6952,10.);
#2015=VECTOR('',#6955,10.);
#2016=VECTOR('',#6958,10.);
#2017=VECTOR('',#6959,10.);
#2018=VECTOR('',#6960,10.);
#2019=VECTOR('',#6963,10.);
#2020=VECTOR('',#6964,10.);
#2021=VECTOR('',#6965,10.);
#2022=VECTOR('',#6970,10.);
#2023=VECTOR('',#6973,10.);
#2024=VECTOR('',#6976,10.);
#2025=VECTOR('',#6977,10.);
#2026=VECTOR('',#6978,10.);
#2027=VECTOR('',#6981,10.);
#2028=VECTOR('',#6982,10.);
#2029=VECTOR('',#6983,10.);
#2030=VECTOR('',#6988,10.);
#2031=VECTOR('',#6991,10.);
#2032=VECTOR('',#6994,10.);
#2033=VECTOR('',#6995,10.);
#2034=VECTOR('',#6996,10.);
#2035=VECTOR('',#6999,10.);
#2036=VECTOR('',#7000,10.);
#2037=VECTOR('',#7001,10.);
#2038=VECTOR('',#7006,10.);
#2039=VECTOR('',#7009,10.);
#2040=VECTOR('',#7012,10.);
#2041=VECTOR('',#7013,10.);
#2042=VECTOR('',#7014,10.);
#2043=VECTOR('',#7017,10.);
#2044=VECTOR('',#7018,10.);
#2045=VECTOR('',#7019,10.);
#2046=VECTOR('',#7024,10.);
#2047=VECTOR('',#7027,10.);
#2048=VECTOR('',#7030,10.);
#2049=VECTOR('',#7031,10.);
#2050=VECTOR('',#7032,10.);
#2051=VECTOR('',#7035,10.);
#2052=VECTOR('',#7036,10.);
#2053=VECTOR('',#7037,10.);
#2054=VECTOR('',#7042,10.);
#2055=VECTOR('',#7045,10.);
#2056=VECTOR('',#7048,10.);
#2057=VECTOR('',#7049,10.);
#2058=VECTOR('',#7050,10.);
#2059=VECTOR('',#7053,10.);
#2060=VECTOR('',#7054,10.);
#2061=VECTOR('',#7055,10.);
#2062=VECTOR('',#7060,10.);
#2063=VECTOR('',#7063,10.);
#2064=VECTOR('',#7066,10.);
#2065=VECTOR('',#7067,10.);
#2066=VECTOR('',#7068,10.);
#2067=VECTOR('',#7071,10.);
#2068=VECTOR('',#7072,10.);
#2069=VECTOR('',#7073,10.);
#2070=VECTOR('',#7078,10.);
#2071=VECTOR('',#7081,10.);
#2072=VECTOR('',#7084,10.);
#2073=VECTOR('',#7085,10.);
#2074=VECTOR('',#7086,10.);
#2075=VECTOR('',#7089,10.);
#2076=VECTOR('',#7090,10.);
#2077=VECTOR('',#7091,10.);
#2078=VECTOR('',#7096,10.);
#2079=VECTOR('',#7099,10.);
#2080=VECTOR('',#7102,10.);
#2081=VECTOR('',#7103,10.);
#2082=VECTOR('',#7104,10.);
#2083=VECTOR('',#7107,10.);
#2084=VECTOR('',#7108,10.);
#2085=VECTOR('',#7109,10.);
#2086=VECTOR('',#7114,10.);
#2087=VECTOR('',#7117,10.);
#2088=VECTOR('',#7120,10.);
#2089=VECTOR('',#7121,10.);
#2090=VECTOR('',#7122,10.);
#2091=VECTOR('',#7125,10.);
#2092=VECTOR('',#7126,10.);
#2093=VECTOR('',#7127,10.);
#2094=VECTOR('',#7132,10.);
#2095=VECTOR('',#7135,10.);
#2096=VECTOR('',#7138,10.);
#2097=VECTOR('',#7139,10.);
#2098=VECTOR('',#7140,10.);
#2099=VECTOR('',#7143,10.);
#2100=VECTOR('',#7144,10.);
#2101=VECTOR('',#7145,10.);
#2102=VECTOR('',#7150,10.);
#2103=VECTOR('',#7153,10.);
#2104=VECTOR('',#7156,10.);
#2105=VECTOR('',#7157,10.);
#2106=VECTOR('',#7158,10.);
#2107=VECTOR('',#7161,10.);
#2108=VECTOR('',#7162,10.);
#2109=VECTOR('',#7163,10.);
#2110=VECTOR('',#7168,10.);
#2111=VECTOR('',#7171,10.);
#2112=VECTOR('',#7174,10.);
#2113=VECTOR('',#7175,10.);
#2114=VECTOR('',#7176,10.);
#2115=VECTOR('',#7179,10.);
#2116=VECTOR('',#7180,10.);
#2117=VECTOR('',#7181,10.);
#2118=VECTOR('',#7186,10.);
#2119=VECTOR('',#7189,10.);
#2120=VECTOR('',#7192,10.);
#2121=VECTOR('',#7193,10.);
#2122=VECTOR('',#7194,10.);
#2123=VECTOR('',#7197,10.);
#2124=VECTOR('',#7198,10.);
#2125=VECTOR('',#7199,10.);
#2126=VECTOR('',#7204,10.);
#2127=VECTOR('',#7207,10.);
#2128=VECTOR('',#7210,10.);
#2129=VECTOR('',#7211,10.);
#2130=VECTOR('',#7212,10.);
#2131=VECTOR('',#7215,10.);
#2132=VECTOR('',#7216,10.);
#2133=VECTOR('',#7217,10.);
#2134=VECTOR('',#7222,10.);
#2135=VECTOR('',#7225,10.);
#2136=VECTOR('',#7228,10.);
#2137=VECTOR('',#7229,10.);
#2138=VECTOR('',#7230,10.);
#2139=VECTOR('',#7233,10.);
#2140=VECTOR('',#7234,10.);
#2141=VECTOR('',#7235,10.);
#2142=VECTOR('',#7240,10.);
#2143=VECTOR('',#7243,10.);
#2144=VECTOR('',#7246,10.);
#2145=VECTOR('',#7247,10.);
#2146=VECTOR('',#7248,10.);
#2147=VECTOR('',#7251,10.);
#2148=VECTOR('',#7252,10.);
#2149=VECTOR('',#7253,10.);
#2150=VECTOR('',#7258,10.);
#2151=VECTOR('',#7261,10.);
#2152=VECTOR('',#7264,10.);
#2153=VECTOR('',#7265,10.);
#2154=VECTOR('',#7266,10.);
#2155=VECTOR('',#7269,10.);
#2156=VECTOR('',#7270,10.);
#2157=VECTOR('',#7271,10.);
#2158=VECTOR('',#7276,10.);
#2159=VECTOR('',#7279,10.);
#2160=VECTOR('',#7282,10.);
#2161=VECTOR('',#7283,10.);
#2162=VECTOR('',#7284,10.);
#2163=VECTOR('',#7287,10.);
#2164=VECTOR('',#7288,10.);
#2165=VECTOR('',#7289,10.);
#2166=VECTOR('',#7294,10.);
#2167=VECTOR('',#7297,10.);
#2168=VECTOR('',#7300,10.);
#2169=VECTOR('',#7301,10.);
#2170=VECTOR('',#7302,10.);
#2171=VECTOR('',#7305,10.);
#2172=VECTOR('',#7306,10.);
#2173=VECTOR('',#7307,10.);
#2174=VECTOR('',#7312,10.);
#2175=VECTOR('',#7315,10.);
#2176=VECTOR('',#7318,10.);
#2177=VECTOR('',#7319,10.);
#2178=VECTOR('',#7320,10.);
#2179=VECTOR('',#7323,10.);
#2180=VECTOR('',#7324,10.);
#2181=VECTOR('',#7325,10.);
#2182=VECTOR('',#7330,10.);
#2183=VECTOR('',#7333,10.);
#2184=VECTOR('',#7336,10.);
#2185=VECTOR('',#7337,10.);
#2186=VECTOR('',#7338,10.);
#2187=VECTOR('',#7341,10.);
#2188=VECTOR('',#7342,10.);
#2189=VECTOR('',#7343,10.);
#2190=VECTOR('',#7348,10.);
#2191=VECTOR('',#7351,10.);
#2192=VECTOR('',#7354,10.);
#2193=VECTOR('',#7355,10.);
#2194=VECTOR('',#7356,10.);
#2195=VECTOR('',#7359,10.);
#2196=VECTOR('',#7360,10.);
#2197=VECTOR('',#7361,10.);
#2198=VECTOR('',#7366,10.);
#2199=VECTOR('',#7369,10.);
#2200=VECTOR('',#7372,10.);
#2201=VECTOR('',#7373,10.);
#2202=VECTOR('',#7374,10.);
#2203=VECTOR('',#7377,10.);
#2204=VECTOR('',#7378,10.);
#2205=VECTOR('',#7379,10.);
#2206=VECTOR('',#7384,10.);
#2207=VECTOR('',#7387,10.);
#2208=VECTOR('',#7390,10.);
#2209=VECTOR('',#7391,10.);
#2210=VECTOR('',#7392,10.);
#2211=VECTOR('',#7395,10.);
#2212=VECTOR('',#7396,10.);
#2213=VECTOR('',#7397,10.);
#2214=VECTOR('',#7402,10.);
#2215=VECTOR('',#7405,10.);
#2216=VECTOR('',#7408,10.);
#2217=VECTOR('',#7409,10.);
#2218=VECTOR('',#7410,10.);
#2219=VECTOR('',#7413,10.);
#2220=VECTOR('',#7414,10.);
#2221=VECTOR('',#7415,10.);
#2222=VECTOR('',#7420,10.);
#2223=VECTOR('',#7423,10.);
#2224=VECTOR('',#7426,10.);
#2225=VECTOR('',#7427,10.);
#2226=VECTOR('',#7428,10.);
#2227=VECTOR('',#7431,10.);
#2228=VECTOR('',#7432,10.);
#2229=VECTOR('',#7433,10.);
#2230=VECTOR('',#7438,10.);
#2231=VECTOR('',#7441,10.);
#2232=VECTOR('',#7444,10.);
#2233=VECTOR('',#7445,10.);
#2234=VECTOR('',#7446,10.);
#2235=VECTOR('',#7449,10.);
#2236=VECTOR('',#7450,10.);
#2237=VECTOR('',#7451,10.);
#2238=VECTOR('',#7456,10.);
#2239=VECTOR('',#7459,10.);
#2240=VECTOR('',#7462,10.);
#2241=VECTOR('',#7463,10.);
#2242=VECTOR('',#7464,10.);
#2243=VECTOR('',#7467,10.);
#2244=VECTOR('',#7468,10.);
#2245=VECTOR('',#7469,10.);
#2246=VECTOR('',#7474,10.);
#2247=VECTOR('',#7477,10.);
#2248=VECTOR('',#7480,10.);
#2249=VECTOR('',#7481,10.);
#2250=VECTOR('',#7482,10.);
#2251=VECTOR('',#7485,10.);
#2252=VECTOR('',#7486,10.);
#2253=VECTOR('',#7487,10.);
#2254=VECTOR('',#7492,10.);
#2255=VECTOR('',#7495,10.);
#2256=VECTOR('',#7498,10.);
#2257=VECTOR('',#7499,10.);
#2258=VECTOR('',#7500,10.);
#2259=VECTOR('',#7503,10.);
#2260=VECTOR('',#7504,10.);
#2261=VECTOR('',#7505,10.);
#2262=VECTOR('',#7510,10.);
#2263=VECTOR('',#7513,10.);
#2264=VECTOR('',#7580,43.9);
#2265=VECTOR('',#7583,10.);
#2266=VECTOR('',#7586,10.);
#2267=VECTOR('',#7589,10.);
#2268=VECTOR('',#7592,10.);
#2269=VECTOR('',#7595,10.);
#2270=VECTOR('',#7598,10.);
#2271=VECTOR('',#7601,10.);
#2272=VECTOR('',#7604,10.);
#2273=VECTOR('',#7607,10.);
#2274=VECTOR('',#7610,10.);
#2275=VECTOR('',#7613,10.);
#2276=VECTOR('',#7616,10.);
#2277=VECTOR('',#7619,10.);
#2278=VECTOR('',#7622,10.);
#2279=VECTOR('',#7625,10.);
#2280=VECTOR('',#7628,10.);
#2281=VECTOR('',#7631,10.);
#2282=VECTOR('',#7634,10.);
#2283=VECTOR('',#7637,10.);
#2284=VECTOR('',#7640,10.);
#2285=VECTOR('',#7643,10.);
#2286=VECTOR('',#7646,10.);
#2287=VECTOR('',#7649,10.);
#2288=VECTOR('',#7652,10.);
#2289=VECTOR('',#7671,10.);
#2290=VECTOR('',#7674,10.);
#2291=VECTOR('',#7833,10.);
#2292=VECTOR('',#7844,10.);
#2293=VECTOR('',#7851,10.);
#2294=VECTOR('',#7862,10.);
#2295=VECTOR('',#7867,10.);
#2296=VECTOR('',#7878,10.);
#2297=VECTOR('',#7883,10.);
#2298=VECTOR('',#7894,10.);
#2299=VECTOR('',#7899,10.);
#2300=VECTOR('',#7910,10.);
#2301=VECTOR('',#7913,10.);
#2302=VECTOR('',#7916,10.);
#2303=VECTOR('',#7919,10.);
#2304=VECTOR('',#7922,10.);
#2305=VECTOR('',#7925,10.);
#2306=VECTOR('',#7928,10.);
#2307=VECTOR('',#7933,10.);
#2308=VECTOR('',#7936,10.);
#2309=VECTOR('',#7941,10.);
#2310=VECTOR('',#7944,10.);
#2311=VECTOR('',#7949,10.);
#2312=VECTOR('',#7952,10.);
#2313=VECTOR('',#7957,10.);
#2314=VECTOR('',#7960,10.);
#2315=VECTOR('',#7965,10.);
#2316=VECTOR('',#7968,10.);
#2317=VECTOR('',#7973,10.);
#2318=VECTOR('',#7976,10.);
#2319=VECTOR('',#7981,10.);
#2320=VECTOR('',#7984,10.);
#2321=VECTOR('',#7989,10.);
#2322=VECTOR('',#7992,10.);
#2323=VECTOR('',#7997,10.);
#2324=VECTOR('',#8000,10.);
#2325=VECTOR('',#8005,10.);
#2326=VECTOR('',#8010,10.);
#2327=VECTOR('',#8105,10.);
#2328=VECTOR('',#8108,10.);
#2329=VECTOR('',#8123,10.);
#2330=VECTOR('',#8138,10.);
#2331=VECTOR('',#8145,10.);
#2332=VECTOR('',#8162,10.);
#2333=VECTOR('',#8171,10.);
#2334=VECTOR('',#8262,10.);
#2335=VECTOR('',#8267,10.);
#2336=VECTOR('',#8272,10.);
#2337=VECTOR('',#8277,10.);
#2338=VECTOR('',#8282,10.);
#2339=VECTOR('',#8289,10.);
#2340=VECTOR('',#8296,10.);
#2341=VECTOR('',#8297,10.);
#2342=VECTOR('',#8300,10.);
#2343=VECTOR('',#8301,10.);
#2344=VECTOR('',#8320,44.9);
#2345=VECTOR('',#8355,10.);
#2346=VECTOR('',#8356,10.);
#2347=VECTOR('',#8359,10.);
#2348=VECTOR('',#8360,10.);
#2349=VECTOR('',#8383,10.);
#2350=VECTOR('',#8384,10.);
#2351=VECTOR('',#8387,10.);
#2352=VECTOR('',#8388,10.);
#2353=VECTOR('',#8399,45.9);
#2354=VECTOR('',#8428,10.);
#2355=VECTOR('',#8429,10.);
#2356=VECTOR('',#8432,10.);
#2357=VECTOR('',#8433,10.);
#2358=VECTOR('',#8448,10.);
#2359=VECTOR('',#8449,10.);
#2360=VECTOR('',#8450,10.);
#2361=VECTOR('',#8453,10.);
#2362=VECTOR('',#8454,10.);
#2363=VECTOR('',#8455,10.);
#2364=VECTOR('',#8474,10.);
#2365=VECTOR('',#8481,10.);
#2366=VECTOR('',#8500,20.15);
#2367=VECTOR('',#8501,10.);
#2368=VECTOR('',#8502,10.);
#2369=VECTOR('',#8507,10.);
#2370=VECTOR('',#8524,8.);
#2371=B_SPLINE_CURVE_WITH_KNOTS('',3,(#8529,#8530,#8531,#8532,#8533,#8534,
#8535,#8536,#8537,#8538,#8539,#8540,#8541,#8542,#8543,#8544,#8545,#8546,
#8547,#8548,#8549,#8550,#8551,#8552,#8553,#8554),.UNSPECIFIED.,.F.,.F.,
(4,2,2,2,2,2,2,2,2,2,2,2,4),(0.,0.0463259844149906,0.0926519688299812,0.138977931515889,
0.185303894201797,0.231629856887704,0.277955819573612,0.324281803988603,
0.370607788403593,0.416933772818584,0.463259757233575,0.509585719919482,
0.55591168260539),.UNSPECIFIED.);
#2372=B_SPLINE_CURVE_WITH_KNOTS('',3,(#8555,#8556,#8557,#8558,#8559,#8560,
#8561,#8562,#8563,#8564),.UNSPECIFIED.,.F.,.F.,(4,2,2,2,4),(0.55591168260539,
0.602237645291298,0.648563607977205,0.694889592392196,0.741215576807187),
 .UNSPECIFIED.);
#2373=B_SPLINE_CURVE_WITH_KNOTS('',3,(#8568,#8569,#8570,#8571,#8572,#8573,
#8574,#8575,#8576,#8577),.UNSPECIFIED.,.F.,.F.,(4,2,2,2,4),(0.,0.0463931483654307,
0.0927862967308613,0.139178552710745,0.185570808690629),.UNSPECIFIED.);
#2374=B_SPLINE_CURVE_WITH_KNOTS('',3,(#8578,#8579,#8580,#8581,#8582,#8583,
#8584,#8585,#8586,#8587,#8588,#8589,#8590,#8591,#8592,#8593,#8594,#8595,
#8596,#8597,#8598,#8599,#8600,#8601,#8602,#8603),.UNSPECIFIED.,.F.,.F.,
(4,2,2,2,2,2,2,2,2,2,2,2,4),(0.185570808690629,0.231963064670512,0.278355320650396,
0.324748469015827,0.371141617381258,0.417534765746688,0.463927914112119,
0.510320170092003,0.556712426071887,0.60310468205177,0.649496938031654,
0.695890086397085,0.742283234762515),.UNSPECIFIED.);
#2375=B_SPLINE_CURVE_WITH_KNOTS('',3,(#8607,#8608,#8609,#8610,#8611,#8612,
#8613,#8614,#8615,#8616,#8617,#8618,#8619,#8620,#8621,#8622,#8623,#8624,
#8625,#8626,#8627,#8628,#8629,#8630,#8631,#8632),.UNSPECIFIED.,.F.,.F.,
(4,2,2,2,2,2,2,2,2,2,2,2,4),(0.,0.0463931483654307,0.0927862967308613,0.139178552710745,
0.185570808690629,0.231963064670512,0.278355320650396,0.324748469015827,
0.371141617381258,0.417534765746689,0.463927914112119,0.510320170092003,
0.556712426071887),.UNSPECIFIED.);
#2376=B_SPLINE_CURVE_WITH_KNOTS('',3,(#8633,#8634,#8635,#8636,#8637,#8638,
#8639,#8640,#8641,#8642),.UNSPECIFIED.,.F.,.F.,(4,2,2,2,4),(0.556712426071887,
0.60310468205177,0.649496938031654,0.695890086397085,0.742283234762515),
 .UNSPECIFIED.);
#2377=B_SPLINE_CURVE_WITH_KNOTS('',3,(#8646,#8647,#8648,#8649,#8650,#8651,
#8652,#8653,#8654,#8655),.UNSPECIFIED.,.F.,.F.,(4,2,2,2,4),(0.,0.0463259844149907,
0.0926519688299813,0.138977931515889,0.185303894201797),.UNSPECIFIED.);
#2378=B_SPLINE_CURVE_WITH_KNOTS('',3,(#8656,#8657,#8658,#8659,#8660,#8661,
#8662,#8663,#8664,#8665,#8666,#8667,#8668,#8669,#8670,#8671,#8672,#8673,
#8674,#8675,#8676,#8677,#8678,#8679,#8680,#8681),.UNSPECIFIED.,.F.,.F.,
(4,2,2,2,2,2,2,2,2,2,2,2,4),(0.185303894201797,0.231629856887704,0.277955819573612,
0.324281803988603,0.370607788403593,0.416933772818584,0.463259757233575,
0.509585719919483,0.55591168260539,0.602237645291298,0.648563607977206,
0.694889592392196,0.741215576807187),.UNSPECIFIED.);
#2379=B_SPLINE_CURVE_WITH_KNOTS('',3,(#10080,#10081,#10082,#10083,#10084,
#10085,#10086,#10087,#10088,#10089,#10090,#10091),.UNSPECIFIED.,.F.,.F.,
(4,2,2,2,2,4),(-2.03062630064559,-1.70928120471697,-1.3420263697847,-1.09590218719586,
-0.817155107423861,-0.619209916367648),.UNSPECIFIED.);
#2380=B_SPLINE_CURVE_WITH_KNOTS('',3,(#10096,#10097,#10098,#10099,#10100,
#10101,#10102,#10103,#10104,#10105,#10106,#10107),.UNSPECIFIED.,.F.,.F.,
(4,2,2,2,2,4),(-1.63547972004846,-1.32277328513901,-1.07462014386965,-0.856558941631231,
-0.44272299690281,0.),.UNSPECIFIED.);
#2381=B_SPLINE_CURVE_WITH_KNOTS('',3,(#10110,#10111,#10112,#10113,#10114,
#10115,#10116,#10117,#10118,#10119,#10120,#10121),.UNSPECIFIED.,.F.,.F.,
(4,2,2,2,2,4),(-3.91836065052482,-3.58301361467059,-3.24929560354987,-2.92760879211231,
-2.60445664834587,-2.2598309172517),.UNSPECIFIED.);
#2382=B_SPLINE_CURVE_WITH_KNOTS('',3,(#10122,#10123,#10124,#10125,#10126,
#10127,#10128,#10129,#10130,#10131,#10132,#10133),.UNSPECIFIED.,.F.,.F.,
(4,2,2,2,2,4),(-1.6860830403824,-1.41149690305007,-1.07411741300365,-0.748445863998601,
-0.384574058648862,0.),.UNSPECIFIED.);
#2383=B_SPLINE_CURVE_WITH_KNOTS('',3,(#10136,#10137,#10138,#10139,#10140,
#10141,#10142,#10143,#10144,#10145,#10146,#10147,#10148,#10149),
 .UNSPECIFIED.,.F.,.F.,(4,2,2,2,2,2,4),(-4.4617602236377,-4.18547386641985,
-3.9085149834061,-3.52674587627605,-3.18027376870828,-2.83726169172536,
-2.50929793946423),.UNSPECIFIED.);
#2384=B_SPLINE_CURVE_WITH_KNOTS('',3,(#10152,#10153,#10154,#10155,#10156,
#10157,#10158,#10159,#10160,#10161,#10162,#10163),.UNSPECIFIED.,.F.,.F.,
(4,2,2,2,2,4),(-1.92116441411159,-1.56031773104816,-1.22611091143216,-0.894498063046842,
-0.466571132482091,0.),.UNSPECIFIED.);
#2385=B_SPLINE_CURVE_WITH_KNOTS('',3,(#10166,#10167,#10168,#10169,#10170,
#10171,#10172,#10173,#10174,#10175,#10176,#10177),.UNSPECIFIED.,.F.,.F.,
(4,2,2,2,2,4),(-2.03062630064559,-1.70928120471697,-1.3420263697847,-1.09590218719586,
-0.817155107423861,-0.619209916367648),.UNSPECIFIED.);
#2386=B_SPLINE_CURVE_WITH_KNOTS('',3,(#10182,#10183,#10184,#10185,#10186,
#10187,#10188,#10189,#10190,#10191,#10192,#10193),.UNSPECIFIED.,.F.,.F.,
(4,2,2,2,2,4),(-1.63547972004846,-1.32277328513901,-1.07462014386965,-0.856558941631231,
-0.44272299690281,0.),.UNSPECIFIED.);
#2387=B_SPLINE_CURVE_WITH_KNOTS('',3,(#10196,#10197,#10198,#10199,#10200,
#10201,#10202,#10203,#10204,#10205,#10206,#10207),.UNSPECIFIED.,.F.,.F.,
(4,2,2,2,2,4),(-2.03062630064559,-1.70928120471697,-1.3420263697847,-1.09590218719586,
-0.817155107423861,-0.619209916367648),.UNSPECIFIED.);
#2388=B_SPLINE_CURVE_WITH_KNOTS('',3,(#10212,#10213,#10214,#10215,#10216,
#10217,#10218,#10219,#10220,#10221,#10222,#10223),.UNSPECIFIED.,.F.,.F.,
(4,2,2,2,2,4),(-1.63547972004846,-1.32277328513901,-1.07462014386965,-0.856558941631231,
-0.44272299690281,0.),.UNSPECIFIED.);
#2389=B_SPLINE_CURVE_WITH_KNOTS('',3,(#10227,#10228,#10229,#10230,#10231,
#10232,#10233,#10234,#10235,#10236,#10237,#10238),.UNSPECIFIED.,.F.,.F.,
(4,2,2,2,2,4),(-3.91836065052482,-3.58301361467059,-3.24929560354987,-2.92760879211231,
-2.60445664834587,-2.2598309172517),.UNSPECIFIED.);
#2390=B_SPLINE_CURVE_WITH_KNOTS('',3,(#10241,#10242,#10243,#10244,#10245,
#10246,#10247,#10248,#10249,#10250,#10251,#10252),.UNSPECIFIED.,.F.,.F.,
(4,2,2,2,2,4),(-1.6860830403824,-1.41149690305007,-1.07411741300365,-0.748445863998601,
-0.384574058648862,0.),.UNSPECIFIED.);
#2391=B_SPLINE_CURVE_WITH_KNOTS('',3,(#10255,#10256,#10257,#10258,#10259,
#10260,#10261,#10262,#10263,#10264,#10265,#10266,#10267,#10268),
 .UNSPECIFIED.,.F.,.F.,(4,2,2,2,2,2,4),(-4.4617602236377,-4.18547386641985,
-3.9085149834061,-3.52674587627605,-3.18027376870828,-2.83726169172536,
-2.50929793946423),.UNSPECIFIED.);
#2392=B_SPLINE_CURVE_WITH_KNOTS('',3,(#10271,#10272,#10273,#10274,#10275,
#10276,#10277,#10278,#10279,#10280,#10281,#10282),.UNSPECIFIED.,.F.,.F.,
(4,2,2,2,2,4),(-1.92116441411159,-1.56031773104816,-1.22611091143216,-0.894498063046842,
-0.466571132482091,0.),.UNSPECIFIED.);
#2393=B_SPLINE_CURVE_WITH_KNOTS('',3,(#10285,#10286,#10287,#10288,#10289,
#10290,#10291,#10292,#10293,#10294,#10295,#10296),.UNSPECIFIED.,.F.,.F.,
(4,2,2,2,2,4),(-2.03062630064559,-1.70928120471697,-1.3420263697847,-1.09590218719586,
-0.817155107423861,-0.619209916367648),.UNSPECIFIED.);
#2394=B_SPLINE_CURVE_WITH_KNOTS('',3,(#10301,#10302,#10303,#10304,#10305,
#10306,#10307,#10308,#10309,#10310,#10311,#10312),.UNSPECIFIED.,.F.,.F.,
(4,2,2,2,2,4),(-1.63547972004846,-1.32277328513901,-1.07462014386965,-0.856558941631231,
-0.44272299690281,0.),.UNSPECIFIED.);
#2395=B_SPLINE_CURVE_WITH_KNOTS('',3,(#10316,#10317,#10318,#10319,#10320,
#10321,#10322,#10323,#10324,#10325,#10326,#10327),.UNSPECIFIED.,.F.,.F.,
(4,2,2,2,2,4),(-2.03062630064559,-1.70928120471697,-1.3420263697847,-1.09590218719586,
-0.817155107423861,-0.619209916367648),.UNSPECIFIED.);
#2396=B_SPLINE_CURVE_WITH_KNOTS('',3,(#10334,#10335,#10336,#10337,#10338,
#10339,#10340,#10341,#10342,#10343,#10344,#10345),.UNSPECIFIED.,.F.,.F.,
(4,2,2,2,2,4),(-1.63547972004846,-1.32277328513901,-1.07462014386965,-0.856558941631231,
-0.44272299690281,0.),.UNSPECIFIED.);
#2397=B_SPLINE_CURVE_WITH_KNOTS('',3,(#10348,#10349,#10350,#10351,#10352,
#10353,#10354,#10355,#10356,#10357,#10358,#10359),.UNSPECIFIED.,.F.,.F.,
(4,2,2,2,2,4),(-3.91836065052482,-3.58301361467059,-3.24929560354987,-2.92760879211231,
-2.60445664834587,-2.2598309172517),.UNSPECIFIED.);
#2398=B_SPLINE_CURVE_WITH_KNOTS('',3,(#10360,#10361,#10362,#10363,#10364,
#10365,#10366,#10367,#10368,#10369,#10370,#10371),.UNSPECIFIED.,.F.,.F.,
(4,2,2,2,2,4),(-1.6860830403824,-1.41149690305007,-1.07411741300365,-0.748445863998601,
-0.384574058648862,0.),.UNSPECIFIED.);
#2399=B_SPLINE_CURVE_WITH_KNOTS('',3,(#10374,#10375,#10376,#10377,#10378,
#10379,#10380,#10381,#10382,#10383,#10384,#10385,#10386,#10387),
 .UNSPECIFIED.,.F.,.F.,(4,2,2,2,2,2,4),(-4.4617602236377,-4.18547386641985,
-3.9085149834061,-3.52674587627605,-3.18027376870828,-2.83726169172536,
-2.50929793946423),.UNSPECIFIED.);
#2400=B_SPLINE_CURVE_WITH_KNOTS('',3,(#10390,#10391,#10392,#10393,#10394,
#10395,#10396,#10397,#10398,#10399,#10400,#10401),.UNSPECIFIED.,.F.,.F.,
(4,2,2,2,2,4),(-1.92116441411159,-1.56031773104816,-1.22611091143216,-0.894498063046842,
-0.466571132482091,0.),.UNSPECIFIED.);
#2401=B_SPLINE_CURVE_WITH_KNOTS('',3,(#10442,#10443,#10444,#10445,#10446,
#10447,#10448,#10449,#10450,#10451,#10452,#10453,#10454,#10455),
 .UNSPECIFIED.,.F.,.F.,(4,2,2,2,2,2,4),(-3.16011522855755,-2.84958728048709,
-2.53946295461844,-1.992808671433,-1.59975128543953,-1.18967262663004,-1.08429088909806),
 .UNSPECIFIED.);
#2402=B_SPLINE_CURVE_WITH_KNOTS('',3,(#10459,#10460,#10461,#10462,#10463,
#10464,#10465,#10466,#10467,#10468,#10469,#10470),.UNSPECIFIED.,.F.,.F.,
(4,2,2,2,2,4),(-1.40734527320644,-1.39189900109668,-1.05437939013501,-0.730993633279397,
-0.370229795607563,0.),.UNSPECIFIED.);
#2403=B_SPLINE_CURVE_WITH_KNOTS('',3,(#10473,#10474,#10475,#10476,#10477,
#10478,#10479,#10480,#10481,#10482,#10483,#10484,#10485,#10486),
 .UNSPECIFIED.,.F.,.F.,(4,2,2,2,2,2,4),(-3.16011522855755,-2.84958728048709,
-2.53946295461844,-1.992808671433,-1.59975128543953,-1.18967262663004,-1.08429088909806),
 .UNSPECIFIED.);
#2404=B_SPLINE_CURVE_WITH_KNOTS('',3,(#10490,#10491,#10492,#10493,#10494,
#10495,#10496,#10497,#10498,#10499,#10500,#10501),.UNSPECIFIED.,.F.,.F.,
(4,2,2,2,2,4),(-1.40734527320644,-1.39189900109668,-1.05437939013501,-0.730993633279397,
-0.370229795607563,0.),.UNSPECIFIED.);
#2405=B_SPLINE_CURVE_WITH_KNOTS('',3,(#10504,#10505,#10506,#10507,#10508,
#10509,#10510,#10511,#10512,#10513,#10514,#10515,#10516,#10517),
 .UNSPECIFIED.,.F.,.F.,(4,2,2,2,2,2,4),(-3.16011522855755,-2.84958728048709,
-2.53946295461844,-1.992808671433,-1.59975128543953,-1.18967262663004,-1.08429088909806),
 .UNSPECIFIED.);
#2406=B_SPLINE_CURVE_WITH_KNOTS('',3,(#10521,#10522,#10523,#10524,#10525,
#10526,#10527,#10528,#10529,#10530,#10531,#10532),.UNSPECIFIED.,.F.,.F.,
(4,2,2,2,2,4),(-1.40734527320644,-1.39189900109668,-1.05437939013501,-0.730993633279397,
-0.370229795607563,0.),.UNSPECIFIED.);
#2407=B_SPLINE_CURVE_WITH_KNOTS('',3,(#10535,#10536,#10537,#10538,#10539,
#10540,#10541,#10542,#10543,#10544,#10545,#10546,#10547,#10548),
 .UNSPECIFIED.,.F.,.F.,(4,2,2,2,2,2,4),(-3.16011522855755,-2.84958728048709,
-2.53946295461844,-1.992808671433,-1.59975128543953,-1.18967262663004,-1.08429088909806),
 .UNSPECIFIED.);
#2408=B_SPLINE_CURVE_WITH_KNOTS('',3,(#10552,#10553,#10554,#10555,#10556,
#10557,#10558,#10559,#10560,#10561,#10562,#10563),.UNSPECIFIED.,.F.,.F.,
(4,2,2,2,2,4),(-1.40734527320644,-1.39189900109668,-1.05437939013501,-0.730993633279397,
-0.370229795607563,0.),.UNSPECIFIED.);
#2409=B_SPLINE_CURVE_WITH_KNOTS('',3,(#10566,#10567,#10568,#10569,#10570,
#10571,#10572,#10573,#10574,#10575,#10576,#10577,#10578,#10579),
 .UNSPECIFIED.,.F.,.F.,(4,2,2,2,2,2,4),(-3.16011522855755,-2.84958728048709,
-2.53946295461844,-1.992808671433,-1.59975128543953,-1.18967262663004,-1.08429088909806),
 .UNSPECIFIED.);
#2410=B_SPLINE_CURVE_WITH_KNOTS('',3,(#10586,#10587,#10588,#10589,#10590,
#10591,#10592,#10593,#10594,#10595,#10596,#10597),.UNSPECIFIED.,.F.,.F.,
(4,2,2,2,2,4),(-1.40734527320644,-1.39189900109668,-1.05437939013501,-0.730993633279397,
-0.370229795607563,0.),.UNSPECIFIED.);
#2411=B_SPLINE_CURVE_WITH_KNOTS('',3,(#10600,#10601,#10602,#10603,#10604,
#10605,#10606,#10607,#10608,#10609,#10610,#10611,#10612,#10613),
 .UNSPECIFIED.,.F.,.F.,(4,2,2,2,2,2,4),(-3.16011522855755,-2.84958728048709,
-2.53946295461844,-1.992808671433,-1.59975128543953,-1.18967262663004,-1.08429088909806),
 .UNSPECIFIED.);
#2412=B_SPLINE_CURVE_WITH_KNOTS('',3,(#10617,#10618,#10619,#10620,#10621,
#10622,#10623,#10624,#10625,#10626,#10627,#10628),.UNSPECIFIED.,.F.,.F.,
(4,2,2,2,2,4),(-1.40734527320644,-1.39189900109668,-1.05437939013501,-0.730993633279397,
-0.370229795607563,0.),.UNSPECIFIED.);
#2413=B_SPLINE_CURVE_WITH_KNOTS('',3,(#10631,#10632,#10633,#10634,#10635,
#10636,#10637,#10638,#10639,#10640,#10641,#10642,#10643,#10644),
 .UNSPECIFIED.,.F.,.F.,(4,2,2,2,2,2,4),(-4.4617602236377,-4.18547386641985,
-3.9085149834061,-3.52674587627605,-3.18027376870828,-2.83726169172536,
-2.50929793946423),.UNSPECIFIED.);
#2414=B_SPLINE_CURVE_WITH_KNOTS('',3,(#10647,#10648,#10649,#10650,#10651,
#10652,#10653,#10654,#10655,#10656,#10657,#10658),.UNSPECIFIED.,.F.,.F.,
(4,2,2,2,2,4),(-1.92116441411159,-1.56031773104816,-1.22611091143216,-0.894498063046842,
-0.466571132482091,0.),.UNSPECIFIED.);
#2415=B_SPLINE_CURVE_WITH_KNOTS('',3,(#10659,#10660,#10661,#10662,#10663,
#10664,#10665,#10666,#10667,#10668,#10669,#10670),.UNSPECIFIED.,.F.,.F.,
(4,2,2,2,2,4),(-3.91836065052482,-3.58301361467059,-3.24929560354987,-2.92760879211231,
-2.60445664834587,-2.2598309172517),.UNSPECIFIED.);
#2416=B_SPLINE_CURVE_WITH_KNOTS('',3,(#10671,#10672,#10673,#10674,#10675,
#10676,#10677,#10678,#10679,#10680,#10681,#10682),.UNSPECIFIED.,.F.,.F.,
(4,2,2,2,2,4),(-1.6860830403824,-1.41149690305007,-1.07411741300365,-0.748445863998601,
-0.384574058648862,0.),.UNSPECIFIED.);
#2417=B_SPLINE_CURVE_WITH_KNOTS('',3,(#10717,#10718,#10719,#10720,#10721,
#10722,#10723,#10724,#10725,#10726,#10727,#10728,#10729,#10730),
 .UNSPECIFIED.,.F.,.F.,(4,2,2,2,2,2,4),(-4.4617602236377,-4.18547386641985,
-3.9085149834061,-3.52674587627605,-3.18027376870828,-2.83726169172536,
-2.50929793946423),.UNSPECIFIED.);
#2418=B_SPLINE_CURVE_WITH_KNOTS('',3,(#10733,#10734,#10735,#10736,#10737,
#10738,#10739,#10740,#10741,#10742,#10743,#10744),.UNSPECIFIED.,.F.,.F.,
(4,2,2,2,2,4),(-1.92116441411159,-1.56031773104816,-1.22611091143216,-0.894498063046842,
-0.466571132482091,0.),.UNSPECIFIED.);
#2419=B_SPLINE_CURVE_WITH_KNOTS('',3,(#10745,#10746,#10747,#10748,#10749,
#10750,#10751,#10752,#10753,#10754,#10755,#10756),.UNSPECIFIED.,.F.,.F.,
(4,2,2,2,2,4),(-3.91836065052482,-3.58301361467059,-3.24929560354987,-2.92760879211231,
-2.60445664834587,-2.2598309172517),.UNSPECIFIED.);
#2420=B_SPLINE_CURVE_WITH_KNOTS('',3,(#10757,#10758,#10759,#10760,#10761,
#10762,#10763,#10764,#10765,#10766,#10767,#10768),.UNSPECIFIED.,.F.,.F.,
(4,2,2,2,2,4),(-1.6860830403824,-1.41149690305007,-1.07411741300365,-0.748445863998601,
-0.384574058648862,0.),.UNSPECIFIED.);
#2421=B_SPLINE_CURVE_WITH_KNOTS('',3,(#10787,#10788,#10789,#10790,#10791,
#10792,#10793,#10794,#10795,#10796,#10797,#10798,#10799,#10800),
 .UNSPECIFIED.,.F.,.F.,(4,2,2,2,2,2,4),(-4.4617602236377,-4.18547386641985,
-3.9085149834061,-3.52674587627605,-3.18027376870828,-2.83726169172536,
-2.50929793946423),.UNSPECIFIED.);
#2422=B_SPLINE_CURVE_WITH_KNOTS('',3,(#10803,#10804,#10805,#10806,#10807,
#10808,#10809,#10810,#10811,#10812,#10813,#10814),.UNSPECIFIED.,.F.,.F.,
(4,2,2,2,2,4),(-1.92116441411159,-1.56031773104816,-1.22611091143216,-0.894498063046842,
-0.466571132482091,0.),.UNSPECIFIED.);
#2423=B_SPLINE_CURVE_WITH_KNOTS('',3,(#10815,#10816,#10817,#10818,#10819,
#10820,#10821,#10822,#10823,#10824,#10825,#10826),.UNSPECIFIED.,.F.,.F.,
(4,2,2,2,2,4),(-3.91836065052482,-3.58301361467059,-3.24929560354987,-2.92760879211231,
-2.60445664834587,-2.2598309172517),.UNSPECIFIED.);
#2424=B_SPLINE_CURVE_WITH_KNOTS('',3,(#10827,#10828,#10829,#10830,#10831,
#10832,#10833,#10834,#10835,#10836,#10837,#10838),.UNSPECIFIED.,.F.,.F.,
(4,2,2,2,2,4),(-1.6860830403824,-1.41149690305007,-1.07411741300365,-0.748445863998601,
-0.384574058648862,0.),.UNSPECIFIED.);
#2425=B_SPLINE_CURVE_WITH_KNOTS('',3,(#10928,#10929,#10930,#10931,#10932,
#10933,#10934,#10935,#10936,#10937,#10938,#10939),.UNSPECIFIED.,.F.,.F.,
(4,2,2,2,2,4),(-2.03062630064559,-1.70928120471697,-1.3420263697847,-1.09590218719586,
-0.817155107423861,-0.619209916367648),.UNSPECIFIED.);
#2426=B_SPLINE_CURVE_WITH_KNOTS('',3,(#10941,#10942,#10943,#10944,#10945,
#10946,#10947,#10948,#10949,#10950,#10951,#10952),.UNSPECIFIED.,.F.,.F.,
(4,2,2,2,2,4),(-1.63547972004846,-1.32277328513901,-1.07462014386965,-0.856558941631231,
-0.44272299690281,0.),.UNSPECIFIED.);
#2427=VERTEX_POINT('',#8527);
#2428=VERTEX_POINT('',#8528);
#2429=VERTEX_POINT('',#8565);
#2430=VERTEX_POINT('',#8567);
#2431=VERTEX_POINT('',#8605);
#2432=VERTEX_POINT('',#8606);
#2433=VERTEX_POINT('',#8643);
#2434=VERTEX_POINT('',#8645);
#2435=VERTEX_POINT('',#8683);
#2436=VERTEX_POINT('',#8685);
#2437=VERTEX_POINT('',#8687);
#2438=VERTEX_POINT('',#8691);
#2439=VERTEX_POINT('',#8693);
#2440=VERTEX_POINT('',#8697);
#2441=VERTEX_POINT('',#8700);
#2442=VERTEX_POINT('',#8701);
#2443=VERTEX_POINT('',#8704);
#2444=VERTEX_POINT('',#8709);
#2445=VERTEX_POINT('',#8710);
#2446=VERTEX_POINT('',#8713);
#2447=VERTEX_POINT('',#8715);
#2448=VERTEX_POINT('',#8719);
#2449=VERTEX_POINT('',#8723);
#2450=VERTEX_POINT('',#8724);
#2451=VERTEX_POINT('',#8727);
#2452=VERTEX_POINT('',#8729);
#2453=VERTEX_POINT('',#8733);
#2454=VERTEX_POINT('',#8737);
#2455=VERTEX_POINT('',#8738);
#2456=VERTEX_POINT('',#8741);
#2457=VERTEX_POINT('',#8743);
#2458=VERTEX_POINT('',#8747);
#2459=VERTEX_POINT('',#8751);
#2460=VERTEX_POINT('',#8752);
#2461=VERTEX_POINT('',#8755);
#2462=VERTEX_POINT('',#8757);
#2463=VERTEX_POINT('',#8761);
#2464=VERTEX_POINT('',#8765);
#2465=VERTEX_POINT('',#8766);
#2466=VERTEX_POINT('',#8768);
#2467=VERTEX_POINT('',#8770);
#2468=VERTEX_POINT('',#8774);
#2469=VERTEX_POINT('',#8776);
#2470=VERTEX_POINT('',#8780);
#2471=VERTEX_POINT('',#8782);
#2472=VERTEX_POINT('',#8786);
#2473=VERTEX_POINT('',#8787);
#2474=VERTEX_POINT('',#8789);
#2475=VERTEX_POINT('',#8791);
#2476=VERTEX_POINT('',#8795);
#2477=VERTEX_POINT('',#8797);
#2478=VERTEX_POINT('',#8801);
#2479=VERTEX_POINT('',#8803);
#2480=VERTEX_POINT('',#8807);
#2481=VERTEX_POINT('',#8808);
#2482=VERTEX_POINT('',#8810);
#2483=VERTEX_POINT('',#8812);
#2484=VERTEX_POINT('',#8816);
#2485=VERTEX_POINT('',#8818);
#2486=VERTEX_POINT('',#8822);
#2487=VERTEX_POINT('',#8824);
#2488=VERTEX_POINT('',#8828);
#2489=VERTEX_POINT('',#8829);
#2490=VERTEX_POINT('',#8831);
#2491=VERTEX_POINT('',#8833);
#2492=VERTEX_POINT('',#8837);
#2493=VERTEX_POINT('',#8839);
#2494=VERTEX_POINT('',#8843);
#2495=VERTEX_POINT('',#8845);
#2496=VERTEX_POINT('',#8849);
#2497=VERTEX_POINT('',#8850);
#2498=VERTEX_POINT('',#8852);
#2499=VERTEX_POINT('',#8854);
#2500=VERTEX_POINT('',#8858);
#2501=VERTEX_POINT('',#8860);
#2502=VERTEX_POINT('',#8864);
#2503=VERTEX_POINT('',#8866);
#2504=VERTEX_POINT('',#8870);
#2505=VERTEX_POINT('',#8871);
#2506=VERTEX_POINT('',#8873);
#2507=VERTEX_POINT('',#8875);
#2508=VERTEX_POINT('',#8879);
#2509=VERTEX_POINT('',#8881);
#2510=VERTEX_POINT('',#8885);
#2511=VERTEX_POINT('',#8887);
#2512=VERTEX_POINT('',#8891);
#2513=VERTEX_POINT('',#8892);
#2514=VERTEX_POINT('',#8894);
#2515=VERTEX_POINT('',#8896);
#2516=VERTEX_POINT('',#8900);
#2517=VERTEX_POINT('',#8902);
#2518=VERTEX_POINT('',#8906);
#2519=VERTEX_POINT('',#8908);
#2520=VERTEX_POINT('',#8912);
#2521=VERTEX_POINT('',#8913);
#2522=VERTEX_POINT('',#8915);
#2523=VERTEX_POINT('',#8917);
#2524=VERTEX_POINT('',#8921);
#2525=VERTEX_POINT('',#8923);
#2526=VERTEX_POINT('',#8927);
#2527=VERTEX_POINT('',#8929);
#2528=VERTEX_POINT('',#8933);
#2529=VERTEX_POINT('',#8934);
#2530=VERTEX_POINT('',#8936);
#2531=VERTEX_POINT('',#8938);
#2532=VERTEX_POINT('',#8942);
#2533=VERTEX_POINT('',#8944);
#2534=VERTEX_POINT('',#8948);
#2535=VERTEX_POINT('',#8950);
#2536=VERTEX_POINT('',#8954);
#2537=VERTEX_POINT('',#8955);
#2538=VERTEX_POINT('',#8957);
#2539=VERTEX_POINT('',#8959);
#2540=VERTEX_POINT('',#8963);
#2541=VERTEX_POINT('',#8965);
#2542=VERTEX_POINT('',#8969);
#2543=VERTEX_POINT('',#8971);
#2544=VERTEX_POINT('',#8975);
#2545=VERTEX_POINT('',#8976);
#2546=VERTEX_POINT('',#8978);
#2547=VERTEX_POINT('',#8980);
#2548=VERTEX_POINT('',#8984);
#2549=VERTEX_POINT('',#8986);
#2550=VERTEX_POINT('',#8990);
#2551=VERTEX_POINT('',#8992);
#2552=VERTEX_POINT('',#8996);
#2553=VERTEX_POINT('',#8997);
#2554=VERTEX_POINT('',#8999);
#2555=VERTEX_POINT('',#9001);
#2556=VERTEX_POINT('',#9005);
#2557=VERTEX_POINT('',#9007);
#2558=VERTEX_POINT('',#9011);
#2559=VERTEX_POINT('',#9013);
#2560=VERTEX_POINT('',#9017);
#2561=VERTEX_POINT('',#9018);
#2562=VERTEX_POINT('',#9020);
#2563=VERTEX_POINT('',#9022);
#2564=VERTEX_POINT('',#9026);
#2565=VERTEX_POINT('',#9028);
#2566=VERTEX_POINT('',#9032);
#2567=VERTEX_POINT('',#9034);
#2568=VERTEX_POINT('',#9038);
#2569=VERTEX_POINT('',#9039);
#2570=VERTEX_POINT('',#9041);
#2571=VERTEX_POINT('',#9043);
#2572=VERTEX_POINT('',#9047);
#2573=VERTEX_POINT('',#9049);
#2574=VERTEX_POINT('',#9053);
#2575=VERTEX_POINT('',#9055);
#2576=VERTEX_POINT('',#9059);
#2577=VERTEX_POINT('',#9060);
#2578=VERTEX_POINT('',#9062);
#2579=VERTEX_POINT('',#9064);
#2580=VERTEX_POINT('',#9068);
#2581=VERTEX_POINT('',#9070);
#2582=VERTEX_POINT('',#9074);
#2583=VERTEX_POINT('',#9076);
#2584=VERTEX_POINT('',#9080);
#2585=VERTEX_POINT('',#9081);
#2586=VERTEX_POINT('',#9083);
#2587=VERTEX_POINT('',#9085);
#2588=VERTEX_POINT('',#9089);
#2589=VERTEX_POINT('',#9091);
#2590=VERTEX_POINT('',#9095);
#2591=VERTEX_POINT('',#9097);
#2592=VERTEX_POINT('',#9101);
#2593=VERTEX_POINT('',#9102);
#2594=VERTEX_POINT('',#9104);
#2595=VERTEX_POINT('',#9106);
#2596=VERTEX_POINT('',#9110);
#2597=VERTEX_POINT('',#9112);
#2598=VERTEX_POINT('',#9116);
#2599=VERTEX_POINT('',#9118);
#2600=VERTEX_POINT('',#9122);
#2601=VERTEX_POINT('',#9123);
#2602=VERTEX_POINT('',#9125);
#2603=VERTEX_POINT('',#9127);
#2604=VERTEX_POINT('',#9131);
#2605=VERTEX_POINT('',#9133);
#2606=VERTEX_POINT('',#9137);
#2607=VERTEX_POINT('',#9139);
#2608=VERTEX_POINT('',#9143);
#2609=VERTEX_POINT('',#9144);
#2610=VERTEX_POINT('',#9146);
#2611=VERTEX_POINT('',#9148);
#2612=VERTEX_POINT('',#9152);
#2613=VERTEX_POINT('',#9154);
#2614=VERTEX_POINT('',#9158);
#2615=VERTEX_POINT('',#9160);
#2616=VERTEX_POINT('',#9164);
#2617=VERTEX_POINT('',#9165);
#2618=VERTEX_POINT('',#9167);
#2619=VERTEX_POINT('',#9169);
#2620=VERTEX_POINT('',#9173);
#2621=VERTEX_POINT('',#9175);
#2622=VERTEX_POINT('',#9179);
#2623=VERTEX_POINT('',#9181);
#2624=VERTEX_POINT('',#9185);
#2625=VERTEX_POINT('',#9186);
#2626=VERTEX_POINT('',#9188);
#2627=VERTEX_POINT('',#9190);
#2628=VERTEX_POINT('',#9194);
#2629=VERTEX_POINT('',#9196);
#2630=VERTEX_POINT('',#9200);
#2631=VERTEX_POINT('',#9202);
#2632=VERTEX_POINT('',#9206);
#2633=VERTEX_POINT('',#9207);
#2634=VERTEX_POINT('',#9209);
#2635=VERTEX_POINT('',#9211);
#2636=VERTEX_POINT('',#9215);
#2637=VERTEX_POINT('',#9217);
#2638=VERTEX_POINT('',#9221);
#2639=VERTEX_POINT('',#9223);
#2640=VERTEX_POINT('',#9227);
#2641=VERTEX_POINT('',#9228);
#2642=VERTEX_POINT('',#9230);
#2643=VERTEX_POINT('',#9232);
#2644=VERTEX_POINT('',#9236);
#2645=VERTEX_POINT('',#9238);
#2646=VERTEX_POINT('',#9242);
#2647=VERTEX_POINT('',#9244);
#2648=VERTEX_POINT('',#9248);
#2649=VERTEX_POINT('',#9249);
#2650=VERTEX_POINT('',#9251);
#2651=VERTEX_POINT('',#9253);
#2652=VERTEX_POINT('',#9257);
#2653=VERTEX_POINT('',#9259);
#2654=VERTEX_POINT('',#9263);
#2655=VERTEX_POINT('',#9265);
#2656=VERTEX_POINT('',#9269);
#2657=VERTEX_POINT('',#9270);
#2658=VERTEX_POINT('',#9272);
#2659=VERTEX_POINT('',#9274);
#2660=VERTEX_POINT('',#9278);
#2661=VERTEX_POINT('',#9280);
#2662=VERTEX_POINT('',#9284);
#2663=VERTEX_POINT('',#9286);
#2664=VERTEX_POINT('',#9290);
#2665=VERTEX_POINT('',#9291);
#2666=VERTEX_POINT('',#9293);
#2667=VERTEX_POINT('',#9295);
#2668=VERTEX_POINT('',#9299);
#2669=VERTEX_POINT('',#9301);
#2670=VERTEX_POINT('',#9305);
#2671=VERTEX_POINT('',#9307);
#2672=VERTEX_POINT('',#9311);
#2673=VERTEX_POINT('',#9312);
#2674=VERTEX_POINT('',#9314);
#2675=VERTEX_POINT('',#9316);
#2676=VERTEX_POINT('',#9320);
#2677=VERTEX_POINT('',#9322);
#2678=VERTEX_POINT('',#9326);
#2679=VERTEX_POINT('',#9328);
#2680=VERTEX_POINT('',#9332);
#2681=VERTEX_POINT('',#9333);
#2682=VERTEX_POINT('',#9335);
#2683=VERTEX_POINT('',#9337);
#2684=VERTEX_POINT('',#9341);
#2685=VERTEX_POINT('',#9343);
#2686=VERTEX_POINT('',#9347);
#2687=VERTEX_POINT('',#9349);
#2688=VERTEX_POINT('',#9353);
#2689=VERTEX_POINT('',#9354);
#2690=VERTEX_POINT('',#9356);
#2691=VERTEX_POINT('',#9358);
#2692=VERTEX_POINT('',#9362);
#2693=VERTEX_POINT('',#9364);
#2694=VERTEX_POINT('',#9368);
#2695=VERTEX_POINT('',#9370);
#2696=VERTEX_POINT('',#9374);
#2697=VERTEX_POINT('',#9375);
#2698=VERTEX_POINT('',#9377);
#2699=VERTEX_POINT('',#9379);
#2700=VERTEX_POINT('',#9383);
#2701=VERTEX_POINT('',#9385);
#2702=VERTEX_POINT('',#9389);
#2703=VERTEX_POINT('',#9391);
#2704=VERTEX_POINT('',#9395);
#2705=VERTEX_POINT('',#9396);
#2706=VERTEX_POINT('',#9398);
#2707=VERTEX_POINT('',#9400);
#2708=VERTEX_POINT('',#9404);
#2709=VERTEX_POINT('',#9406);
#2710=VERTEX_POINT('',#9410);
#2711=VERTEX_POINT('',#9412);
#2712=VERTEX_POINT('',#9416);
#2713=VERTEX_POINT('',#9417);
#2714=VERTEX_POINT('',#9419);
#2715=VERTEX_POINT('',#9421);
#2716=VERTEX_POINT('',#9425);
#2717=VERTEX_POINT('',#9427);
#2718=VERTEX_POINT('',#9431);
#2719=VERTEX_POINT('',#9433);
#2720=VERTEX_POINT('',#9437);
#2721=VERTEX_POINT('',#9438);
#2722=VERTEX_POINT('',#9440);
#2723=VERTEX_POINT('',#9442);
#2724=VERTEX_POINT('',#9446);
#2725=VERTEX_POINT('',#9448);
#2726=VERTEX_POINT('',#9452);
#2727=VERTEX_POINT('',#9454);
#2728=VERTEX_POINT('',#9458);
#2729=VERTEX_POINT('',#9459);
#2730=VERTEX_POINT('',#9461);
#2731=VERTEX_POINT('',#9463);
#2732=VERTEX_POINT('',#9467);
#2733=VERTEX_POINT('',#9469);
#2734=VERTEX_POINT('',#9473);
#2735=VERTEX_POINT('',#9475);
#2736=VERTEX_POINT('',#9479);
#2737=VERTEX_POINT('',#9480);
#2738=VERTEX_POINT('',#9482);
#2739=VERTEX_POINT('',#9484);
#2740=VERTEX_POINT('',#9488);
#2741=VERTEX_POINT('',#9490);
#2742=VERTEX_POINT('',#9494);
#2743=VERTEX_POINT('',#9496);
#2744=VERTEX_POINT('',#9500);
#2745=VERTEX_POINT('',#9501);
#2746=VERTEX_POINT('',#9503);
#2747=VERTEX_POINT('',#9505);
#2748=VERTEX_POINT('',#9509);
#2749=VERTEX_POINT('',#9511);
#2750=VERTEX_POINT('',#9515);
#2751=VERTEX_POINT('',#9517);
#2752=VERTEX_POINT('',#9521);
#2753=VERTEX_POINT('',#9522);
#2754=VERTEX_POINT('',#9524);
#2755=VERTEX_POINT('',#9526);
#2756=VERTEX_POINT('',#9530);
#2757=VERTEX_POINT('',#9532);
#2758=VERTEX_POINT('',#9536);
#2759=VERTEX_POINT('',#9538);
#2760=VERTEX_POINT('',#9542);
#2761=VERTEX_POINT('',#9543);
#2762=VERTEX_POINT('',#9545);
#2763=VERTEX_POINT('',#9547);
#2764=VERTEX_POINT('',#9551);
#2765=VERTEX_POINT('',#9553);
#2766=VERTEX_POINT('',#9557);
#2767=VERTEX_POINT('',#9559);
#2768=VERTEX_POINT('',#9563);
#2769=VERTEX_POINT('',#9565);
#2770=VERTEX_POINT('',#9567);
#2771=VERTEX_POINT('',#9569);
#2772=VERTEX_POINT('',#9603);
#2773=VERTEX_POINT('',#9605);
#2774=VERTEX_POINT('',#9607);
#2775=VERTEX_POINT('',#9609);
#2776=VERTEX_POINT('',#9611);
#2777=VERTEX_POINT('',#9613);
#2778=VERTEX_POINT('',#9615);
#2779=VERTEX_POINT('',#9617);
#2780=VERTEX_POINT('',#9619);
#2781=VERTEX_POINT('',#9621);
#2782=VERTEX_POINT('',#9623);
#2783=VERTEX_POINT('',#9625);
#2784=VERTEX_POINT('',#9627);
#2785=VERTEX_POINT('',#9629);
#2786=VERTEX_POINT('',#9631);
#2787=VERTEX_POINT('',#9633);
#2788=VERTEX_POINT('',#9635);
#2789=VERTEX_POINT('',#9637);
#2790=VERTEX_POINT('',#9639);
#2791=VERTEX_POINT('',#9641);
#2792=VERTEX_POINT('',#9643);
#2793=VERTEX_POINT('',#9645);
#2794=VERTEX_POINT('',#9647);
#2795=VERTEX_POINT('',#9649);
#2796=VERTEX_POINT('',#9651);
#2797=VERTEX_POINT('',#9653);
#2798=VERTEX_POINT('',#9655);
#2799=VERTEX_POINT('',#9657);
#2800=VERTEX_POINT('',#9659);
#2801=VERTEX_POINT('',#9661);
#2802=VERTEX_POINT('',#9663);
#2803=VERTEX_POINT('',#9665);
#2804=VERTEX_POINT('',#9667);
#2805=VERTEX_POINT('',#9669);
#2806=VERTEX_POINT('',#9671);
#2807=VERTEX_POINT('',#9673);
#2808=VERTEX_POINT('',#9675);
#2809=VERTEX_POINT('',#9677);
#2810=VERTEX_POINT('',#9679);
#2811=VERTEX_POINT('',#9681);
#2812=VERTEX_POINT('',#9683);
#2813=VERTEX_POINT('',#9685);
#2814=VERTEX_POINT('',#9687);
#2815=VERTEX_POINT('',#9689);
#2816=VERTEX_POINT('',#9691);
#2817=VERTEX_POINT('',#9693);
#2818=VERTEX_POINT('',#9695);
#2819=VERTEX_POINT('',#9697);
#2820=VERTEX_POINT('',#9699);
#2821=VERTEX_POINT('',#9701);
#2822=VERTEX_POINT('',#9711);
#2823=VERTEX_POINT('',#9715);
#2824=VERTEX_POINT('',#9781);
#2825=VERTEX_POINT('',#9793);
#2826=VERTEX_POINT('',#9794);
#2827=VERTEX_POINT('',#9798);
#2828=VERTEX_POINT('',#9799);
#2829=VERTEX_POINT('',#9801);
#2830=VERTEX_POINT('',#9803);
#2831=VERTEX_POINT('',#9805);
#2832=VERTEX_POINT('',#9807);
#2833=VERTEX_POINT('',#9809);
#2834=VERTEX_POINT('',#9811);
#2835=VERTEX_POINT('',#9815);
#2836=VERTEX_POINT('',#9816);
#2837=VERTEX_POINT('',#9818);
#2838=VERTEX_POINT('',#9820);
#2839=VERTEX_POINT('',#9822);
#2840=VERTEX_POINT('',#9824);
#2841=VERTEX_POINT('',#9826);
#2842=VERTEX_POINT('',#9828);
#2843=VERTEX_POINT('',#9830);
#2844=VERTEX_POINT('',#9834);
#2845=VERTEX_POINT('',#9835);
#2846=VERTEX_POINT('',#9837);
#2847=VERTEX_POINT('',#9839);
#2848=VERTEX_POINT('',#9841);
#2849=VERTEX_POINT('',#9843);
#2850=VERTEX_POINT('',#9845);
#2851=VERTEX_POINT('',#9847);
#2852=VERTEX_POINT('',#9851);
#2853=VERTEX_POINT('',#9852);
#2854=VERTEX_POINT('',#9854);
#2855=VERTEX_POINT('',#9856);
#2856=VERTEX_POINT('',#9858);
#2857=VERTEX_POINT('',#9860);
#2858=VERTEX_POINT('',#9862);
#2859=VERTEX_POINT('',#9864);
#2860=VERTEX_POINT('',#9868);
#2861=VERTEX_POINT('',#9869);
#2862=VERTEX_POINT('',#9871);
#2863=VERTEX_POINT('',#9873);
#2864=VERTEX_POINT('',#9875);
#2865=VERTEX_POINT('',#9877);
#2866=VERTEX_POINT('',#9879);
#2867=VERTEX_POINT('',#9881);
#2868=VERTEX_POINT('',#9885);
#2869=VERTEX_POINT('',#9887);
#2870=VERTEX_POINT('',#9895);
#2871=VERTEX_POINT('',#9896);
#2872=VERTEX_POINT('',#9898);
#2873=VERTEX_POINT('',#9900);
#2874=VERTEX_POINT('',#9904);
#2875=VERTEX_POINT('',#9905);
#2876=VERTEX_POINT('',#9907);
#2877=VERTEX_POINT('',#9909);
#2878=VERTEX_POINT('',#9913);
#2879=VERTEX_POINT('',#9914);
#2880=VERTEX_POINT('',#9916);
#2881=VERTEX_POINT('',#9918);
#2882=VERTEX_POINT('',#9922);
#2883=VERTEX_POINT('',#9923);
#2884=VERTEX_POINT('',#9925);
#2885=VERTEX_POINT('',#9927);
#2886=VERTEX_POINT('',#9931);
#2887=VERTEX_POINT('',#9932);
#2888=VERTEX_POINT('',#9934);
#2889=VERTEX_POINT('',#9936);
#2890=VERTEX_POINT('',#9940);
#2891=VERTEX_POINT('',#9941);
#2892=VERTEX_POINT('',#9943);
#2893=VERTEX_POINT('',#9945);
#2894=VERTEX_POINT('',#9949);
#2895=VERTEX_POINT('',#9950);
#2896=VERTEX_POINT('',#9952);
#2897=VERTEX_POINT('',#9954);
#2898=VERTEX_POINT('',#9958);
#2899=VERTEX_POINT('',#9959);
#2900=VERTEX_POINT('',#9961);
#2901=VERTEX_POINT('',#9963);
#2902=VERTEX_POINT('',#9967);
#2903=VERTEX_POINT('',#9968);
#2904=VERTEX_POINT('',#9970);
#2905=VERTEX_POINT('',#9972);
#2906=VERTEX_POINT('',#9976);
#2907=VERTEX_POINT('',#9977);
#2908=VERTEX_POINT('',#9979);
#2909=VERTEX_POINT('',#9981);
#2910=VERTEX_POINT('',#9985);
#2911=VERTEX_POINT('',#9986);
#2912=VERTEX_POINT('',#9988);
#2913=VERTEX_POINT('',#9990);
#2914=VERTEX_POINT('',#9992);
#2915=VERTEX_POINT('',#9996);
#2916=VERTEX_POINT('',#9998);
#2917=VERTEX_POINT('',#10002);
#2918=VERTEX_POINT('',#10004);
#2919=VERTEX_POINT('',#10008);
#2920=VERTEX_POINT('',#10010);
#2921=VERTEX_POINT('',#10014);
#2922=VERTEX_POINT('',#10016);
#2923=VERTEX_POINT('',#10020);
#2924=VERTEX_POINT('',#10022);
#2925=VERTEX_POINT('',#10026);
#2926=VERTEX_POINT('',#10028);
#2927=VERTEX_POINT('',#10030);
#2928=VERTEX_POINT('',#10034);
#2929=VERTEX_POINT('',#10036);
#2930=VERTEX_POINT('',#10040);
#2931=VERTEX_POINT('',#10042);
#2932=VERTEX_POINT('',#10046);
#2933=VERTEX_POINT('',#10048);
#2934=VERTEX_POINT('',#10052);
#2935=VERTEX_POINT('',#10054);
#2936=VERTEX_POINT('',#10058);
#2937=VERTEX_POINT('',#10060);
#2938=VERTEX_POINT('',#10064);
#2939=VERTEX_POINT('',#10065);
#2940=VERTEX_POINT('',#10067);
#2941=VERTEX_POINT('',#10069);
#2942=VERTEX_POINT('',#10073);
#2943=VERTEX_POINT('',#10075);
#2944=VERTEX_POINT('',#10092);
#2945=VERTEX_POINT('',#10094);
#2946=VERTEX_POINT('',#10135);
#2947=VERTEX_POINT('',#10150);
#2948=VERTEX_POINT('',#10178);
#2949=VERTEX_POINT('',#10180);
#2950=VERTEX_POINT('',#10208);
#2951=VERTEX_POINT('',#10210);
#2952=VERTEX_POINT('',#10226);
#2953=VERTEX_POINT('',#10239);
#2954=VERTEX_POINT('',#10254);
#2955=VERTEX_POINT('',#10269);
#2956=VERTEX_POINT('',#10297);
#2957=VERTEX_POINT('',#10299);
#2958=VERTEX_POINT('',#10315);
#2959=VERTEX_POINT('',#10328);
#2960=VERTEX_POINT('',#10330);
#2961=VERTEX_POINT('',#10332);
#2962=VERTEX_POINT('',#10373);
#2963=VERTEX_POINT('',#10388);
#2964=VERTEX_POINT('',#10441);
#2965=VERTEX_POINT('',#10456);
#2966=VERTEX_POINT('',#10472);
#2967=VERTEX_POINT('',#10487);
#2968=VERTEX_POINT('',#10503);
#2969=VERTEX_POINT('',#10518);
#2970=VERTEX_POINT('',#10534);
#2971=VERTEX_POINT('',#10549);
#2972=VERTEX_POINT('',#10565);
#2973=VERTEX_POINT('',#10580);
#2974=VERTEX_POINT('',#10582);
#2975=VERTEX_POINT('',#10584);
#2976=VERTEX_POINT('',#10599);
#2977=VERTEX_POINT('',#10614);
#2978=VERTEX_POINT('',#10630);
#2979=VERTEX_POINT('',#10645);
#2980=VERTEX_POINT('',#10684);
#2981=VERTEX_POINT('',#10688);
#2982=VERTEX_POINT('',#10716);
#2983=VERTEX_POINT('',#10731);
#2984=VERTEX_POINT('',#10770);
#2985=VERTEX_POINT('',#10774);
#2986=VERTEX_POINT('',#10786);
#2987=VERTEX_POINT('',#10801);
#2988=VERTEX_POINT('',#10840);
#2989=VERTEX_POINT('',#10844);
#2990=VERTEX_POINT('',#10849);
#2991=VERTEX_POINT('',#10850);
#2992=VERTEX_POINT('',#10869);
#2993=VERTEX_POINT('',#10873);
#2994=VERTEX_POINT('',#10883);
#2995=VERTEX_POINT('',#10885);
#2996=VERTEX_POINT('',#10889);
#2997=VERTEX_POINT('',#10891);
#2998=VERTEX_POINT('',#10903);
#2999=VERTEX_POINT('',#10906);
#3000=VERTEX_POINT('',#10908);
#3001=VERTEX_POINT('',#10910);
#3002=VERTEX_POINT('',#10918);
#3003=VERTEX_POINT('',#10919);
#3004=EDGE_CURVE('',#2427,#2428,#2371,.T.);
#3005=EDGE_CURVE('',#2428,#2427,#2372,.T.);
#3006=EDGE_CURVE('',#2428,#2429,#1519,.T.);
#3007=EDGE_CURVE('',#2430,#2429,#2373,.T.);
#3008=EDGE_CURVE('',#2429,#2430,#2374,.T.);
#3009=EDGE_CURVE('',#2431,#2432,#2375,.T.);
#3010=EDGE_CURVE('',#2432,#2431,#2376,.T.);
#3011=EDGE_CURVE('',#2432,#2433,#1520,.T.);
#3012=EDGE_CURVE('',#2434,#2433,#2377,.T.);
#3013=EDGE_CURVE('',#2433,#2434,#2378,.T.);
#3014=EDGE_CURVE('',#2435,#2435,#258,.T.);
#3015=EDGE_CURVE('',#2435,#2436,#1521,.T.);
#3016=EDGE_CURVE('',#2436,#2437,#259,.T.);
#3017=EDGE_CURVE('',#2437,#2436,#260,.T.);
#3018=EDGE_CURVE('',#2437,#2438,#1522,.T.);
#3019=EDGE_CURVE('',#2439,#2438,#261,.T.);
#3020=EDGE_CURVE('',#2438,#2439,#262,.T.);
#3021=EDGE_CURVE('',#2440,#2440,#263,.T.);
#3022=EDGE_CURVE('',#2441,#2442,#264,.T.);
#3023=EDGE_CURVE('',#2442,#2441,#265,.T.);
#3024=EDGE_CURVE('',#2443,#2443,#266,.T.);
#3025=EDGE_CURVE('',#2440,#2443,#1523,.T.);
#3026=EDGE_CURVE('',#2444,#2445,#267,.T.);
#3027=EDGE_CURVE('',#2445,#2444,#268,.T.);
#3028=EDGE_CURVE('',#2445,#2446,#1524,.T.);
#3029=EDGE_CURVE('',#2447,#2446,#269,.T.);
#3030=EDGE_CURVE('',#2446,#2447,#270,.T.);
#3031=EDGE_CURVE('',#2446,#2448,#1525,.T.);
#3032=EDGE_CURVE('',#2448,#2448,#271,.T.);
#3033=EDGE_CURVE('',#2449,#2450,#272,.T.);
#3034=EDGE_CURVE('',#2450,#2449,#273,.T.);
#3035=EDGE_CURVE('',#2450,#2451,#1526,.T.);
#3036=EDGE_CURVE('',#2452,#2451,#274,.T.);
#3037=EDGE_CURVE('',#2451,#2452,#275,.T.);
#3038=EDGE_CURVE('',#2451,#2453,#1527,.T.);
#3039=EDGE_CURVE('',#2453,#2453,#276,.T.);
#3040=EDGE_CURVE('',#2454,#2455,#277,.T.);
#3041=EDGE_CURVE('',#2455,#2454,#278,.T.);
#3042=EDGE_CURVE('',#2455,#2456,#1528,.T.);
#3043=EDGE_CURVE('',#2457,#2456,#279,.T.);
#3044=EDGE_CURVE('',#2456,#2457,#280,.T.);
#3045=EDGE_CURVE('',#2456,#2458,#1529,.T.);
#3046=EDGE_CURVE('',#2458,#2458,#281,.T.);
#3047=EDGE_CURVE('',#2459,#2460,#282,.T.);
#3048=EDGE_CURVE('',#2460,#2459,#283,.T.);
#3049=EDGE_CURVE('',#2460,#2461,#1530,.T.);
#3050=EDGE_CURVE('',#2462,#2461,#284,.T.);
#3051=EDGE_CURVE('',#2461,#2462,#285,.T.);
#3052=EDGE_CURVE('',#2461,#2463,#1531,.T.);
#3053=EDGE_CURVE('',#2463,#2463,#286,.T.);
#3054=EDGE_CURVE('',#2464,#2465,#287,.T.);
#3055=EDGE_CURVE('',#2466,#2464,#1532,.T.);
#3056=EDGE_CURVE('',#2467,#2466,#288,.T.);
#3057=EDGE_CURVE('',#2465,#2467,#1533,.T.);
#3058=EDGE_CURVE('',#2465,#2468,#1534,.T.);
#3059=EDGE_CURVE('',#2469,#2467,#1535,.T.);
#3060=EDGE_CURVE('',#2468,#2469,#1536,.T.);
#3061=EDGE_CURVE('',#2470,#2464,#1537,.T.);
#3062=EDGE_CURVE('',#2471,#2470,#1538,.T.);
#3063=EDGE_CURVE('',#2466,#2471,#1539,.T.);
#3064=EDGE_CURVE('',#2472,#2473,#289,.T.);
#3065=EDGE_CURVE('',#2474,#2472,#1540,.T.);
#3066=EDGE_CURVE('',#2475,#2474,#290,.T.);
#3067=EDGE_CURVE('',#2473,#2475,#1541,.T.);
#3068=EDGE_CURVE('',#2473,#2476,#1542,.T.);
#3069=EDGE_CURVE('',#2477,#2475,#1543,.T.);
#3070=EDGE_CURVE('',#2476,#2477,#1544,.T.);
#3071=EDGE_CURVE('',#2478,#2472,#1545,.T.);
#3072=EDGE_CURVE('',#2479,#2478,#1546,.T.);
#3073=EDGE_CURVE('',#2474,#2479,#1547,.T.);
#3074=EDGE_CURVE('',#2480,#2481,#291,.T.);
#3075=EDGE_CURVE('',#2482,#2480,#1548,.T.);
#3076=EDGE_CURVE('',#2483,#2482,#292,.T.);
#3077=EDGE_CURVE('',#2481,#2483,#1549,.T.);
#3078=EDGE_CURVE('',#2481,#2484,#1550,.T.);
#3079=EDGE_CURVE('',#2485,#2483,#1551,.T.);
#3080=EDGE_CURVE('',#2484,#2485,#1552,.T.);
#3081=EDGE_CURVE('',#2486,#2480,#1553,.T.);
#3082=EDGE_CURVE('',#2487,#2486,#1554,.T.);
#3083=EDGE_CURVE('',#2482,#2487,#1555,.T.);
#3084=EDGE_CURVE('',#2488,#2489,#293,.T.);
#3085=EDGE_CURVE('',#2490,#2488,#1556,.T.);
#3086=EDGE_CURVE('',#2491,#2490,#294,.T.);
#3087=EDGE_CURVE('',#2489,#2491,#1557,.T.);
#3088=EDGE_CURVE('',#2489,#2492,#1558,.T.);
#3089=EDGE_CURVE('',#2493,#2491,#1559,.T.);
#3090=EDGE_CURVE('',#2492,#2493,#1560,.T.);
#3091=EDGE_CURVE('',#2494,#2488,#1561,.T.);
#3092=EDGE_CURVE('',#2495,#2494,#1562,.T.);
#3093=EDGE_CURVE('',#2490,#2495,#1563,.T.);
#3094=EDGE_CURVE('',#2496,#2497,#295,.T.);
#3095=EDGE_CURVE('',#2498,#2496,#1564,.T.);
#3096=EDGE_CURVE('',#2499,#2498,#296,.T.);
#3097=EDGE_CURVE('',#2497,#2499,#1565,.T.);
#3098=EDGE_CURVE('',#2497,#2500,#1566,.T.);
#3099=EDGE_CURVE('',#2501,#2499,#1567,.T.);
#3100=EDGE_CURVE('',#2500,#2501,#1568,.T.);
#3101=EDGE_CURVE('',#2502,#2496,#1569,.T.);
#3102=EDGE_CURVE('',#2503,#2502,#1570,.T.);
#3103=EDGE_CURVE('',#2498,#2503,#1571,.T.);
#3104=EDGE_CURVE('',#2504,#2505,#297,.T.);
#3105=EDGE_CURVE('',#2506,#2504,#1572,.T.);
#3106=EDGE_CURVE('',#2507,#2506,#298,.T.);
#3107=EDGE_CURVE('',#2505,#2507,#1573,.T.);
#3108=EDGE_CURVE('',#2505,#2508,#1574,.T.);
#3109=EDGE_CURVE('',#2509,#2507,#1575,.T.);
#3110=EDGE_CURVE('',#2508,#2509,#1576,.T.);
#3111=EDGE_CURVE('',#2510,#2504,#1577,.T.);
#3112=EDGE_CURVE('',#2511,#2510,#1578,.T.);
#3113=EDGE_CURVE('',#2506,#2511,#1579,.T.);
#3114=EDGE_CURVE('',#2512,#2513,#299,.T.);
#3115=EDGE_CURVE('',#2514,#2512,#1580,.T.);
#3116=EDGE_CURVE('',#2515,#2514,#300,.T.);
#3117=EDGE_CURVE('',#2513,#2515,#1581,.T.);
#3118=EDGE_CURVE('',#2513,#2516,#1582,.T.);
#3119=EDGE_CURVE('',#2517,#2515,#1583,.T.);
#3120=EDGE_CURVE('',#2516,#2517,#1584,.T.);
#3121=EDGE_CURVE('',#2518,#2512,#1585,.T.);
#3122=EDGE_CURVE('',#2519,#2518,#1586,.T.);
#3123=EDGE_CURVE('',#2514,#2519,#1587,.T.);
#3124=EDGE_CURVE('',#2520,#2521,#301,.T.);
#3125=EDGE_CURVE('',#2522,#2520,#1588,.T.);
#3126=EDGE_CURVE('',#2523,#2522,#302,.T.);
#3127=EDGE_CURVE('',#2521,#2523,#1589,.T.);
#3128=EDGE_CURVE('',#2521,#2524,#1590,.T.);
#3129=EDGE_CURVE('',#2525,#2523,#1591,.T.);
#3130=EDGE_CURVE('',#2524,#2525,#1592,.T.);
#3131=EDGE_CURVE('',#2526,#2520,#1593,.T.);
#3132=EDGE_CURVE('',#2527,#2526,#1594,.T.);
#3133=EDGE_CURVE('',#2522,#2527,#1595,.T.);
#3134=EDGE_CURVE('',#2528,#2529,#303,.T.);
#3135=EDGE_CURVE('',#2530,#2528,#1596,.T.);
#3136=EDGE_CURVE('',#2531,#2530,#304,.T.);
#3137=EDGE_CURVE('',#2529,#2531,#1597,.T.);
#3138=EDGE_CURVE('',#2529,#2532,#1598,.T.);
#3139=EDGE_CURVE('',#2533,#2531,#1599,.T.);
#3140=EDGE_CURVE('',#2532,#2533,#1600,.T.);
#3141=EDGE_CURVE('',#2534,#2528,#1601,.T.);
#3142=EDGE_CURVE('',#2535,#2534,#1602,.T.);
#3143=EDGE_CURVE('',#2530,#2535,#1603,.T.);
#3144=EDGE_CURVE('',#2536,#2537,#305,.T.);
#3145=EDGE_CURVE('',#2538,#2536,#1604,.T.);
#3146=EDGE_CURVE('',#2539,#2538,#306,.T.);
#3147=EDGE_CURVE('',#2537,#2539,#1605,.T.);
#3148=EDGE_CURVE('',#2537,#2540,#1606,.T.);
#3149=EDGE_CURVE('',#2541,#2539,#1607,.T.);
#3150=EDGE_CURVE('',#2540,#2541,#1608,.T.);
#3151=EDGE_CURVE('',#2542,#2536,#1609,.T.);
#3152=EDGE_CURVE('',#2543,#2542,#1610,.T.);
#3153=EDGE_CURVE('',#2538,#2543,#1611,.T.);
#3154=EDGE_CURVE('',#2544,#2545,#307,.T.);
#3155=EDGE_CURVE('',#2546,#2544,#1612,.T.);
#3156=EDGE_CURVE('',#2547,#2546,#308,.T.);
#3157=EDGE_CURVE('',#2545,#2547,#1613,.T.);
#3158=EDGE_CURVE('',#2545,#2548,#1614,.T.);
#3159=EDGE_CURVE('',#2549,#2547,#1615,.T.);
#3160=EDGE_CURVE('',#2548,#2549,#1616,.T.);
#3161=EDGE_CURVE('',#2550,#2544,#1617,.T.);
#3162=EDGE_CURVE('',#2551,#2550,#1618,.T.);
#3163=EDGE_CURVE('',#2546,#2551,#1619,.T.);
#3164=EDGE_CURVE('',#2552,#2553,#309,.T.);
#3165=EDGE_CURVE('',#2554,#2552,#1620,.T.);
#3166=EDGE_CURVE('',#2555,#2554,#310,.T.);
#3167=EDGE_CURVE('',#2553,#2555,#1621,.T.);
#3168=EDGE_CURVE('',#2553,#2556,#1622,.T.);
#3169=EDGE_CURVE('',#2557,#2555,#1623,.T.);
#3170=EDGE_CURVE('',#2556,#2557,#1624,.T.);
#3171=EDGE_CURVE('',#2558,#2552,#1625,.T.);
#3172=EDGE_CURVE('',#2559,#2558,#1626,.T.);
#3173=EDGE_CURVE('',#2554,#2559,#1627,.T.);
#3174=EDGE_CURVE('',#2560,#2561,#311,.T.);
#3175=EDGE_CURVE('',#2562,#2560,#1628,.T.);
#3176=EDGE_CURVE('',#2563,#2562,#312,.T.);
#3177=EDGE_CURVE('',#2561,#2563,#1629,.T.);
#3178=EDGE_CURVE('',#2561,#2564,#1630,.T.);
#3179=EDGE_CURVE('',#2565,#2563,#1631,.T.);
#3180=EDGE_CURVE('',#2564,#2565,#1632,.T.);
#3181=EDGE_CURVE('',#2566,#2560,#1633,.T.);
#3182=EDGE_CURVE('',#2567,#2566,#1634,.T.);
#3183=EDGE_CURVE('',#2562,#2567,#1635,.T.);
#3184=EDGE_CURVE('',#2568,#2569,#313,.T.);
#3185=EDGE_CURVE('',#2570,#2568,#1636,.T.);
#3186=EDGE_CURVE('',#2571,#2570,#314,.T.);
#3187=EDGE_CURVE('',#2569,#2571,#1637,.T.);
#3188=EDGE_CURVE('',#2569,#2572,#1638,.T.);
#3189=EDGE_CURVE('',#2573,#2571,#1639,.T.);
#3190=EDGE_CURVE('',#2572,#2573,#1640,.T.);
#3191=EDGE_CURVE('',#2574,#2568,#1641,.T.);
#3192=EDGE_CURVE('',#2575,#2574,#1642,.T.);
#3193=EDGE_CURVE('',#2570,#2575,#1643,.T.);
#3194=EDGE_CURVE('',#2576,#2577,#315,.T.);
#3195=EDGE_CURVE('',#2578,#2576,#1644,.T.);
#3196=EDGE_CURVE('',#2579,#2578,#316,.T.);
#3197=EDGE_CURVE('',#2577,#2579,#1645,.T.);
#3198=EDGE_CURVE('',#2577,#2580,#1646,.T.);
#3199=EDGE_CURVE('',#2581,#2579,#1647,.T.);
#3200=EDGE_CURVE('',#2580,#2581,#1648,.T.);
#3201=EDGE_CURVE('',#2582,#2576,#1649,.T.);
#3202=EDGE_CURVE('',#2583,#2582,#1650,.T.);
#3203=EDGE_CURVE('',#2578,#2583,#1651,.T.);
#3204=EDGE_CURVE('',#2584,#2585,#317,.T.);
#3205=EDGE_CURVE('',#2586,#2584,#1652,.T.);
#3206=EDGE_CURVE('',#2587,#2586,#318,.T.);
#3207=EDGE_CURVE('',#2585,#2587,#1653,.T.);
#3208=EDGE_CURVE('',#2585,#2588,#1654,.T.);
#3209=EDGE_CURVE('',#2589,#2587,#1655,.T.);
#3210=EDGE_CURVE('',#2588,#2589,#1656,.T.);
#3211=EDGE_CURVE('',#2590,#2584,#1657,.T.);
#3212=EDGE_CURVE('',#2591,#2590,#1658,.T.);
#3213=EDGE_CURVE('',#2586,#2591,#1659,.T.);
#3214=EDGE_CURVE('',#2592,#2593,#319,.T.);
#3215=EDGE_CURVE('',#2594,#2592,#1660,.T.);
#3216=EDGE_CURVE('',#2595,#2594,#320,.T.);
#3217=EDGE_CURVE('',#2593,#2595,#1661,.T.);
#3218=EDGE_CURVE('',#2593,#2596,#1662,.T.);
#3219=EDGE_CURVE('',#2597,#2595,#1663,.T.);
#3220=EDGE_CURVE('',#2596,#2597,#1664,.T.);
#3221=EDGE_CURVE('',#2598,#2592,#1665,.T.);
#3222=EDGE_CURVE('',#2599,#2598,#1666,.T.);
#3223=EDGE_CURVE('',#2594,#2599,#1667,.T.);
#3224=EDGE_CURVE('',#2600,#2601,#321,.T.);
#3225=EDGE_CURVE('',#2602,#2600,#1668,.T.);
#3226=EDGE_CURVE('',#2603,#2602,#322,.T.);
#3227=EDGE_CURVE('',#2601,#2603,#1669,.T.);
#3228=EDGE_CURVE('',#2601,#2604,#1670,.T.);
#3229=EDGE_CURVE('',#2605,#2603,#1671,.T.);
#3230=EDGE_CURVE('',#2604,#2605,#1672,.T.);
#3231=EDGE_CURVE('',#2606,#2600,#1673,.T.);
#3232=EDGE_CURVE('',#2607,#2606,#1674,.T.);
#3233=EDGE_CURVE('',#2602,#2607,#1675,.T.);
#3234=EDGE_CURVE('',#2608,#2609,#323,.T.);
#3235=EDGE_CURVE('',#2610,#2608,#1676,.T.);
#3236=EDGE_CURVE('',#2611,#2610,#324,.T.);
#3237=EDGE_CURVE('',#2609,#2611,#1677,.T.);
#3238=EDGE_CURVE('',#2609,#2612,#1678,.T.);
#3239=EDGE_CURVE('',#2613,#2611,#1679,.T.);
#3240=EDGE_CURVE('',#2612,#2613,#1680,.T.);
#3241=EDGE_CURVE('',#2614,#2608,#1681,.T.);
#3242=EDGE_CURVE('',#2615,#2614,#1682,.T.);
#3243=EDGE_CURVE('',#2610,#2615,#1683,.T.);
#3244=EDGE_CURVE('',#2616,#2617,#325,.T.);
#3245=EDGE_CURVE('',#2618,#2616,#1684,.T.);
#3246=EDGE_CURVE('',#2619,#2618,#326,.T.);
#3247=EDGE_CURVE('',#2617,#2619,#1685,.T.);
#3248=EDGE_CURVE('',#2617,#2620,#1686,.T.);
#3249=EDGE_CURVE('',#2621,#2619,#1687,.T.);
#3250=EDGE_CURVE('',#2620,#2621,#1688,.T.);
#3251=EDGE_CURVE('',#2622,#2616,#1689,.T.);
#3252=EDGE_CURVE('',#2623,#2622,#1690,.T.);
#3253=EDGE_CURVE('',#2618,#2623,#1691,.T.);
#3254=EDGE_CURVE('',#2624,#2625,#327,.T.);
#3255=EDGE_CURVE('',#2626,#2624,#1692,.T.);
#3256=EDGE_CURVE('',#2627,#2626,#328,.T.);
#3257=EDGE_CURVE('',#2625,#2627,#1693,.T.);
#3258=EDGE_CURVE('',#2625,#2628,#1694,.T.);
#3259=EDGE_CURVE('',#2629,#2627,#1695,.T.);
#3260=EDGE_CURVE('',#2628,#2629,#1696,.T.);
#3261=EDGE_CURVE('',#2630,#2624,#1697,.T.);
#3262=EDGE_CURVE('',#2631,#2630,#1698,.T.);
#3263=EDGE_CURVE('',#2626,#2631,#1699,.T.);
#3264=EDGE_CURVE('',#2632,#2633,#329,.T.);
#3265=EDGE_CURVE('',#2634,#2632,#1700,.T.);
#3266=EDGE_CURVE('',#2635,#2634,#330,.T.);
#3267=EDGE_CURVE('',#2633,#2635,#1701,.T.);
#3268=EDGE_CURVE('',#2633,#2636,#1702,.T.);
#3269=EDGE_CURVE('',#2637,#2635,#1703,.T.);
#3270=EDGE_CURVE('',#2636,#2637,#1704,.T.);
#3271=EDGE_CURVE('',#2638,#2632,#1705,.T.);
#3272=EDGE_CURVE('',#2639,#2638,#1706,.T.);
#3273=EDGE_CURVE('',#2634,#2639,#1707,.T.);
#3274=EDGE_CURVE('',#2640,#2641,#331,.T.);
#3275=EDGE_CURVE('',#2642,#2640,#1708,.T.);
#3276=EDGE_CURVE('',#2643,#2642,#332,.T.);
#3277=EDGE_CURVE('',#2641,#2643,#1709,.T.);
#3278=EDGE_CURVE('',#2641,#2644,#1710,.T.);
#3279=EDGE_CURVE('',#2645,#2643,#1711,.T.);
#3280=EDGE_CURVE('',#2644,#2645,#1712,.T.);
#3281=EDGE_CURVE('',#2646,#2640,#1713,.T.);
#3282=EDGE_CURVE('',#2647,#2646,#1714,.T.);
#3283=EDGE_CURVE('',#2642,#2647,#1715,.T.);
#3284=EDGE_CURVE('',#2648,#2649,#333,.T.);
#3285=EDGE_CURVE('',#2650,#2648,#1716,.T.);
#3286=EDGE_CURVE('',#2651,#2650,#334,.T.);
#3287=EDGE_CURVE('',#2649,#2651,#1717,.T.);
#3288=EDGE_CURVE('',#2649,#2652,#1718,.T.);
#3289=EDGE_CURVE('',#2653,#2651,#1719,.T.);
#3290=EDGE_CURVE('',#2652,#2653,#1720,.T.);
#3291=EDGE_CURVE('',#2654,#2648,#1721,.T.);
#3292=EDGE_CURVE('',#2655,#2654,#1722,.T.);
#3293=EDGE_CURVE('',#2650,#2655,#1723,.T.);
#3294=EDGE_CURVE('',#2656,#2657,#335,.T.);
#3295=EDGE_CURVE('',#2658,#2656,#1724,.T.);
#3296=EDGE_CURVE('',#2659,#2658,#336,.T.);
#3297=EDGE_CURVE('',#2657,#2659,#1725,.T.);
#3298=EDGE_CURVE('',#2657,#2660,#1726,.T.);
#3299=EDGE_CURVE('',#2661,#2659,#1727,.T.);
#3300=EDGE_CURVE('',#2660,#2661,#1728,.T.);
#3301=EDGE_CURVE('',#2662,#2656,#1729,.T.);
#3302=EDGE_CURVE('',#2663,#2662,#1730,.T.);
#3303=EDGE_CURVE('',#2658,#2663,#1731,.T.);
#3304=EDGE_CURVE('',#2664,#2665,#337,.T.);
#3305=EDGE_CURVE('',#2666,#2664,#1732,.T.);
#3306=EDGE_CURVE('',#2667,#2666,#338,.T.);
#3307=EDGE_CURVE('',#2665,#2667,#1733,.T.);
#3308=EDGE_CURVE('',#2665,#2668,#1734,.T.);
#3309=EDGE_CURVE('',#2669,#2667,#1735,.T.);
#3310=EDGE_CURVE('',#2668,#2669,#1736,.T.);
#3311=EDGE_CURVE('',#2670,#2664,#1737,.T.);
#3312=EDGE_CURVE('',#2671,#2670,#1738,.T.);
#3313=EDGE_CURVE('',#2666,#2671,#1739,.T.);
#3314=EDGE_CURVE('',#2672,#2673,#339,.T.);
#3315=EDGE_CURVE('',#2674,#2672,#1740,.T.);
#3316=EDGE_CURVE('',#2675,#2674,#340,.T.);
#3317=EDGE_CURVE('',#2673,#2675,#1741,.T.);
#3318=EDGE_CURVE('',#2673,#2676,#1742,.T.);
#3319=EDGE_CURVE('',#2677,#2675,#1743,.T.);
#3320=EDGE_CURVE('',#2676,#2677,#1744,.T.);
#3321=EDGE_CURVE('',#2678,#2672,#1745,.T.);
#3322=EDGE_CURVE('',#2679,#2678,#1746,.T.);
#3323=EDGE_CURVE('',#2674,#2679,#1747,.T.);
#3324=EDGE_CURVE('',#2680,#2681,#341,.T.);
#3325=EDGE_CURVE('',#2682,#2680,#1748,.T.);
#3326=EDGE_CURVE('',#2683,#2682,#342,.T.);
#3327=EDGE_CURVE('',#2681,#2683,#1749,.T.);
#3328=EDGE_CURVE('',#2681,#2684,#1750,.T.);
#3329=EDGE_CURVE('',#2685,#2683,#1751,.T.);
#3330=EDGE_CURVE('',#2684,#2685,#1752,.T.);
#3331=EDGE_CURVE('',#2686,#2680,#1753,.T.);
#3332=EDGE_CURVE('',#2687,#2686,#1754,.T.);
#3333=EDGE_CURVE('',#2682,#2687,#1755,.T.);
#3334=EDGE_CURVE('',#2688,#2689,#343,.T.);
#3335=EDGE_CURVE('',#2690,#2688,#1756,.T.);
#3336=EDGE_CURVE('',#2691,#2690,#344,.T.);
#3337=EDGE_CURVE('',#2689,#2691,#1757,.T.);
#3338=EDGE_CURVE('',#2689,#2692,#1758,.T.);
#3339=EDGE_CURVE('',#2693,#2691,#1759,.T.);
#3340=EDGE_CURVE('',#2692,#2693,#1760,.T.);
#3341=EDGE_CURVE('',#2694,#2688,#1761,.T.);
#3342=EDGE_CURVE('',#2695,#2694,#1762,.T.);
#3343=EDGE_CURVE('',#2690,#2695,#1763,.T.);
#3344=EDGE_CURVE('',#2696,#2697,#345,.T.);
#3345=EDGE_CURVE('',#2698,#2696,#1764,.T.);
#3346=EDGE_CURVE('',#2699,#2698,#346,.T.);
#3347=EDGE_CURVE('',#2697,#2699,#1765,.T.);
#3348=EDGE_CURVE('',#2697,#2700,#1766,.T.);
#3349=EDGE_CURVE('',#2701,#2699,#1767,.T.);
#3350=EDGE_CURVE('',#2700,#2701,#1768,.T.);
#3351=EDGE_CURVE('',#2702,#2696,#1769,.T.);
#3352=EDGE_CURVE('',#2703,#2702,#1770,.T.);
#3353=EDGE_CURVE('',#2698,#2703,#1771,.T.);
#3354=EDGE_CURVE('',#2704,#2705,#347,.T.);
#3355=EDGE_CURVE('',#2706,#2704,#1772,.T.);
#3356=EDGE_CURVE('',#2707,#2706,#348,.T.);
#3357=EDGE_CURVE('',#2705,#2707,#1773,.T.);
#3358=EDGE_CURVE('',#2705,#2708,#1774,.T.);
#3359=EDGE_CURVE('',#2709,#2707,#1775,.T.);
#3360=EDGE_CURVE('',#2708,#2709,#1776,.T.);
#3361=EDGE_CURVE('',#2710,#2704,#1777,.T.);
#3362=EDGE_CURVE('',#2711,#2710,#1778,.T.);
#3363=EDGE_CURVE('',#2706,#2711,#1779,.T.);
#3364=EDGE_CURVE('',#2712,#2713,#349,.T.);
#3365=EDGE_CURVE('',#2714,#2712,#1780,.T.);
#3366=EDGE_CURVE('',#2715,#2714,#350,.T.);
#3367=EDGE_CURVE('',#2713,#2715,#1781,.T.);
#3368=EDGE_CURVE('',#2713,#2716,#1782,.T.);
#3369=EDGE_CURVE('',#2717,#2715,#1783,.T.);
#3370=EDGE_CURVE('',#2716,#2717,#1784,.T.);
#3371=EDGE_CURVE('',#2718,#2712,#1785,.T.);
#3372=EDGE_CURVE('',#2719,#2718,#1786,.T.);
#3373=EDGE_CURVE('',#2714,#2719,#1787,.T.);
#3374=EDGE_CURVE('',#2720,#2721,#351,.T.);
#3375=EDGE_CURVE('',#2722,#2720,#1788,.T.);
#3376=EDGE_CURVE('',#2723,#2722,#352,.T.);
#3377=EDGE_CURVE('',#2721,#2723,#1789,.T.);
#3378=EDGE_CURVE('',#2721,#2724,#1790,.T.);
#3379=EDGE_CURVE('',#2725,#2723,#1791,.T.);
#3380=EDGE_CURVE('',#2724,#2725,#1792,.T.);
#3381=EDGE_CURVE('',#2726,#2720,#1793,.T.);
#3382=EDGE_CURVE('',#2727,#2726,#1794,.T.);
#3383=EDGE_CURVE('',#2722,#2727,#1795,.T.);
#3384=EDGE_CURVE('',#2728,#2729,#353,.T.);
#3385=EDGE_CURVE('',#2730,#2728,#1796,.T.);
#3386=EDGE_CURVE('',#2731,#2730,#354,.T.);
#3387=EDGE_CURVE('',#2729,#2731,#1797,.T.);
#3388=EDGE_CURVE('',#2729,#2732,#1798,.T.);
#3389=EDGE_CURVE('',#2733,#2731,#1799,.T.);
#3390=EDGE_CURVE('',#2732,#2733,#1800,.T.);
#3391=EDGE_CURVE('',#2734,#2728,#1801,.T.);
#3392=EDGE_CURVE('',#2735,#2734,#1802,.T.);
#3393=EDGE_CURVE('',#2730,#2735,#1803,.T.);
#3394=EDGE_CURVE('',#2736,#2737,#355,.T.);
#3395=EDGE_CURVE('',#2738,#2736,#1804,.T.);
#3396=EDGE_CURVE('',#2739,#2738,#356,.T.);
#3397=EDGE_CURVE('',#2737,#2739,#1805,.T.);
#3398=EDGE_CURVE('',#2737,#2740,#1806,.T.);
#3399=EDGE_CURVE('',#2741,#2739,#1807,.T.);
#3400=EDGE_CURVE('',#2740,#2741,#1808,.T.);
#3401=EDGE_CURVE('',#2742,#2736,#1809,.T.);
#3402=EDGE_CURVE('',#2743,#2742,#1810,.T.);
#3403=EDGE_CURVE('',#2738,#2743,#1811,.T.);
#3404=EDGE_CURVE('',#2744,#2745,#357,.T.);
#3405=EDGE_CURVE('',#2746,#2744,#1812,.T.);
#3406=EDGE_CURVE('',#2747,#2746,#358,.T.);
#3407=EDGE_CURVE('',#2745,#2747,#1813,.T.);
#3408=EDGE_CURVE('',#2745,#2748,#1814,.T.);
#3409=EDGE_CURVE('',#2749,#2747,#1815,.T.);
#3410=EDGE_CURVE('',#2748,#2749,#1816,.T.);
#3411=EDGE_CURVE('',#2750,#2744,#1817,.T.);
#3412=EDGE_CURVE('',#2751,#2750,#1818,.T.);
#3413=EDGE_CURVE('',#2746,#2751,#1819,.T.);
#3414=EDGE_CURVE('',#2752,#2753,#359,.T.);
#3415=EDGE_CURVE('',#2754,#2752,#1820,.T.);
#3416=EDGE_CURVE('',#2755,#2754,#360,.T.);
#3417=EDGE_CURVE('',#2753,#2755,#1821,.T.);
#3418=EDGE_CURVE('',#2753,#2756,#1822,.T.);
#3419=EDGE_CURVE('',#2757,#2755,#1823,.T.);
#3420=EDGE_CURVE('',#2756,#2757,#1824,.T.);
#3421=EDGE_CURVE('',#2758,#2752,#1825,.T.);
#3422=EDGE_CURVE('',#2759,#2758,#1826,.T.);
#3423=EDGE_CURVE('',#2754,#2759,#1827,.T.);
#3424=EDGE_CURVE('',#2760,#2761,#361,.T.);
#3425=EDGE_CURVE('',#2762,#2760,#1828,.T.);
#3426=EDGE_CURVE('',#2763,#2762,#362,.T.);
#3427=EDGE_CURVE('',#2761,#2763,#1829,.T.);
#3428=EDGE_CURVE('',#2761,#2764,#1830,.T.);
#3429=EDGE_CURVE('',#2765,#2763,#1831,.T.);
#3430=EDGE_CURVE('',#2764,#2765,#1832,.T.);
#3431=EDGE_CURVE('',#2766,#2760,#1833,.T.);
#3432=EDGE_CURVE('',#2767,#2766,#1834,.T.);
#3433=EDGE_CURVE('',#2762,#2767,#1835,.T.);
#3434=EDGE_CURVE('',#2468,#2768,#363,.T.);
#3435=EDGE_CURVE('',#2768,#2769,#1836,.T.);
#3436=EDGE_CURVE('',#2769,#2770,#364,.T.);
#3437=EDGE_CURVE('',#2770,#2771,#1837,.T.);
#3438=EDGE_CURVE('',#2771,#2766,#365,.T.);
#3439=EDGE_CURVE('',#2764,#2758,#366,.T.);
#3440=EDGE_CURVE('',#2756,#2750,#367,.T.);
#3441=EDGE_CURVE('',#2748,#2742,#368,.T.);
#3442=EDGE_CURVE('',#2740,#2734,#369,.T.);
#3443=EDGE_CURVE('',#2732,#2726,#370,.T.);
#3444=EDGE_CURVE('',#2724,#2718,#371,.T.);
#3445=EDGE_CURVE('',#2716,#2710,#372,.T.);
#3446=EDGE_CURVE('',#2708,#2702,#373,.T.);
#3447=EDGE_CURVE('',#2700,#2694,#374,.T.);
#3448=EDGE_CURVE('',#2692,#2686,#375,.T.);
#3449=EDGE_CURVE('',#2684,#2678,#376,.T.);
#3450=EDGE_CURVE('',#2676,#2670,#377,.T.);
#3451=EDGE_CURVE('',#2668,#2662,#378,.T.);
#3452=EDGE_CURVE('',#2660,#2654,#379,.T.);
#3453=EDGE_CURVE('',#2652,#2646,#380,.T.);
#3454=EDGE_CURVE('',#2644,#2638,#381,.T.);
#3455=EDGE_CURVE('',#2636,#2630,#382,.T.);
#3456=EDGE_CURVE('',#2628,#2622,#383,.T.);
#3457=EDGE_CURVE('',#2620,#2614,#384,.T.);
#3458=EDGE_CURVE('',#2612,#2606,#385,.T.);
#3459=EDGE_CURVE('',#2604,#2598,#386,.T.);
#3460=EDGE_CURVE('',#2596,#2590,#387,.T.);
#3461=EDGE_CURVE('',#2588,#2582,#388,.T.);
#3462=EDGE_CURVE('',#2580,#2574,#389,.T.);
#3463=EDGE_CURVE('',#2572,#2566,#390,.T.);
#3464=EDGE_CURVE('',#2564,#2558,#391,.T.);
#3465=EDGE_CURVE('',#2556,#2550,#392,.T.);
#3466=EDGE_CURVE('',#2548,#2542,#393,.T.);
#3467=EDGE_CURVE('',#2540,#2534,#394,.T.);
#3468=EDGE_CURVE('',#2532,#2526,#395,.T.);
#3469=EDGE_CURVE('',#2524,#2518,#396,.T.);
#3470=EDGE_CURVE('',#2516,#2772,#397,.T.);
#3471=EDGE_CURVE('',#2772,#2773,#1838,.T.);
#3472=EDGE_CURVE('',#2774,#2773,#398,.T.);
#3473=EDGE_CURVE('',#2775,#2774,#1839,.T.);
#3474=EDGE_CURVE('',#2776,#2775,#399,.T.);
#3475=EDGE_CURVE('',#2777,#2776,#1840,.T.);
#3476=EDGE_CURVE('',#2778,#2777,#400,.T.);
#3477=EDGE_CURVE('',#2779,#2778,#1841,.T.);
#3478=EDGE_CURVE('',#2780,#2779,#401,.T.);
#3479=EDGE_CURVE('',#2781,#2780,#1842,.T.);
#3480=EDGE_CURVE('',#2782,#2781,#402,.T.);
#3481=EDGE_CURVE('',#2783,#2782,#1843,.T.);
#3482=EDGE_CURVE('',#2784,#2783,#403,.T.);
#3483=EDGE_CURVE('',#2785,#2784,#1844,.T.);
#3484=EDGE_CURVE('',#2786,#2785,#404,.T.);
#3485=EDGE_CURVE('',#2787,#2786,#1845,.T.);
#3486=EDGE_CURVE('',#2788,#2787,#405,.T.);
#3487=EDGE_CURVE('',#2789,#2788,#1846,.T.);
#3488=EDGE_CURVE('',#2790,#2789,#406,.T.);
#3489=EDGE_CURVE('',#2791,#2790,#1847,.T.);
#3490=EDGE_CURVE('',#2792,#2791,#407,.T.);
#3491=EDGE_CURVE('',#2793,#2792,#1848,.T.);
#3492=EDGE_CURVE('',#2794,#2793,#408,.T.);
#3493=EDGE_CURVE('',#2795,#2794,#1849,.T.);
#3494=EDGE_CURVE('',#2796,#2795,#409,.T.);
#3495=EDGE_CURVE('',#2797,#2796,#1850,.T.);
#3496=EDGE_CURVE('',#2798,#2797,#410,.T.);
#3497=EDGE_CURVE('',#2799,#2798,#1851,.T.);
#3498=EDGE_CURVE('',#2800,#2799,#411,.T.);
#3499=EDGE_CURVE('',#2801,#2800,#1852,.T.);
#3500=EDGE_CURVE('',#2802,#2801,#412,.T.);
#3501=EDGE_CURVE('',#2803,#2802,#1853,.T.);
#3502=EDGE_CURVE('',#2804,#2803,#413,.T.);
#3503=EDGE_CURVE('',#2805,#2804,#1854,.T.);
#3504=EDGE_CURVE('',#2806,#2805,#414,.T.);
#3505=EDGE_CURVE('',#2807,#2806,#1855,.T.);
#3506=EDGE_CURVE('',#2808,#2807,#415,.T.);
#3507=EDGE_CURVE('',#2809,#2808,#1856,.T.);
#3508=EDGE_CURVE('',#2810,#2809,#416,.T.);
#3509=EDGE_CURVE('',#2811,#2810,#1857,.T.);
#3510=EDGE_CURVE('',#2812,#2811,#417,.T.);
#3511=EDGE_CURVE('',#2813,#2812,#1858,.T.);
#3512=EDGE_CURVE('',#2814,#2813,#418,.T.);
#3513=EDGE_CURVE('',#2815,#2814,#1859,.T.);
#3514=EDGE_CURVE('',#2816,#2815,#419,.T.);
#3515=EDGE_CURVE('',#2817,#2816,#1860,.T.);
#3516=EDGE_CURVE('',#2818,#2817,#420,.T.);
#3517=EDGE_CURVE('',#2819,#2818,#1861,.T.);
#3518=EDGE_CURVE('',#2820,#2819,#421,.T.);
#3519=EDGE_CURVE('',#2821,#2820,#1862,.T.);
#3520=EDGE_CURVE('',#2773,#2821,#422,.T.);
#3521=EDGE_CURVE('',#2772,#2510,#423,.T.);
#3522=EDGE_CURVE('',#2508,#2502,#424,.T.);
#3523=EDGE_CURVE('',#2500,#2494,#425,.T.);
#3524=EDGE_CURVE('',#2492,#2486,#426,.T.);
#3525=EDGE_CURVE('',#2484,#2478,#427,.T.);
#3526=EDGE_CURVE('',#2476,#2470,#428,.T.);
#3527=EDGE_CURVE('',#2469,#2822,#429,.T.);
#3528=EDGE_CURVE('',#2822,#2768,#1863,.T.);
#3529=EDGE_CURVE('',#2771,#2823,#1864,.T.);
#3530=EDGE_CURVE('',#2823,#2767,#430,.T.);
#3531=EDGE_CURVE('',#2765,#2759,#431,.T.);
#3532=EDGE_CURVE('',#2757,#2751,#432,.T.);
#3533=EDGE_CURVE('',#2749,#2743,#433,.T.);
#3534=EDGE_CURVE('',#2741,#2735,#434,.T.);
#3535=EDGE_CURVE('',#2733,#2727,#435,.T.);
#3536=EDGE_CURVE('',#2725,#2719,#436,.T.);
#3537=EDGE_CURVE('',#2717,#2711,#437,.T.);
#3538=EDGE_CURVE('',#2709,#2703,#438,.T.);
#3539=EDGE_CURVE('',#2701,#2695,#439,.T.);
#3540=EDGE_CURVE('',#2693,#2687,#440,.T.);
#3541=EDGE_CURVE('',#2685,#2679,#441,.T.);
#3542=EDGE_CURVE('',#2677,#2671,#442,.T.);
#3543=EDGE_CURVE('',#2669,#2663,#443,.T.);
#3544=EDGE_CURVE('',#2661,#2655,#444,.T.);
#3545=EDGE_CURVE('',#2653,#2647,#445,.T.);
#3546=EDGE_CURVE('',#2645,#2639,#446,.T.);
#3547=EDGE_CURVE('',#2637,#2631,#447,.T.);
#3548=EDGE_CURVE('',#2629,#2623,#448,.T.);
#3549=EDGE_CURVE('',#2621,#2615,#449,.T.);
#3550=EDGE_CURVE('',#2613,#2607,#450,.T.);
#3551=EDGE_CURVE('',#2605,#2599,#451,.T.);
#3552=EDGE_CURVE('',#2597,#2591,#452,.T.);
#3553=EDGE_CURVE('',#2589,#2583,#453,.T.);
#3554=EDGE_CURVE('',#2581,#2575,#454,.T.);
#3555=EDGE_CURVE('',#2573,#2567,#455,.T.);
#3556=EDGE_CURVE('',#2565,#2559,#456,.T.);
#3557=EDGE_CURVE('',#2557,#2551,#457,.T.);
#3558=EDGE_CURVE('',#2549,#2543,#458,.T.);
#3559=EDGE_CURVE('',#2541,#2535,#459,.T.);
#3560=EDGE_CURVE('',#2533,#2527,#460,.T.);
#3561=EDGE_CURVE('',#2525,#2519,#461,.T.);
#3562=EDGE_CURVE('',#2517,#2824,#462,.T.);
#3563=EDGE_CURVE('',#2824,#2511,#463,.T.);
#3564=EDGE_CURVE('',#2509,#2503,#464,.T.);
#3565=EDGE_CURVE('',#2501,#2495,#465,.T.);
#3566=EDGE_CURVE('',#2493,#2487,#466,.T.);
#3567=EDGE_CURVE('',#2485,#2479,#467,.T.);
#3568=EDGE_CURVE('',#2825,#2826,#468,.T.);
#3569=EDGE_CURVE('',#2826,#2825,#469,.T.);
#3570=EDGE_CURVE('',#2827,#2828,#470,.T.);
#3571=EDGE_CURVE('',#2829,#2828,#1865,.T.);
#3572=EDGE_CURVE('',#2830,#2829,#471,.T.);
#3573=EDGE_CURVE('',#2830,#2831,#472,.T.);
#3574=EDGE_CURVE('',#2832,#2831,#473,.T.);
#3575=EDGE_CURVE('',#2832,#2833,#474,.T.);
#3576=EDGE_CURVE('',#2834,#2833,#475,.T.);
#3577=EDGE_CURVE('',#2827,#2834,#1866,.T.);
#3578=EDGE_CURVE('',#2835,#2836,#476,.T.);
#3579=EDGE_CURVE('',#2836,#2837,#477,.T.);
#3580=EDGE_CURVE('',#2838,#2837,#1867,.T.);
#3581=EDGE_CURVE('',#2839,#2838,#478,.T.);
#3582=EDGE_CURVE('',#2839,#2840,#479,.T.);
#3583=EDGE_CURVE('',#2841,#2840,#480,.T.);
#3584=EDGE_CURVE('',#2841,#2842,#481,.T.);
#3585=EDGE_CURVE('',#2843,#2842,#482,.T.);
#3586=EDGE_CURVE('',#2835,#2843,#1868,.T.);
#3587=EDGE_CURVE('',#2844,#2845,#483,.T.);
#3588=EDGE_CURVE('',#2846,#2845,#1869,.T.);
#3589=EDGE_CURVE('',#2847,#2846,#484,.T.);
#3590=EDGE_CURVE('',#2847,#2848,#485,.T.);
#3591=EDGE_CURVE('',#2849,#2848,#486,.T.);
#3592=EDGE_CURVE('',#2849,#2850,#487,.T.);
#3593=EDGE_CURVE('',#2851,#2850,#488,.T.);
#3594=EDGE_CURVE('',#2844,#2851,#1870,.T.);
#3595=EDGE_CURVE('',#2852,#2853,#489,.T.);
#3596=EDGE_CURVE('',#2854,#2853,#1871,.T.);
#3597=EDGE_CURVE('',#2855,#2854,#490,.T.);
#3598=EDGE_CURVE('',#2855,#2856,#491,.T.);
#3599=EDGE_CURVE('',#2857,#2856,#492,.T.);
#3600=EDGE_CURVE('',#2857,#2858,#493,.T.);
#3601=EDGE_CURVE('',#2859,#2858,#494,.T.);
#3602=EDGE_CURVE('',#2852,#2859,#1872,.T.);
#3603=EDGE_CURVE('',#2860,#2861,#495,.T.);
#3604=EDGE_CURVE('',#2862,#2861,#1873,.T.);
#3605=EDGE_CURVE('',#2863,#2862,#496,.T.);
#3606=EDGE_CURVE('',#2863,#2864,#497,.T.);
#3607=EDGE_CURVE('',#2865,#2864,#498,.T.);
#3608=EDGE_CURVE('',#2865,#2866,#499,.T.);
#3609=EDGE_CURVE('',#2867,#2866,#500,.T.);
#3610=EDGE_CURVE('',#2860,#2867,#1874,.T.);
#3611=EDGE_CURVE('',#2868,#2769,#1875,.T.);
#3612=EDGE_CURVE('',#2869,#2868,#501,.T.);
#3613=EDGE_CURVE('',#2770,#2869,#1876,.T.);
#3614=EDGE_CURVE('',#2823,#2869,#1877,.T.);
#3615=EDGE_CURVE('',#2868,#2822,#1878,.T.);
#3616=EDGE_CURVE('',#2870,#2871,#1879,.T.);
#3617=EDGE_CURVE('',#2872,#2870,#502,.T.);
#3618=EDGE_CURVE('',#2873,#2872,#1880,.T.);
#3619=EDGE_CURVE('',#2871,#2873,#503,.T.);
#3620=EDGE_CURVE('',#2874,#2875,#1881,.T.);
#3621=EDGE_CURVE('',#2876,#2874,#504,.T.);
#3622=EDGE_CURVE('',#2877,#2876,#1882,.T.);
#3623=EDGE_CURVE('',#2875,#2877,#505,.T.);
#3624=EDGE_CURVE('',#2878,#2879,#1883,.T.);
#3625=EDGE_CURVE('',#2880,#2878,#506,.T.);
#3626=EDGE_CURVE('',#2881,#2880,#1884,.T.);
#3627=EDGE_CURVE('',#2879,#2881,#507,.T.);
#3628=EDGE_CURVE('',#2882,#2883,#1885,.T.);
#3629=EDGE_CURVE('',#2884,#2882,#508,.T.);
#3630=EDGE_CURVE('',#2885,#2884,#1886,.T.);
#3631=EDGE_CURVE('',#2883,#2885,#509,.T.);
#3632=EDGE_CURVE('',#2886,#2887,#1887,.T.);
#3633=EDGE_CURVE('',#2888,#2886,#510,.T.);
#3634=EDGE_CURVE('',#2889,#2888,#1888,.T.);
#3635=EDGE_CURVE('',#2887,#2889,#511,.T.);
#3636=EDGE_CURVE('',#2890,#2891,#1889,.T.);
#3637=EDGE_CURVE('',#2892,#2890,#512,.T.);
#3638=EDGE_CURVE('',#2893,#2892,#1890,.T.);
#3639=EDGE_CURVE('',#2891,#2893,#513,.T.);
#3640=EDGE_CURVE('',#2894,#2895,#1891,.T.);
#3641=EDGE_CURVE('',#2896,#2894,#514,.T.);
#3642=EDGE_CURVE('',#2897,#2896,#1892,.T.);
#3643=EDGE_CURVE('',#2895,#2897,#515,.T.);
#3644=EDGE_CURVE('',#2898,#2899,#1893,.T.);
#3645=EDGE_CURVE('',#2900,#2898,#516,.T.);
#3646=EDGE_CURVE('',#2901,#2900,#1894,.T.);
#3647=EDGE_CURVE('',#2899,#2901,#517,.T.);
#3648=EDGE_CURVE('',#2902,#2903,#1895,.T.);
#3649=EDGE_CURVE('',#2904,#2902,#518,.T.);
#3650=EDGE_CURVE('',#2905,#2904,#1896,.T.);
#3651=EDGE_CURVE('',#2903,#2905,#519,.T.);
#3652=EDGE_CURVE('',#2906,#2907,#1897,.T.);
#3653=EDGE_CURVE('',#2908,#2906,#520,.T.);
#3654=EDGE_CURVE('',#2909,#2908,#1898,.T.);
#3655=EDGE_CURVE('',#2907,#2909,#521,.T.);
#3656=EDGE_CURVE('',#2910,#2911,#1899,.T.);
#3657=EDGE_CURVE('',#2912,#2910,#522,.T.);
#3658=EDGE_CURVE('',#2913,#2912,#523,.T.);
#3659=EDGE_CURVE('',#2914,#2913,#1900,.T.);
#3660=EDGE_CURVE('',#2911,#2914,#524,.T.);
#3661=EDGE_CURVE('',#2871,#2915,#525,.T.);
#3662=EDGE_CURVE('',#2916,#2873,#526,.T.);
#3663=EDGE_CURVE('',#2916,#2915,#527,.T.);
#3664=EDGE_CURVE('',#2917,#2874,#528,.T.);
#3665=EDGE_CURVE('',#2917,#2918,#529,.T.);
#3666=EDGE_CURVE('',#2876,#2918,#530,.T.);
#3667=EDGE_CURVE('',#2879,#2919,#531,.T.);
#3668=EDGE_CURVE('',#2920,#2881,#532,.T.);
#3669=EDGE_CURVE('',#2920,#2919,#533,.T.);
#3670=EDGE_CURVE('',#2921,#2882,#534,.T.);
#3671=EDGE_CURVE('',#2921,#2922,#535,.T.);
#3672=EDGE_CURVE('',#2884,#2922,#536,.T.);
#3673=EDGE_CURVE('',#2887,#2923,#537,.T.);
#3674=EDGE_CURVE('',#2924,#2889,#538,.T.);
#3675=EDGE_CURVE('',#2924,#2923,#539,.T.);
#3676=EDGE_CURVE('',#2925,#2890,#540,.T.);
#3677=EDGE_CURVE('',#2925,#2926,#541,.T.);
#3678=EDGE_CURVE('',#2926,#2927,#542,.T.);
#3679=EDGE_CURVE('',#2892,#2927,#543,.T.);
#3680=EDGE_CURVE('',#2895,#2928,#544,.T.);
#3681=EDGE_CURVE('',#2929,#2897,#545,.T.);
#3682=EDGE_CURVE('',#2929,#2928,#546,.T.);
#3683=EDGE_CURVE('',#2930,#2898,#547,.T.);
#3684=EDGE_CURVE('',#2930,#2931,#548,.T.);
#3685=EDGE_CURVE('',#2900,#2931,#549,.T.);
#3686=EDGE_CURVE('',#2903,#2932,#550,.T.);
#3687=EDGE_CURVE('',#2933,#2905,#551,.T.);
#3688=EDGE_CURVE('',#2933,#2932,#552,.T.);
#3689=EDGE_CURVE('',#2934,#2906,#553,.T.);
#3690=EDGE_CURVE('',#2934,#2935,#554,.T.);
#3691=EDGE_CURVE('',#2908,#2935,#555,.T.);
#3692=EDGE_CURVE('',#2911,#2936,#556,.T.);
#3693=EDGE_CURVE('',#2937,#2914,#557,.T.);
#3694=EDGE_CURVE('',#2937,#2936,#558,.T.);
#3695=EDGE_CURVE('',#2938,#2939,#1901,.T.);
#3696=EDGE_CURVE('',#2940,#2938,#559,.T.);
#3697=EDGE_CURVE('',#2941,#2940,#1902,.T.);
#3698=EDGE_CURVE('',#2939,#2941,#560,.T.);
#3699=EDGE_CURVE('',#2942,#2938,#561,.T.);
#3700=EDGE_CURVE('',#2942,#2943,#562,.T.);
#3701=EDGE_CURVE('',#2940,#2943,#563,.T.);
#3702=EDGE_CURVE('',#2939,#2777,#564,.T.);
#3703=EDGE_CURVE('',#2776,#2830,#2379,.T.);
#3704=EDGE_CURVE('',#2944,#2829,#1903,.T.);
#3705=EDGE_CURVE('',#2944,#2945,#565,.T.);
#3706=EDGE_CURVE('',#2945,#2942,#2380,.T.);
#3707=EDGE_CURVE('',#2907,#2781,#566,.T.);
#3708=EDGE_CURVE('',#2780,#2857,#2381,.T.);
#3709=EDGE_CURVE('',#2856,#2783,#2382,.T.);
#3710=EDGE_CURVE('',#2782,#2909,#567,.T.);
#3711=EDGE_CURVE('',#2935,#2946,#2383,.T.);
#3712=EDGE_CURVE('',#2946,#2947,#568,.T.);
#3713=EDGE_CURVE('',#2947,#2934,#2384,.T.);
#3714=EDGE_CURVE('',#2904,#2817,#569,.T.);
#3715=EDGE_CURVE('',#2816,#2839,#2385,.T.);
#3716=EDGE_CURVE('',#2948,#2838,#1904,.T.);
#3717=EDGE_CURVE('',#2948,#2949,#570,.T.);
#3718=EDGE_CURVE('',#2949,#2933,#2386,.T.);
#3719=EDGE_CURVE('',#2899,#2785,#571,.T.);
#3720=EDGE_CURVE('',#2784,#2855,#2387,.T.);
#3721=EDGE_CURVE('',#2950,#2854,#1905,.T.);
#3722=EDGE_CURVE('',#2950,#2951,#572,.T.);
#3723=EDGE_CURVE('',#2951,#2930,#2388,.T.);
#3724=EDGE_CURVE('',#2891,#2789,#573,.T.);
#3725=EDGE_CURVE('',#2788,#2952,#2389,.T.);
#3726=EDGE_CURVE('',#2952,#2953,#574,.T.);
#3727=EDGE_CURVE('',#2953,#2791,#2390,.T.);
#3728=EDGE_CURVE('',#2790,#2893,#575,.T.);
#3729=EDGE_CURVE('',#2927,#2954,#2391,.T.);
#3730=EDGE_CURVE('',#2954,#2955,#576,.T.);
#3731=EDGE_CURVE('',#2955,#2925,#2392,.T.);
#3732=EDGE_CURVE('',#2888,#2809,#577,.T.);
#3733=EDGE_CURVE('',#2808,#2847,#2393,.T.);
#3734=EDGE_CURVE('',#2956,#2846,#1906,.T.);
#3735=EDGE_CURVE('',#2956,#2957,#578,.T.);
#3736=EDGE_CURVE('',#2957,#2924,#2394,.T.);
#3737=EDGE_CURVE('',#2883,#2793,#579,.T.);
#3738=EDGE_CURVE('',#2792,#2958,#2395,.T.);
#3739=EDGE_CURVE('',#2958,#2959,#580,.T.);
#3740=EDGE_CURVE('',#2960,#2959,#1907,.T.);
#3741=EDGE_CURVE('',#2960,#2961,#581,.T.);
#3742=EDGE_CURVE('',#2961,#2921,#2396,.T.);
#3743=EDGE_CURVE('',#2875,#2797,#582,.T.);
#3744=EDGE_CURVE('',#2796,#2865,#2397,.T.);
#3745=EDGE_CURVE('',#2864,#2799,#2398,.T.);
#3746=EDGE_CURVE('',#2798,#2877,#583,.T.);
#3747=EDGE_CURVE('',#2918,#2962,#2399,.T.);
#3748=EDGE_CURVE('',#2962,#2963,#584,.T.);
#3749=EDGE_CURVE('',#2963,#2917,#2400,.T.);
#3750=EDGE_CURVE('',#2875,#2877,#585,.T.);
#3751=EDGE_CURVE('',#2883,#2885,#586,.T.);
#3752=EDGE_CURVE('',#2794,#2885,#587,.T.);
#3753=EDGE_CURVE('',#2891,#2893,#588,.T.);
#3754=EDGE_CURVE('',#2899,#2901,#589,.T.);
#3755=EDGE_CURVE('',#2786,#2901,#590,.T.);
#3756=EDGE_CURVE('',#2907,#2909,#591,.T.);
#3757=EDGE_CURVE('',#2939,#2941,#592,.T.);
#3758=EDGE_CURVE('',#2778,#2941,#593,.T.);
#3759=EDGE_CURVE('',#2913,#2821,#594,.T.);
#3760=EDGE_CURVE('',#2913,#2912,#595,.T.);
#3761=EDGE_CURVE('',#2912,#2910,#596,.T.);
#3762=EDGE_CURVE('',#2774,#2910,#597,.T.);
#3763=EDGE_CURVE('',#2904,#2902,#598,.T.);
#3764=EDGE_CURVE('',#2818,#2902,#599,.T.);
#3765=EDGE_CURVE('',#2896,#2813,#600,.T.);
#3766=EDGE_CURVE('',#2896,#2894,#601,.T.);
#3767=EDGE_CURVE('',#2814,#2894,#602,.T.);
#3768=EDGE_CURVE('',#2888,#2886,#603,.T.);
#3769=EDGE_CURVE('',#2810,#2886,#604,.T.);
#3770=EDGE_CURVE('',#2880,#2805,#605,.T.);
#3771=EDGE_CURVE('',#2880,#2878,#606,.T.);
#3772=EDGE_CURVE('',#2806,#2878,#607,.T.);
#3773=EDGE_CURVE('',#2802,#2870,#608,.T.);
#3774=EDGE_CURVE('',#2872,#2801,#609,.T.);
#3775=EDGE_CURVE('',#2872,#2870,#610,.T.);
#3776=EDGE_CURVE('',#2915,#2964,#2401,.T.);
#3777=EDGE_CURVE('',#2964,#2965,#611,.T.);
#3778=EDGE_CURVE('',#2965,#2851,#1908,.T.);
#3779=EDGE_CURVE('',#2850,#2803,#2402,.T.);
#3780=EDGE_CURVE('',#2923,#2966,#2403,.T.);
#3781=EDGE_CURVE('',#2966,#2967,#612,.T.);
#3782=EDGE_CURVE('',#2967,#2843,#1909,.T.);
#3783=EDGE_CURVE('',#2842,#2811,#2404,.T.);
#3784=EDGE_CURVE('',#2932,#2968,#2405,.T.);
#3785=EDGE_CURVE('',#2968,#2969,#613,.T.);
#3786=EDGE_CURVE('',#2969,#2834,#1910,.T.);
#3787=EDGE_CURVE('',#2833,#2819,#2406,.T.);
#3788=EDGE_CURVE('',#2943,#2970,#2407,.T.);
#3789=EDGE_CURVE('',#2970,#2971,#614,.T.);
#3790=EDGE_CURVE('',#2971,#2859,#1911,.T.);
#3791=EDGE_CURVE('',#2858,#2779,#2408,.T.);
#3792=EDGE_CURVE('',#2931,#2972,#2409,.T.);
#3793=EDGE_CURVE('',#2972,#2973,#615,.T.);
#3794=EDGE_CURVE('',#2973,#2974,#1912,.T.);
#3795=EDGE_CURVE('',#2974,#2975,#616,.T.);
#3796=EDGE_CURVE('',#2975,#2787,#2410,.T.);
#3797=EDGE_CURVE('',#2922,#2976,#2411,.T.);
#3798=EDGE_CURVE('',#2976,#2977,#617,.T.);
#3799=EDGE_CURVE('',#2977,#2867,#1913,.T.);
#3800=EDGE_CURVE('',#2866,#2795,#2412,.T.);
#3801=EDGE_CURVE('',#2919,#2978,#2413,.T.);
#3802=EDGE_CURVE('',#2978,#2979,#618,.T.);
#3803=EDGE_CURVE('',#2979,#2920,#2414,.T.);
#3804=EDGE_CURVE('',#2804,#2849,#2415,.T.);
#3805=EDGE_CURVE('',#2848,#2807,#2416,.T.);
#3806=EDGE_CURVE('',#2980,#2845,#1914,.T.);
#3807=EDGE_CURVE('',#2980,#2956,#1915,.T.);
#3808=EDGE_CURVE('',#2965,#2981,#1916,.T.);
#3809=EDGE_CURVE('',#2844,#2981,#1917,.T.);
#3810=EDGE_CURVE('',#2924,#2919,#619,.T.);
#3811=EDGE_CURVE('',#2957,#2978,#620,.T.);
#3812=EDGE_CURVE('',#2920,#2915,#621,.T.);
#3813=EDGE_CURVE('',#2979,#2964,#622,.T.);
#3814=EDGE_CURVE('',#2477,#2471,#623,.T.);
#3815=EDGE_CURVE('',#2824,#2912,#1918,.T.);
#3816=EDGE_CURVE('',#2913,#2902,#624,.T.);
#3817=EDGE_CURVE('',#2904,#2894,#625,.T.);
#3818=EDGE_CURVE('',#2896,#2886,#626,.T.);
#3819=EDGE_CURVE('',#2888,#2878,#627,.T.);
#3820=EDGE_CURVE('',#2880,#2870,#628,.T.);
#3821=EDGE_CURVE('',#2872,#2877,#629,.T.);
#3822=EDGE_CURVE('',#2875,#2885,#630,.T.);
#3823=EDGE_CURVE('',#2883,#2893,#631,.T.);
#3824=EDGE_CURVE('',#2891,#2901,#632,.T.);
#3825=EDGE_CURVE('',#2899,#2909,#633,.T.);
#3826=EDGE_CURVE('',#2907,#2941,#634,.T.);
#3827=EDGE_CURVE('',#2939,#2910,#635,.T.);
#3828=EDGE_CURVE('',#2928,#2982,#2417,.T.);
#3829=EDGE_CURVE('',#2982,#2983,#636,.T.);
#3830=EDGE_CURVE('',#2983,#2929,#2418,.T.);
#3831=EDGE_CURVE('',#2812,#2841,#2419,.T.);
#3832=EDGE_CURVE('',#2840,#2815,#2420,.T.);
#3833=EDGE_CURVE('',#2984,#2837,#1919,.T.);
#3834=EDGE_CURVE('',#2984,#2948,#1920,.T.);
#3835=EDGE_CURVE('',#2967,#2985,#1921,.T.);
#3836=EDGE_CURVE('',#2835,#2985,#1922,.T.);
#3837=EDGE_CURVE('',#2933,#2928,#637,.T.);
#3838=EDGE_CURVE('',#2949,#2982,#638,.T.);
#3839=EDGE_CURVE('',#2929,#2923,#639,.T.);
#3840=EDGE_CURVE('',#2983,#2966,#640,.T.);
#3841=EDGE_CURVE('',#2936,#2986,#2421,.T.);
#3842=EDGE_CURVE('',#2986,#2987,#641,.T.);
#3843=EDGE_CURVE('',#2987,#2937,#2422,.T.);
#3844=EDGE_CURVE('',#2820,#2832,#2423,.T.);
#3845=EDGE_CURVE('',#2831,#2775,#2424,.T.);
#3846=EDGE_CURVE('',#2988,#2828,#1923,.T.);
#3847=EDGE_CURVE('',#2988,#2944,#1924,.T.);
#3848=EDGE_CURVE('',#2969,#2989,#1925,.T.);
#3849=EDGE_CURVE('',#2827,#2989,#1926,.T.);
#3850=EDGE_CURVE('',#2990,#2991,#642,.T.);
#3851=EDGE_CURVE('',#2991,#2990,#643,.T.);
#3852=EDGE_CURVE('',#2991,#2926,#1927,.T.);
#3853=EDGE_CURVE('',#2925,#2931,#644,.T.);
#3854=EDGE_CURVE('',#2930,#2935,#645,.T.);
#3855=EDGE_CURVE('',#2934,#2943,#646,.T.);
#3856=EDGE_CURVE('',#2942,#2936,#647,.T.);
#3857=EDGE_CURVE('',#2937,#2932,#648,.T.);
#3858=EDGE_CURVE('',#2916,#2918,#649,.T.);
#3859=EDGE_CURVE('',#2917,#2922,#650,.T.);
#3860=EDGE_CURVE('',#2921,#2927,#651,.T.);
#3861=EDGE_CURVE('',#2945,#2986,#652,.T.);
#3862=EDGE_CURVE('',#2987,#2968,#653,.T.);
#3863=EDGE_CURVE('',#2992,#2853,#1928,.T.);
#3864=EDGE_CURVE('',#2992,#2950,#1929,.T.);
#3865=EDGE_CURVE('',#2971,#2993,#1930,.T.);
#3866=EDGE_CURVE('',#2852,#2993,#1931,.T.);
#3867=EDGE_CURVE('',#2951,#2946,#654,.T.);
#3868=EDGE_CURVE('',#2947,#2970,#655,.T.);
#3869=EDGE_CURVE('',#2959,#2994,#1932,.T.);
#3870=EDGE_CURVE('',#2995,#2994,#1933,.T.);
#3871=EDGE_CURVE('',#2995,#2960,#1934,.T.);
#3872=EDGE_CURVE('',#2996,#2974,#1935,.T.);
#3873=EDGE_CURVE('',#2973,#2997,#1936,.T.);
#3874=EDGE_CURVE('',#2996,#2997,#1937,.T.);
#3875=EDGE_CURVE('',#2958,#2953,#656,.T.);
#3876=EDGE_CURVE('',#2961,#2954,#657,.T.);
#3877=EDGE_CURVE('',#2955,#2972,#658,.T.);
#3878=EDGE_CURVE('',#2952,#2975,#659,.T.);
#3879=EDGE_CURVE('',#2977,#2998,#1938,.T.);
#3880=EDGE_CURVE('',#2963,#2976,#660,.T.);
#3881=EDGE_CURVE('',#2999,#2962,#661,.T.);
#3882=EDGE_CURVE('',#3000,#2999,#662,.T.);
#3883=EDGE_CURVE('',#3001,#3000,#1939,.T.);
#3884=EDGE_CURVE('',#2981,#3001,#663,.T.);
#3885=EDGE_CURVE('',#2985,#2980,#664,.T.);
#3886=EDGE_CURVE('',#2989,#2984,#665,.T.);
#3887=EDGE_CURVE('',#2993,#2988,#666,.T.);
#3888=EDGE_CURVE('',#2997,#2992,#667,.T.);
#3889=EDGE_CURVE('',#2998,#2995,#668,.T.);
#3890=EDGE_CURVE('',#3002,#3003,#669,.T.);
#3891=EDGE_CURVE('',#3003,#3002,#670,.T.);
#3892=EDGE_CURVE('',#2826,#2836,#1940,.T.);
#3893=EDGE_CURVE('',#3001,#2861,#1941,.T.);
#3894=EDGE_CURVE('',#2998,#2860,#1942,.T.);
#3895=EDGE_CURVE('',#2996,#2994,#671,.T.);
#3896=EDGE_CURVE('',#2800,#2863,#2425,.T.);
#3897=EDGE_CURVE('',#3000,#2862,#1943,.T.);
#3898=EDGE_CURVE('',#2999,#2916,#2426,.T.);
#3899=EDGE_CURVE('',#2442,#3003,#1944,.T.);
#3900=ORIENTED_EDGE('',*,*,#3004,.F.);
#3901=ORIENTED_EDGE('',*,*,#3005,.F.);
#3902=ORIENTED_EDGE('',*,*,#3006,.T.);
#3903=ORIENTED_EDGE('',*,*,#3007,.F.);
#3904=ORIENTED_EDGE('',*,*,#3008,.F.);
#3905=ORIENTED_EDGE('',*,*,#3006,.F.);
#3906=ORIENTED_EDGE('',*,*,#3009,.F.);
#3907=ORIENTED_EDGE('',*,*,#3010,.F.);
#3908=ORIENTED_EDGE('',*,*,#3011,.T.);
#3909=ORIENTED_EDGE('',*,*,#3012,.F.);
#3910=ORIENTED_EDGE('',*,*,#3013,.F.);
#3911=ORIENTED_EDGE('',*,*,#3011,.F.);
#3912=ORIENTED_EDGE('',*,*,#3014,.T.);
#3913=ORIENTED_EDGE('',*,*,#3015,.T.);
#3914=ORIENTED_EDGE('',*,*,#3016,.T.);
#3915=ORIENTED_EDGE('',*,*,#3017,.T.);
#3916=ORIENTED_EDGE('',*,*,#3015,.F.);
#3917=ORIENTED_EDGE('',*,*,#3016,.F.);
#3918=ORIENTED_EDGE('',*,*,#3017,.F.);
#3919=ORIENTED_EDGE('',*,*,#3018,.T.);
#3920=ORIENTED_EDGE('',*,*,#3019,.F.);
#3921=ORIENTED_EDGE('',*,*,#3020,.F.);
#3922=ORIENTED_EDGE('',*,*,#3018,.F.);
#3923=ORIENTED_EDGE('',*,*,#3014,.F.);
#3924=ORIENTED_EDGE('',*,*,#3021,.T.);
#3925=ORIENTED_EDGE('',*,*,#3022,.T.);
#3926=ORIENTED_EDGE('',*,*,#3023,.T.);
#3927=ORIENTED_EDGE('',*,*,#3024,.F.);
#3928=ORIENTED_EDGE('',*,*,#3021,.F.);
#3929=ORIENTED_EDGE('',*,*,#3025,.T.);
#3930=ORIENTED_EDGE('',*,*,#3024,.T.);
#3931=ORIENTED_EDGE('',*,*,#3025,.F.);
#3932=ORIENTED_EDGE('',*,*,#3026,.F.);
#3933=ORIENTED_EDGE('',*,*,#3027,.F.);
#3934=ORIENTED_EDGE('',*,*,#3028,.T.);
#3935=ORIENTED_EDGE('',*,*,#3029,.F.);
#3936=ORIENTED_EDGE('',*,*,#3030,.F.);
#3937=ORIENTED_EDGE('',*,*,#3028,.F.);
#3938=ORIENTED_EDGE('',*,*,#3029,.T.);
#3939=ORIENTED_EDGE('',*,*,#3031,.T.);
#3940=ORIENTED_EDGE('',*,*,#3032,.F.);
#3941=ORIENTED_EDGE('',*,*,#3031,.F.);
#3942=ORIENTED_EDGE('',*,*,#3030,.T.);
#3943=ORIENTED_EDGE('',*,*,#3033,.F.);
#3944=ORIENTED_EDGE('',*,*,#3034,.F.);
#3945=ORIENTED_EDGE('',*,*,#3035,.T.);
#3946=ORIENTED_EDGE('',*,*,#3036,.F.);
#3947=ORIENTED_EDGE('',*,*,#3037,.F.);
#3948=ORIENTED_EDGE('',*,*,#3035,.F.);
#3949=ORIENTED_EDGE('',*,*,#3036,.T.);
#3950=ORIENTED_EDGE('',*,*,#3038,.T.);
#3951=ORIENTED_EDGE('',*,*,#3039,.F.);
#3952=ORIENTED_EDGE('',*,*,#3038,.F.);
#3953=ORIENTED_EDGE('',*,*,#3037,.T.);
#3954=ORIENTED_EDGE('',*,*,#3040,.F.);
#3955=ORIENTED_EDGE('',*,*,#3041,.F.);
#3956=ORIENTED_EDGE('',*,*,#3042,.T.);
#3957=ORIENTED_EDGE('',*,*,#3043,.F.);
#3958=ORIENTED_EDGE('',*,*,#3044,.F.);
#3959=ORIENTED_EDGE('',*,*,#3042,.F.);
#3960=ORIENTED_EDGE('',*,*,#3043,.T.);
#3961=ORIENTED_EDGE('',*,*,#3045,.T.);
#3962=ORIENTED_EDGE('',*,*,#3046,.F.);
#3963=ORIENTED_EDGE('',*,*,#3045,.F.);
#3964=ORIENTED_EDGE('',*,*,#3044,.T.);
#3965=ORIENTED_EDGE('',*,*,#3047,.F.);
#3966=ORIENTED_EDGE('',*,*,#3048,.F.);
#3967=ORIENTED_EDGE('',*,*,#3049,.T.);
#3968=ORIENTED_EDGE('',*,*,#3050,.F.);
#3969=ORIENTED_EDGE('',*,*,#3051,.F.);
#3970=ORIENTED_EDGE('',*,*,#3049,.F.);
#3971=ORIENTED_EDGE('',*,*,#3050,.T.);
#3972=ORIENTED_EDGE('',*,*,#3052,.T.);
#3973=ORIENTED_EDGE('',*,*,#3053,.F.);
#3974=ORIENTED_EDGE('',*,*,#3052,.F.);
#3975=ORIENTED_EDGE('',*,*,#3051,.T.);
#3976=ORIENTED_EDGE('',*,*,#3054,.F.);
#3977=ORIENTED_EDGE('',*,*,#3055,.F.);
#3978=ORIENTED_EDGE('',*,*,#3056,.F.);
#3979=ORIENTED_EDGE('',*,*,#3057,.F.);
#3980=ORIENTED_EDGE('',*,*,#3058,.F.);
#3981=ORIENTED_EDGE('',*,*,#3057,.T.);
#3982=ORIENTED_EDGE('',*,*,#3059,.F.);
#3983=ORIENTED_EDGE('',*,*,#3060,.F.);
#3984=ORIENTED_EDGE('',*,*,#3061,.F.);
#3985=ORIENTED_EDGE('',*,*,#3062,.F.);
#3986=ORIENTED_EDGE('',*,*,#3063,.F.);
#3987=ORIENTED_EDGE('',*,*,#3055,.T.);
#3988=ORIENTED_EDGE('',*,*,#3064,.F.);
#3989=ORIENTED_EDGE('',*,*,#3065,.F.);
#3990=ORIENTED_EDGE('',*,*,#3066,.F.);
#3991=ORIENTED_EDGE('',*,*,#3067,.F.);
#3992=ORIENTED_EDGE('',*,*,#3068,.F.);
#3993=ORIENTED_EDGE('',*,*,#3067,.T.);
#3994=ORIENTED_EDGE('',*,*,#3069,.F.);
#3995=ORIENTED_EDGE('',*,*,#3070,.F.);
#3996=ORIENTED_EDGE('',*,*,#3071,.F.);
#3997=ORIENTED_EDGE('',*,*,#3072,.F.);
#3998=ORIENTED_EDGE('',*,*,#3073,.F.);
#3999=ORIENTED_EDGE('',*,*,#3065,.T.);
#4000=ORIENTED_EDGE('',*,*,#3074,.F.);
#4001=ORIENTED_EDGE('',*,*,#3075,.F.);
#4002=ORIENTED_EDGE('',*,*,#3076,.F.);
#4003=ORIENTED_EDGE('',*,*,#3077,.F.);
#4004=ORIENTED_EDGE('',*,*,#3078,.F.);
#4005=ORIENTED_EDGE('',*,*,#3077,.T.);
#4006=ORIENTED_EDGE('',*,*,#3079,.F.);
#4007=ORIENTED_EDGE('',*,*,#3080,.F.);
#4008=ORIENTED_EDGE('',*,*,#3081,.F.);
#4009=ORIENTED_EDGE('',*,*,#3082,.F.);
#4010=ORIENTED_EDGE('',*,*,#3083,.F.);
#4011=ORIENTED_EDGE('',*,*,#3075,.T.);
#4012=ORIENTED_EDGE('',*,*,#3084,.F.);
#4013=ORIENTED_EDGE('',*,*,#3085,.F.);
#4014=ORIENTED_EDGE('',*,*,#3086,.F.);
#4015=ORIENTED_EDGE('',*,*,#3087,.F.);
#4016=ORIENTED_EDGE('',*,*,#3088,.F.);
#4017=ORIENTED_EDGE('',*,*,#3087,.T.);
#4018=ORIENTED_EDGE('',*,*,#3089,.F.);
#4019=ORIENTED_EDGE('',*,*,#3090,.F.);
#4020=ORIENTED_EDGE('',*,*,#3091,.F.);
#4021=ORIENTED_EDGE('',*,*,#3092,.F.);
#4022=ORIENTED_EDGE('',*,*,#3093,.F.);
#4023=ORIENTED_EDGE('',*,*,#3085,.T.);
#4024=ORIENTED_EDGE('',*,*,#3094,.F.);
#4025=ORIENTED_EDGE('',*,*,#3095,.F.);
#4026=ORIENTED_EDGE('',*,*,#3096,.F.);
#4027=ORIENTED_EDGE('',*,*,#3097,.F.);
#4028=ORIENTED_EDGE('',*,*,#3098,.F.);
#4029=ORIENTED_EDGE('',*,*,#3097,.T.);
#4030=ORIENTED_EDGE('',*,*,#3099,.F.);
#4031=ORIENTED_EDGE('',*,*,#3100,.F.);
#4032=ORIENTED_EDGE('',*,*,#3101,.F.);
#4033=ORIENTED_EDGE('',*,*,#3102,.F.);
#4034=ORIENTED_EDGE('',*,*,#3103,.F.);
#4035=ORIENTED_EDGE('',*,*,#3095,.T.);
#4036=ORIENTED_EDGE('',*,*,#3104,.F.);
#4037=ORIENTED_EDGE('',*,*,#3105,.F.);
#4038=ORIENTED_EDGE('',*,*,#3106,.F.);
#4039=ORIENTED_EDGE('',*,*,#3107,.F.);
#4040=ORIENTED_EDGE('',*,*,#3108,.F.);
#4041=ORIENTED_EDGE('',*,*,#3107,.T.);
#4042=ORIENTED_EDGE('',*,*,#3109,.F.);
#4043=ORIENTED_EDGE('',*,*,#3110,.F.);
#4044=ORIENTED_EDGE('',*,*,#3111,.F.);
#4045=ORIENTED_EDGE('',*,*,#3112,.F.);
#4046=ORIENTED_EDGE('',*,*,#3113,.F.);
#4047=ORIENTED_EDGE('',*,*,#3105,.T.);
#4048=ORIENTED_EDGE('',*,*,#3114,.F.);
#4049=ORIENTED_EDGE('',*,*,#3115,.F.);
#4050=ORIENTED_EDGE('',*,*,#3116,.F.);
#4051=ORIENTED_EDGE('',*,*,#3117,.F.);
#4052=ORIENTED_EDGE('',*,*,#3118,.F.);
#4053=ORIENTED_EDGE('',*,*,#3117,.T.);
#4054=ORIENTED_EDGE('',*,*,#3119,.F.);
#4055=ORIENTED_EDGE('',*,*,#3120,.F.);
#4056=ORIENTED_EDGE('',*,*,#3121,.F.);
#4057=ORIENTED_EDGE('',*,*,#3122,.F.);
#4058=ORIENTED_EDGE('',*,*,#3123,.F.);
#4059=ORIENTED_EDGE('',*,*,#3115,.T.);
#4060=ORIENTED_EDGE('',*,*,#3124,.F.);
#4061=ORIENTED_EDGE('',*,*,#3125,.F.);
#4062=ORIENTED_EDGE('',*,*,#3126,.F.);
#4063=ORIENTED_EDGE('',*,*,#3127,.F.);
#4064=ORIENTED_EDGE('',*,*,#3128,.F.);
#4065=ORIENTED_EDGE('',*,*,#3127,.T.);
#4066=ORIENTED_EDGE('',*,*,#3129,.F.);
#4067=ORIENTED_EDGE('',*,*,#3130,.F.);
#4068=ORIENTED_EDGE('',*,*,#3131,.F.);
#4069=ORIENTED_EDGE('',*,*,#3132,.F.);
#4070=ORIENTED_EDGE('',*,*,#3133,.F.);
#4071=ORIENTED_EDGE('',*,*,#3125,.T.);
#4072=ORIENTED_EDGE('',*,*,#3134,.F.);
#4073=ORIENTED_EDGE('',*,*,#3135,.F.);
#4074=ORIENTED_EDGE('',*,*,#3136,.F.);
#4075=ORIENTED_EDGE('',*,*,#3137,.F.);
#4076=ORIENTED_EDGE('',*,*,#3138,.F.);
#4077=ORIENTED_EDGE('',*,*,#3137,.T.);
#4078=ORIENTED_EDGE('',*,*,#3139,.F.);
#4079=ORIENTED_EDGE('',*,*,#3140,.F.);
#4080=ORIENTED_EDGE('',*,*,#3141,.F.);
#4081=ORIENTED_EDGE('',*,*,#3142,.F.);
#4082=ORIENTED_EDGE('',*,*,#3143,.F.);
#4083=ORIENTED_EDGE('',*,*,#3135,.T.);
#4084=ORIENTED_EDGE('',*,*,#3144,.F.);
#4085=ORIENTED_EDGE('',*,*,#3145,.F.);
#4086=ORIENTED_EDGE('',*,*,#3146,.F.);
#4087=ORIENTED_EDGE('',*,*,#3147,.F.);
#4088=ORIENTED_EDGE('',*,*,#3148,.F.);
#4089=ORIENTED_EDGE('',*,*,#3147,.T.);
#4090=ORIENTED_EDGE('',*,*,#3149,.F.);
#4091=ORIENTED_EDGE('',*,*,#3150,.F.);
#4092=ORIENTED_EDGE('',*,*,#3151,.F.);
#4093=ORIENTED_EDGE('',*,*,#3152,.F.);
#4094=ORIENTED_EDGE('',*,*,#3153,.F.);
#4095=ORIENTED_EDGE('',*,*,#3145,.T.);
#4096=ORIENTED_EDGE('',*,*,#3154,.F.);
#4097=ORIENTED_EDGE('',*,*,#3155,.F.);
#4098=ORIENTED_EDGE('',*,*,#3156,.F.);
#4099=ORIENTED_EDGE('',*,*,#3157,.F.);
#4100=ORIENTED_EDGE('',*,*,#3158,.F.);
#4101=ORIENTED_EDGE('',*,*,#3157,.T.);
#4102=ORIENTED_EDGE('',*,*,#3159,.F.);
#4103=ORIENTED_EDGE('',*,*,#3160,.F.);
#4104=ORIENTED_EDGE('',*,*,#3161,.F.);
#4105=ORIENTED_EDGE('',*,*,#3162,.F.);
#4106=ORIENTED_EDGE('',*,*,#3163,.F.);
#4107=ORIENTED_EDGE('',*,*,#3155,.T.);
#4108=ORIENTED_EDGE('',*,*,#3164,.F.);
#4109=ORIENTED_EDGE('',*,*,#3165,.F.);
#4110=ORIENTED_EDGE('',*,*,#3166,.F.);
#4111=ORIENTED_EDGE('',*,*,#3167,.F.);
#4112=ORIENTED_EDGE('',*,*,#3168,.F.);
#4113=ORIENTED_EDGE('',*,*,#3167,.T.);
#4114=ORIENTED_EDGE('',*,*,#3169,.F.);
#4115=ORIENTED_EDGE('',*,*,#3170,.F.);
#4116=ORIENTED_EDGE('',*,*,#3171,.F.);
#4117=ORIENTED_EDGE('',*,*,#3172,.F.);
#4118=ORIENTED_EDGE('',*,*,#3173,.F.);
#4119=ORIENTED_EDGE('',*,*,#3165,.T.);
#4120=ORIENTED_EDGE('',*,*,#3174,.F.);
#4121=ORIENTED_EDGE('',*,*,#3175,.F.);
#4122=ORIENTED_EDGE('',*,*,#3176,.F.);
#4123=ORIENTED_EDGE('',*,*,#3177,.F.);
#4124=ORIENTED_EDGE('',*,*,#3178,.F.);
#4125=ORIENTED_EDGE('',*,*,#3177,.T.);
#4126=ORIENTED_EDGE('',*,*,#3179,.F.);
#4127=ORIENTED_EDGE('',*,*,#3180,.F.);
#4128=ORIENTED_EDGE('',*,*,#3181,.F.);
#4129=ORIENTED_EDGE('',*,*,#3182,.F.);
#4130=ORIENTED_EDGE('',*,*,#3183,.F.);
#4131=ORIENTED_EDGE('',*,*,#3175,.T.);
#4132=ORIENTED_EDGE('',*,*,#3184,.F.);
#4133=ORIENTED_EDGE('',*,*,#3185,.F.);
#4134=ORIENTED_EDGE('',*,*,#3186,.F.);
#4135=ORIENTED_EDGE('',*,*,#3187,.F.);
#4136=ORIENTED_EDGE('',*,*,#3188,.F.);
#4137=ORIENTED_EDGE('',*,*,#3187,.T.);
#4138=ORIENTED_EDGE('',*,*,#3189,.F.);
#4139=ORIENTED_EDGE('',*,*,#3190,.F.);
#4140=ORIENTED_EDGE('',*,*,#3191,.F.);
#4141=ORIENTED_EDGE('',*,*,#3192,.F.);
#4142=ORIENTED_EDGE('',*,*,#3193,.F.);
#4143=ORIENTED_EDGE('',*,*,#3185,.T.);
#4144=ORIENTED_EDGE('',*,*,#3194,.F.);
#4145=ORIENTED_EDGE('',*,*,#3195,.F.);
#4146=ORIENTED_EDGE('',*,*,#3196,.F.);
#4147=ORIENTED_EDGE('',*,*,#3197,.F.);
#4148=ORIENTED_EDGE('',*,*,#3198,.F.);
#4149=ORIENTED_EDGE('',*,*,#3197,.T.);
#4150=ORIENTED_EDGE('',*,*,#3199,.F.);
#4151=ORIENTED_EDGE('',*,*,#3200,.F.);
#4152=ORIENTED_EDGE('',*,*,#3201,.F.);
#4153=ORIENTED_EDGE('',*,*,#3202,.F.);
#4154=ORIENTED_EDGE('',*,*,#3203,.F.);
#4155=ORIENTED_EDGE('',*,*,#3195,.T.);
#4156=ORIENTED_EDGE('',*,*,#3204,.F.);
#4157=ORIENTED_EDGE('',*,*,#3205,.F.);
#4158=ORIENTED_EDGE('',*,*,#3206,.F.);
#4159=ORIENTED_EDGE('',*,*,#3207,.F.);
#4160=ORIENTED_EDGE('',*,*,#3208,.F.);
#4161=ORIENTED_EDGE('',*,*,#3207,.T.);
#4162=ORIENTED_EDGE('',*,*,#3209,.F.);
#4163=ORIENTED_EDGE('',*,*,#3210,.F.);
#4164=ORIENTED_EDGE('',*,*,#3211,.F.);
#4165=ORIENTED_EDGE('',*,*,#3212,.F.);
#4166=ORIENTED_EDGE('',*,*,#3213,.F.);
#4167=ORIENTED_EDGE('',*,*,#3205,.T.);
#4168=ORIENTED_EDGE('',*,*,#3214,.F.);
#4169=ORIENTED_EDGE('',*,*,#3215,.F.);
#4170=ORIENTED_EDGE('',*,*,#3216,.F.);
#4171=ORIENTED_EDGE('',*,*,#3217,.F.);
#4172=ORIENTED_EDGE('',*,*,#3218,.F.);
#4173=ORIENTED_EDGE('',*,*,#3217,.T.);
#4174=ORIENTED_EDGE('',*,*,#3219,.F.);
#4175=ORIENTED_EDGE('',*,*,#3220,.F.);
#4176=ORIENTED_EDGE('',*,*,#3221,.F.);
#4177=ORIENTED_EDGE('',*,*,#3222,.F.);
#4178=ORIENTED_EDGE('',*,*,#3223,.F.);
#4179=ORIENTED_EDGE('',*,*,#3215,.T.);
#4180=ORIENTED_EDGE('',*,*,#3224,.F.);
#4181=ORIENTED_EDGE('',*,*,#3225,.F.);
#4182=ORIENTED_EDGE('',*,*,#3226,.F.);
#4183=ORIENTED_EDGE('',*,*,#3227,.F.);
#4184=ORIENTED_EDGE('',*,*,#3228,.F.);
#4185=ORIENTED_EDGE('',*,*,#3227,.T.);
#4186=ORIENTED_EDGE('',*,*,#3229,.F.);
#4187=ORIENTED_EDGE('',*,*,#3230,.F.);
#4188=ORIENTED_EDGE('',*,*,#3231,.F.);
#4189=ORIENTED_EDGE('',*,*,#3232,.F.);
#4190=ORIENTED_EDGE('',*,*,#3233,.F.);
#4191=ORIENTED_EDGE('',*,*,#3225,.T.);
#4192=ORIENTED_EDGE('',*,*,#3234,.F.);
#4193=ORIENTED_EDGE('',*,*,#3235,.F.);
#4194=ORIENTED_EDGE('',*,*,#3236,.F.);
#4195=ORIENTED_EDGE('',*,*,#3237,.F.);
#4196=ORIENTED_EDGE('',*,*,#3238,.F.);
#4197=ORIENTED_EDGE('',*,*,#3237,.T.);
#4198=ORIENTED_EDGE('',*,*,#3239,.F.);
#4199=ORIENTED_EDGE('',*,*,#3240,.F.);
#4200=ORIENTED_EDGE('',*,*,#3241,.F.);
#4201=ORIENTED_EDGE('',*,*,#3242,.F.);
#4202=ORIENTED_EDGE('',*,*,#3243,.F.);
#4203=ORIENTED_EDGE('',*,*,#3235,.T.);
#4204=ORIENTED_EDGE('',*,*,#3244,.F.);
#4205=ORIENTED_EDGE('',*,*,#3245,.F.);
#4206=ORIENTED_EDGE('',*,*,#3246,.F.);
#4207=ORIENTED_EDGE('',*,*,#3247,.F.);
#4208=ORIENTED_EDGE('',*,*,#3248,.F.);
#4209=ORIENTED_EDGE('',*,*,#3247,.T.);
#4210=ORIENTED_EDGE('',*,*,#3249,.F.);
#4211=ORIENTED_EDGE('',*,*,#3250,.F.);
#4212=ORIENTED_EDGE('',*,*,#3251,.F.);
#4213=ORIENTED_EDGE('',*,*,#3252,.F.);
#4214=ORIENTED_EDGE('',*,*,#3253,.F.);
#4215=ORIENTED_EDGE('',*,*,#3245,.T.);
#4216=ORIENTED_EDGE('',*,*,#3254,.F.);
#4217=ORIENTED_EDGE('',*,*,#3255,.F.);
#4218=ORIENTED_EDGE('',*,*,#3256,.F.);
#4219=ORIENTED_EDGE('',*,*,#3257,.F.);
#4220=ORIENTED_EDGE('',*,*,#3258,.F.);
#4221=ORIENTED_EDGE('',*,*,#3257,.T.);
#4222=ORIENTED_EDGE('',*,*,#3259,.F.);
#4223=ORIENTED_EDGE('',*,*,#3260,.F.);
#4224=ORIENTED_EDGE('',*,*,#3261,.F.);
#4225=ORIENTED_EDGE('',*,*,#3262,.F.);
#4226=ORIENTED_EDGE('',*,*,#3263,.F.);
#4227=ORIENTED_EDGE('',*,*,#3255,.T.);
#4228=ORIENTED_EDGE('',*,*,#3264,.F.);
#4229=ORIENTED_EDGE('',*,*,#3265,.F.);
#4230=ORIENTED_EDGE('',*,*,#3266,.F.);
#4231=ORIENTED_EDGE('',*,*,#3267,.F.);
#4232=ORIENTED_EDGE('',*,*,#3268,.F.);
#4233=ORIENTED_EDGE('',*,*,#3267,.T.);
#4234=ORIENTED_EDGE('',*,*,#3269,.F.);
#4235=ORIENTED_EDGE('',*,*,#3270,.F.);
#4236=ORIENTED_EDGE('',*,*,#3271,.F.);
#4237=ORIENTED_EDGE('',*,*,#3272,.F.);
#4238=ORIENTED_EDGE('',*,*,#3273,.F.);
#4239=ORIENTED_EDGE('',*,*,#3265,.T.);
#4240=ORIENTED_EDGE('',*,*,#3274,.F.);
#4241=ORIENTED_EDGE('',*,*,#3275,.F.);
#4242=ORIENTED_EDGE('',*,*,#3276,.F.);
#4243=ORIENTED_EDGE('',*,*,#3277,.F.);
#4244=ORIENTED_EDGE('',*,*,#3278,.F.);
#4245=ORIENTED_EDGE('',*,*,#3277,.T.);
#4246=ORIENTED_EDGE('',*,*,#3279,.F.);
#4247=ORIENTED_EDGE('',*,*,#3280,.F.);
#4248=ORIENTED_EDGE('',*,*,#3281,.F.);
#4249=ORIENTED_EDGE('',*,*,#3282,.F.);
#4250=ORIENTED_EDGE('',*,*,#3283,.F.);
#4251=ORIENTED_EDGE('',*,*,#3275,.T.);
#4252=ORIENTED_EDGE('',*,*,#3284,.F.);
#4253=ORIENTED_EDGE('',*,*,#3285,.F.);
#4254=ORIENTED_EDGE('',*,*,#3286,.F.);
#4255=ORIENTED_EDGE('',*,*,#3287,.F.);
#4256=ORIENTED_EDGE('',*,*,#3288,.F.);
#4257=ORIENTED_EDGE('',*,*,#3287,.T.);
#4258=ORIENTED_EDGE('',*,*,#3289,.F.);
#4259=ORIENTED_EDGE('',*,*,#3290,.F.);
#4260=ORIENTED_EDGE('',*,*,#3291,.F.);
#4261=ORIENTED_EDGE('',*,*,#3292,.F.);
#4262=ORIENTED_EDGE('',*,*,#3293,.F.);
#4263=ORIENTED_EDGE('',*,*,#3285,.T.);
#4264=ORIENTED_EDGE('',*,*,#3294,.F.);
#4265=ORIENTED_EDGE('',*,*,#3295,.F.);
#4266=ORIENTED_EDGE('',*,*,#3296,.F.);
#4267=ORIENTED_EDGE('',*,*,#3297,.F.);
#4268=ORIENTED_EDGE('',*,*,#3298,.F.);
#4269=ORIENTED_EDGE('',*,*,#3297,.T.);
#4270=ORIENTED_EDGE('',*,*,#3299,.F.);
#4271=ORIENTED_EDGE('',*,*,#3300,.F.);
#4272=ORIENTED_EDGE('',*,*,#3301,.F.);
#4273=ORIENTED_EDGE('',*,*,#3302,.F.);
#4274=ORIENTED_EDGE('',*,*,#3303,.F.);
#4275=ORIENTED_EDGE('',*,*,#3295,.T.);
#4276=ORIENTED_EDGE('',*,*,#3304,.F.);
#4277=ORIENTED_EDGE('',*,*,#3305,.F.);
#4278=ORIENTED_EDGE('',*,*,#3306,.F.);
#4279=ORIENTED_EDGE('',*,*,#3307,.F.);
#4280=ORIENTED_EDGE('',*,*,#3308,.F.);
#4281=ORIENTED_EDGE('',*,*,#3307,.T.);
#4282=ORIENTED_EDGE('',*,*,#3309,.F.);
#4283=ORIENTED_EDGE('',*,*,#3310,.F.);
#4284=ORIENTED_EDGE('',*,*,#3311,.F.);
#4285=ORIENTED_EDGE('',*,*,#3312,.F.);
#4286=ORIENTED_EDGE('',*,*,#3313,.F.);
#4287=ORIENTED_EDGE('',*,*,#3305,.T.);
#4288=ORIENTED_EDGE('',*,*,#3314,.F.);
#4289=ORIENTED_EDGE('',*,*,#3315,.F.);
#4290=ORIENTED_EDGE('',*,*,#3316,.F.);
#4291=ORIENTED_EDGE('',*,*,#3317,.F.);
#4292=ORIENTED_EDGE('',*,*,#3318,.F.);
#4293=ORIENTED_EDGE('',*,*,#3317,.T.);
#4294=ORIENTED_EDGE('',*,*,#3319,.F.);
#4295=ORIENTED_EDGE('',*,*,#3320,.F.);
#4296=ORIENTED_EDGE('',*,*,#3321,.F.);
#4297=ORIENTED_EDGE('',*,*,#3322,.F.);
#4298=ORIENTED_EDGE('',*,*,#3323,.F.);
#4299=ORIENTED_EDGE('',*,*,#3315,.T.);
#4300=ORIENTED_EDGE('',*,*,#3324,.F.);
#4301=ORIENTED_EDGE('',*,*,#3325,.F.);
#4302=ORIENTED_EDGE('',*,*,#3326,.F.);
#4303=ORIENTED_EDGE('',*,*,#3327,.F.);
#4304=ORIENTED_EDGE('',*,*,#3328,.F.);
#4305=ORIENTED_EDGE('',*,*,#3327,.T.);
#4306=ORIENTED_EDGE('',*,*,#3329,.F.);
#4307=ORIENTED_EDGE('',*,*,#3330,.F.);
#4308=ORIENTED_EDGE('',*,*,#3331,.F.);
#4309=ORIENTED_EDGE('',*,*,#3332,.F.);
#4310=ORIENTED_EDGE('',*,*,#3333,.F.);
#4311=ORIENTED_EDGE('',*,*,#3325,.T.);
#4312=ORIENTED_EDGE('',*,*,#3334,.F.);
#4313=ORIENTED_EDGE('',*,*,#3335,.F.);
#4314=ORIENTED_EDGE('',*,*,#3336,.F.);
#4315=ORIENTED_EDGE('',*,*,#3337,.F.);
#4316=ORIENTED_EDGE('',*,*,#3338,.F.);
#4317=ORIENTED_EDGE('',*,*,#3337,.T.);
#4318=ORIENTED_EDGE('',*,*,#3339,.F.);
#4319=ORIENTED_EDGE('',*,*,#3340,.F.);
#4320=ORIENTED_EDGE('',*,*,#3341,.F.);
#4321=ORIENTED_EDGE('',*,*,#3342,.F.);
#4322=ORIENTED_EDGE('',*,*,#3343,.F.);
#4323=ORIENTED_EDGE('',*,*,#3335,.T.);
#4324=ORIENTED_EDGE('',*,*,#3344,.F.);
#4325=ORIENTED_EDGE('',*,*,#3345,.F.);
#4326=ORIENTED_EDGE('',*,*,#3346,.F.);
#4327=ORIENTED_EDGE('',*,*,#3347,.F.);
#4328=ORIENTED_EDGE('',*,*,#3348,.F.);
#4329=ORIENTED_EDGE('',*,*,#3347,.T.);
#4330=ORIENTED_EDGE('',*,*,#3349,.F.);
#4331=ORIENTED_EDGE('',*,*,#3350,.F.);
#4332=ORIENTED_EDGE('',*,*,#3351,.F.);
#4333=ORIENTED_EDGE('',*,*,#3352,.F.);
#4334=ORIENTED_EDGE('',*,*,#3353,.F.);
#4335=ORIENTED_EDGE('',*,*,#3345,.T.);
#4336=ORIENTED_EDGE('',*,*,#3354,.F.);
#4337=ORIENTED_EDGE('',*,*,#3355,.F.);
#4338=ORIENTED_EDGE('',*,*,#3356,.F.);
#4339=ORIENTED_EDGE('',*,*,#3357,.F.);
#4340=ORIENTED_EDGE('',*,*,#3358,.F.);
#4341=ORIENTED_EDGE('',*,*,#3357,.T.);
#4342=ORIENTED_EDGE('',*,*,#3359,.F.);
#4343=ORIENTED_EDGE('',*,*,#3360,.F.);
#4344=ORIENTED_EDGE('',*,*,#3361,.F.);
#4345=ORIENTED_EDGE('',*,*,#3362,.F.);
#4346=ORIENTED_EDGE('',*,*,#3363,.F.);
#4347=ORIENTED_EDGE('',*,*,#3355,.T.);
#4348=ORIENTED_EDGE('',*,*,#3364,.F.);
#4349=ORIENTED_EDGE('',*,*,#3365,.F.);
#4350=ORIENTED_EDGE('',*,*,#3366,.F.);
#4351=ORIENTED_EDGE('',*,*,#3367,.F.);
#4352=ORIENTED_EDGE('',*,*,#3368,.F.);
#4353=ORIENTED_EDGE('',*,*,#3367,.T.);
#4354=ORIENTED_EDGE('',*,*,#3369,.F.);
#4355=ORIENTED_EDGE('',*,*,#3370,.F.);
#4356=ORIENTED_EDGE('',*,*,#3371,.F.);
#4357=ORIENTED_EDGE('',*,*,#3372,.F.);
#4358=ORIENTED_EDGE('',*,*,#3373,.F.);
#4359=ORIENTED_EDGE('',*,*,#3365,.T.);
#4360=ORIENTED_EDGE('',*,*,#3374,.F.);
#4361=ORIENTED_EDGE('',*,*,#3375,.F.);
#4362=ORIENTED_EDGE('',*,*,#3376,.F.);
#4363=ORIENTED_EDGE('',*,*,#3377,.F.);
#4364=ORIENTED_EDGE('',*,*,#3378,.F.);
#4365=ORIENTED_EDGE('',*,*,#3377,.T.);
#4366=ORIENTED_EDGE('',*,*,#3379,.F.);
#4367=ORIENTED_EDGE('',*,*,#3380,.F.);
#4368=ORIENTED_EDGE('',*,*,#3381,.F.);
#4369=ORIENTED_EDGE('',*,*,#3382,.F.);
#4370=ORIENTED_EDGE('',*,*,#3383,.F.);
#4371=ORIENTED_EDGE('',*,*,#3375,.T.);
#4372=ORIENTED_EDGE('',*,*,#3384,.F.);
#4373=ORIENTED_EDGE('',*,*,#3385,.F.);
#4374=ORIENTED_EDGE('',*,*,#3386,.F.);
#4375=ORIENTED_EDGE('',*,*,#3387,.F.);
#4376=ORIENTED_EDGE('',*,*,#3388,.F.);
#4377=ORIENTED_EDGE('',*,*,#3387,.T.);
#4378=ORIENTED_EDGE('',*,*,#3389,.F.);
#4379=ORIENTED_EDGE('',*,*,#3390,.F.);
#4380=ORIENTED_EDGE('',*,*,#3391,.F.);
#4381=ORIENTED_EDGE('',*,*,#3392,.F.);
#4382=ORIENTED_EDGE('',*,*,#3393,.F.);
#4383=ORIENTED_EDGE('',*,*,#3385,.T.);
#4384=ORIENTED_EDGE('',*,*,#3394,.F.);
#4385=ORIENTED_EDGE('',*,*,#3395,.F.);
#4386=ORIENTED_EDGE('',*,*,#3396,.F.);
#4387=ORIENTED_EDGE('',*,*,#3397,.F.);
#4388=ORIENTED_EDGE('',*,*,#3398,.F.);
#4389=ORIENTED_EDGE('',*,*,#3397,.T.);
#4390=ORIENTED_EDGE('',*,*,#3399,.F.);
#4391=ORIENTED_EDGE('',*,*,#3400,.F.);
#4392=ORIENTED_EDGE('',*,*,#3401,.F.);
#4393=ORIENTED_EDGE('',*,*,#3402,.F.);
#4394=ORIENTED_EDGE('',*,*,#3403,.F.);
#4395=ORIENTED_EDGE('',*,*,#3395,.T.);
#4396=ORIENTED_EDGE('',*,*,#3404,.F.);
#4397=ORIENTED_EDGE('',*,*,#3405,.F.);
#4398=ORIENTED_EDGE('',*,*,#3406,.F.);
#4399=ORIENTED_EDGE('',*,*,#3407,.F.);
#4400=ORIENTED_EDGE('',*,*,#3408,.F.);
#4401=ORIENTED_EDGE('',*,*,#3407,.T.);
#4402=ORIENTED_EDGE('',*,*,#3409,.F.);
#4403=ORIENTED_EDGE('',*,*,#3410,.F.);
#4404=ORIENTED_EDGE('',*,*,#3411,.F.);
#4405=ORIENTED_EDGE('',*,*,#3412,.F.);
#4406=ORIENTED_EDGE('',*,*,#3413,.F.);
#4407=ORIENTED_EDGE('',*,*,#3405,.T.);
#4408=ORIENTED_EDGE('',*,*,#3414,.F.);
#4409=ORIENTED_EDGE('',*,*,#3415,.F.);
#4410=ORIENTED_EDGE('',*,*,#3416,.F.);
#4411=ORIENTED_EDGE('',*,*,#3417,.F.);
#4412=ORIENTED_EDGE('',*,*,#3418,.F.);
#4413=ORIENTED_EDGE('',*,*,#3417,.T.);
#4414=ORIENTED_EDGE('',*,*,#3419,.F.);
#4415=ORIENTED_EDGE('',*,*,#3420,.F.);
#4416=ORIENTED_EDGE('',*,*,#3421,.F.);
#4417=ORIENTED_EDGE('',*,*,#3422,.F.);
#4418=ORIENTED_EDGE('',*,*,#3423,.F.);
#4419=ORIENTED_EDGE('',*,*,#3415,.T.);
#4420=ORIENTED_EDGE('',*,*,#3424,.F.);
#4421=ORIENTED_EDGE('',*,*,#3425,.F.);
#4422=ORIENTED_EDGE('',*,*,#3426,.F.);
#4423=ORIENTED_EDGE('',*,*,#3427,.F.);
#4424=ORIENTED_EDGE('',*,*,#3428,.F.);
#4425=ORIENTED_EDGE('',*,*,#3427,.T.);
#4426=ORIENTED_EDGE('',*,*,#3429,.F.);
#4427=ORIENTED_EDGE('',*,*,#3430,.F.);
#4428=ORIENTED_EDGE('',*,*,#3431,.F.);
#4429=ORIENTED_EDGE('',*,*,#3432,.F.);
#4430=ORIENTED_EDGE('',*,*,#3433,.F.);
#4431=ORIENTED_EDGE('',*,*,#3425,.T.);
#4432=ORIENTED_EDGE('',*,*,#3061,.T.);
#4433=ORIENTED_EDGE('',*,*,#3054,.T.);
#4434=ORIENTED_EDGE('',*,*,#3058,.T.);
#4435=ORIENTED_EDGE('',*,*,#3434,.T.);
#4436=ORIENTED_EDGE('',*,*,#3435,.T.);
#4437=ORIENTED_EDGE('',*,*,#3436,.T.);
#4438=ORIENTED_EDGE('',*,*,#3437,.T.);
#4439=ORIENTED_EDGE('',*,*,#3438,.T.);
#4440=ORIENTED_EDGE('',*,*,#3431,.T.);
#4441=ORIENTED_EDGE('',*,*,#3424,.T.);
#4442=ORIENTED_EDGE('',*,*,#3428,.T.);
#4443=ORIENTED_EDGE('',*,*,#3439,.T.);
#4444=ORIENTED_EDGE('',*,*,#3421,.T.);
#4445=ORIENTED_EDGE('',*,*,#3414,.T.);
#4446=ORIENTED_EDGE('',*,*,#3418,.T.);
#4447=ORIENTED_EDGE('',*,*,#3440,.T.);
#4448=ORIENTED_EDGE('',*,*,#3411,.T.);
#4449=ORIENTED_EDGE('',*,*,#3404,.T.);
#4450=ORIENTED_EDGE('',*,*,#3408,.T.);
#4451=ORIENTED_EDGE('',*,*,#3441,.T.);
#4452=ORIENTED_EDGE('',*,*,#3401,.T.);
#4453=ORIENTED_EDGE('',*,*,#3394,.T.);
#4454=ORIENTED_EDGE('',*,*,#3398,.T.);
#4455=ORIENTED_EDGE('',*,*,#3442,.T.);
#4456=ORIENTED_EDGE('',*,*,#3391,.T.);
#4457=ORIENTED_EDGE('',*,*,#3384,.T.);
#4458=ORIENTED_EDGE('',*,*,#3388,.T.);
#4459=ORIENTED_EDGE('',*,*,#3443,.T.);
#4460=ORIENTED_EDGE('',*,*,#3381,.T.);
#4461=ORIENTED_EDGE('',*,*,#3374,.T.);
#4462=ORIENTED_EDGE('',*,*,#3378,.T.);
#4463=ORIENTED_EDGE('',*,*,#3444,.T.);
#4464=ORIENTED_EDGE('',*,*,#3371,.T.);
#4465=ORIENTED_EDGE('',*,*,#3364,.T.);
#4466=ORIENTED_EDGE('',*,*,#3368,.T.);
#4467=ORIENTED_EDGE('',*,*,#3445,.T.);
#4468=ORIENTED_EDGE('',*,*,#3361,.T.);
#4469=ORIENTED_EDGE('',*,*,#3354,.T.);
#4470=ORIENTED_EDGE('',*,*,#3358,.T.);
#4471=ORIENTED_EDGE('',*,*,#3446,.T.);
#4472=ORIENTED_EDGE('',*,*,#3351,.T.);
#4473=ORIENTED_EDGE('',*,*,#3344,.T.);
#4474=ORIENTED_EDGE('',*,*,#3348,.T.);
#4475=ORIENTED_EDGE('',*,*,#3447,.T.);
#4476=ORIENTED_EDGE('',*,*,#3341,.T.);
#4477=ORIENTED_EDGE('',*,*,#3334,.T.);
#4478=ORIENTED_EDGE('',*,*,#3338,.T.);
#4479=ORIENTED_EDGE('',*,*,#3448,.T.);
#4480=ORIENTED_EDGE('',*,*,#3331,.T.);
#4481=ORIENTED_EDGE('',*,*,#3324,.T.);
#4482=ORIENTED_EDGE('',*,*,#3328,.T.);
#4483=ORIENTED_EDGE('',*,*,#3449,.T.);
#4484=ORIENTED_EDGE('',*,*,#3321,.T.);
#4485=ORIENTED_EDGE('',*,*,#3314,.T.);
#4486=ORIENTED_EDGE('',*,*,#3318,.T.);
#4487=ORIENTED_EDGE('',*,*,#3450,.T.);
#4488=ORIENTED_EDGE('',*,*,#3311,.T.);
#4489=ORIENTED_EDGE('',*,*,#3304,.T.);
#4490=ORIENTED_EDGE('',*,*,#3308,.T.);
#4491=ORIENTED_EDGE('',*,*,#3451,.T.);
#4492=ORIENTED_EDGE('',*,*,#3301,.T.);
#4493=ORIENTED_EDGE('',*,*,#3294,.T.);
#4494=ORIENTED_EDGE('',*,*,#3298,.T.);
#4495=ORIENTED_EDGE('',*,*,#3452,.T.);
#4496=ORIENTED_EDGE('',*,*,#3291,.T.);
#4497=ORIENTED_EDGE('',*,*,#3284,.T.);
#4498=ORIENTED_EDGE('',*,*,#3288,.T.);
#4499=ORIENTED_EDGE('',*,*,#3453,.T.);
#4500=ORIENTED_EDGE('',*,*,#3281,.T.);
#4501=ORIENTED_EDGE('',*,*,#3274,.T.);
#4502=ORIENTED_EDGE('',*,*,#3278,.T.);
#4503=ORIENTED_EDGE('',*,*,#3454,.T.);
#4504=ORIENTED_EDGE('',*,*,#3271,.T.);
#4505=ORIENTED_EDGE('',*,*,#3264,.T.);
#4506=ORIENTED_EDGE('',*,*,#3268,.T.);
#4507=ORIENTED_EDGE('',*,*,#3455,.T.);
#4508=ORIENTED_EDGE('',*,*,#3261,.T.);
#4509=ORIENTED_EDGE('',*,*,#3254,.T.);
#4510=ORIENTED_EDGE('',*,*,#3258,.T.);
#4511=ORIENTED_EDGE('',*,*,#3456,.T.);
#4512=ORIENTED_EDGE('',*,*,#3251,.T.);
#4513=ORIENTED_EDGE('',*,*,#3244,.T.);
#4514=ORIENTED_EDGE('',*,*,#3248,.T.);
#4515=ORIENTED_EDGE('',*,*,#3457,.T.);
#4516=ORIENTED_EDGE('',*,*,#3241,.T.);
#4517=ORIENTED_EDGE('',*,*,#3234,.T.);
#4518=ORIENTED_EDGE('',*,*,#3238,.T.);
#4519=ORIENTED_EDGE('',*,*,#3458,.T.);
#4520=ORIENTED_EDGE('',*,*,#3231,.T.);
#4521=ORIENTED_EDGE('',*,*,#3224,.T.);
#4522=ORIENTED_EDGE('',*,*,#3228,.T.);
#4523=ORIENTED_EDGE('',*,*,#3459,.T.);
#4524=ORIENTED_EDGE('',*,*,#3221,.T.);
#4525=ORIENTED_EDGE('',*,*,#3214,.T.);
#4526=ORIENTED_EDGE('',*,*,#3218,.T.);
#4527=ORIENTED_EDGE('',*,*,#3460,.T.);
#4528=ORIENTED_EDGE('',*,*,#3211,.T.);
#4529=ORIENTED_EDGE('',*,*,#3204,.T.);
#4530=ORIENTED_EDGE('',*,*,#3208,.T.);
#4531=ORIENTED_EDGE('',*,*,#3461,.T.);
#4532=ORIENTED_EDGE('',*,*,#3201,.T.);
#4533=ORIENTED_EDGE('',*,*,#3194,.T.);
#4534=ORIENTED_EDGE('',*,*,#3198,.T.);
#4535=ORIENTED_EDGE('',*,*,#3462,.T.);
#4536=ORIENTED_EDGE('',*,*,#3191,.T.);
#4537=ORIENTED_EDGE('',*,*,#3184,.T.);
#4538=ORIENTED_EDGE('',*,*,#3188,.T.);
#4539=ORIENTED_EDGE('',*,*,#3463,.T.);
#4540=ORIENTED_EDGE('',*,*,#3181,.T.);
#4541=ORIENTED_EDGE('',*,*,#3174,.T.);
#4542=ORIENTED_EDGE('',*,*,#3178,.T.);
#4543=ORIENTED_EDGE('',*,*,#3464,.T.);
#4544=ORIENTED_EDGE('',*,*,#3171,.T.);
#4545=ORIENTED_EDGE('',*,*,#3164,.T.);
#4546=ORIENTED_EDGE('',*,*,#3168,.T.);
#4547=ORIENTED_EDGE('',*,*,#3465,.T.);
#4548=ORIENTED_EDGE('',*,*,#3161,.T.);
#4549=ORIENTED_EDGE('',*,*,#3154,.T.);
#4550=ORIENTED_EDGE('',*,*,#3158,.T.);
#4551=ORIENTED_EDGE('',*,*,#3466,.T.);
#4552=ORIENTED_EDGE('',*,*,#3151,.T.);
#4553=ORIENTED_EDGE('',*,*,#3144,.T.);
#4554=ORIENTED_EDGE('',*,*,#3148,.T.);
#4555=ORIENTED_EDGE('',*,*,#3467,.T.);
#4556=ORIENTED_EDGE('',*,*,#3141,.T.);
#4557=ORIENTED_EDGE('',*,*,#3134,.T.);
#4558=ORIENTED_EDGE('',*,*,#3138,.T.);
#4559=ORIENTED_EDGE('',*,*,#3468,.T.);
#4560=ORIENTED_EDGE('',*,*,#3131,.T.);
#4561=ORIENTED_EDGE('',*,*,#3124,.T.);
#4562=ORIENTED_EDGE('',*,*,#3128,.T.);
#4563=ORIENTED_EDGE('',*,*,#3469,.T.);
#4564=ORIENTED_EDGE('',*,*,#3121,.T.);
#4565=ORIENTED_EDGE('',*,*,#3114,.T.);
#4566=ORIENTED_EDGE('',*,*,#3118,.T.);
#4567=ORIENTED_EDGE('',*,*,#3470,.T.);
#4568=ORIENTED_EDGE('',*,*,#3471,.T.);
#4569=ORIENTED_EDGE('',*,*,#3472,.F.);
#4570=ORIENTED_EDGE('',*,*,#3473,.F.);
#4571=ORIENTED_EDGE('',*,*,#3474,.F.);
#4572=ORIENTED_EDGE('',*,*,#3475,.F.);
#4573=ORIENTED_EDGE('',*,*,#3476,.F.);
#4574=ORIENTED_EDGE('',*,*,#3477,.F.);
#4575=ORIENTED_EDGE('',*,*,#3478,.F.);
#4576=ORIENTED_EDGE('',*,*,#3479,.F.);
#4577=ORIENTED_EDGE('',*,*,#3480,.F.);
#4578=ORIENTED_EDGE('',*,*,#3481,.F.);
#4579=ORIENTED_EDGE('',*,*,#3482,.F.);
#4580=ORIENTED_EDGE('',*,*,#3483,.F.);
#4581=ORIENTED_EDGE('',*,*,#3484,.F.);
#4582=ORIENTED_EDGE('',*,*,#3485,.F.);
#4583=ORIENTED_EDGE('',*,*,#3486,.F.);
#4584=ORIENTED_EDGE('',*,*,#3487,.F.);
#4585=ORIENTED_EDGE('',*,*,#3488,.F.);
#4586=ORIENTED_EDGE('',*,*,#3489,.F.);
#4587=ORIENTED_EDGE('',*,*,#3490,.F.);
#4588=ORIENTED_EDGE('',*,*,#3491,.F.);
#4589=ORIENTED_EDGE('',*,*,#3492,.F.);
#4590=ORIENTED_EDGE('',*,*,#3493,.F.);
#4591=ORIENTED_EDGE('',*,*,#3494,.F.);
#4592=ORIENTED_EDGE('',*,*,#3495,.F.);
#4593=ORIENTED_EDGE('',*,*,#3496,.F.);
#4594=ORIENTED_EDGE('',*,*,#3497,.F.);
#4595=ORIENTED_EDGE('',*,*,#3498,.F.);
#4596=ORIENTED_EDGE('',*,*,#3499,.F.);
#4597=ORIENTED_EDGE('',*,*,#3500,.F.);
#4598=ORIENTED_EDGE('',*,*,#3501,.F.);
#4599=ORIENTED_EDGE('',*,*,#3502,.F.);
#4600=ORIENTED_EDGE('',*,*,#3503,.F.);
#4601=ORIENTED_EDGE('',*,*,#3504,.F.);
#4602=ORIENTED_EDGE('',*,*,#3505,.F.);
#4603=ORIENTED_EDGE('',*,*,#3506,.F.);
#4604=ORIENTED_EDGE('',*,*,#3507,.F.);
#4605=ORIENTED_EDGE('',*,*,#3508,.F.);
#4606=ORIENTED_EDGE('',*,*,#3509,.F.);
#4607=ORIENTED_EDGE('',*,*,#3510,.F.);
#4608=ORIENTED_EDGE('',*,*,#3511,.F.);
#4609=ORIENTED_EDGE('',*,*,#3512,.F.);
#4610=ORIENTED_EDGE('',*,*,#3513,.F.);
#4611=ORIENTED_EDGE('',*,*,#3514,.F.);
#4612=ORIENTED_EDGE('',*,*,#3515,.F.);
#4613=ORIENTED_EDGE('',*,*,#3516,.F.);
#4614=ORIENTED_EDGE('',*,*,#3517,.F.);
#4615=ORIENTED_EDGE('',*,*,#3518,.F.);
#4616=ORIENTED_EDGE('',*,*,#3519,.F.);
#4617=ORIENTED_EDGE('',*,*,#3520,.F.);
#4618=ORIENTED_EDGE('',*,*,#3471,.F.);
#4619=ORIENTED_EDGE('',*,*,#3521,.T.);
#4620=ORIENTED_EDGE('',*,*,#3111,.T.);
#4621=ORIENTED_EDGE('',*,*,#3104,.T.);
#4622=ORIENTED_EDGE('',*,*,#3108,.T.);
#4623=ORIENTED_EDGE('',*,*,#3522,.T.);
#4624=ORIENTED_EDGE('',*,*,#3101,.T.);
#4625=ORIENTED_EDGE('',*,*,#3094,.T.);
#4626=ORIENTED_EDGE('',*,*,#3098,.T.);
#4627=ORIENTED_EDGE('',*,*,#3523,.T.);
#4628=ORIENTED_EDGE('',*,*,#3091,.T.);
#4629=ORIENTED_EDGE('',*,*,#3084,.T.);
#4630=ORIENTED_EDGE('',*,*,#3088,.T.);
#4631=ORIENTED_EDGE('',*,*,#3524,.T.);
#4632=ORIENTED_EDGE('',*,*,#3081,.T.);
#4633=ORIENTED_EDGE('',*,*,#3074,.T.);
#4634=ORIENTED_EDGE('',*,*,#3078,.T.);
#4635=ORIENTED_EDGE('',*,*,#3525,.T.);
#4636=ORIENTED_EDGE('',*,*,#3071,.T.);
#4637=ORIENTED_EDGE('',*,*,#3064,.T.);
#4638=ORIENTED_EDGE('',*,*,#3068,.T.);
#4639=ORIENTED_EDGE('',*,*,#3526,.T.);
#4640=ORIENTED_EDGE('',*,*,#3060,.T.);
#4641=ORIENTED_EDGE('',*,*,#3527,.T.);
#4642=ORIENTED_EDGE('',*,*,#3528,.T.);
#4643=ORIENTED_EDGE('',*,*,#3434,.F.);
#4644=ORIENTED_EDGE('',*,*,#3432,.T.);
#4645=ORIENTED_EDGE('',*,*,#3438,.F.);
#4646=ORIENTED_EDGE('',*,*,#3529,.T.);
#4647=ORIENTED_EDGE('',*,*,#3530,.T.);
#4648=ORIENTED_EDGE('',*,*,#3422,.T.);
#4649=ORIENTED_EDGE('',*,*,#3439,.F.);
#4650=ORIENTED_EDGE('',*,*,#3430,.T.);
#4651=ORIENTED_EDGE('',*,*,#3531,.T.);
#4652=ORIENTED_EDGE('',*,*,#3412,.T.);
#4653=ORIENTED_EDGE('',*,*,#3440,.F.);
#4654=ORIENTED_EDGE('',*,*,#3420,.T.);
#4655=ORIENTED_EDGE('',*,*,#3532,.T.);
#4656=ORIENTED_EDGE('',*,*,#3402,.T.);
#4657=ORIENTED_EDGE('',*,*,#3441,.F.);
#4658=ORIENTED_EDGE('',*,*,#3410,.T.);
#4659=ORIENTED_EDGE('',*,*,#3533,.T.);
#4660=ORIENTED_EDGE('',*,*,#3392,.T.);
#4661=ORIENTED_EDGE('',*,*,#3442,.F.);
#4662=ORIENTED_EDGE('',*,*,#3400,.T.);
#4663=ORIENTED_EDGE('',*,*,#3534,.T.);
#4664=ORIENTED_EDGE('',*,*,#3382,.T.);
#4665=ORIENTED_EDGE('',*,*,#3443,.F.);
#4666=ORIENTED_EDGE('',*,*,#3390,.T.);
#4667=ORIENTED_EDGE('',*,*,#3535,.T.);
#4668=ORIENTED_EDGE('',*,*,#3372,.T.);
#4669=ORIENTED_EDGE('',*,*,#3444,.F.);
#4670=ORIENTED_EDGE('',*,*,#3380,.T.);
#4671=ORIENTED_EDGE('',*,*,#3536,.T.);
#4672=ORIENTED_EDGE('',*,*,#3362,.T.);
#4673=ORIENTED_EDGE('',*,*,#3445,.F.);
#4674=ORIENTED_EDGE('',*,*,#3370,.T.);
#4675=ORIENTED_EDGE('',*,*,#3537,.T.);
#4676=ORIENTED_EDGE('',*,*,#3352,.T.);
#4677=ORIENTED_EDGE('',*,*,#3446,.F.);
#4678=ORIENTED_EDGE('',*,*,#3360,.T.);
#4679=ORIENTED_EDGE('',*,*,#3538,.T.);
#4680=ORIENTED_EDGE('',*,*,#3342,.T.);
#4681=ORIENTED_EDGE('',*,*,#3447,.F.);
#4682=ORIENTED_EDGE('',*,*,#3350,.T.);
#4683=ORIENTED_EDGE('',*,*,#3539,.T.);
#4684=ORIENTED_EDGE('',*,*,#3332,.T.);
#4685=ORIENTED_EDGE('',*,*,#3448,.F.);
#4686=ORIENTED_EDGE('',*,*,#3340,.T.);
#4687=ORIENTED_EDGE('',*,*,#3540,.T.);
#4688=ORIENTED_EDGE('',*,*,#3322,.T.);
#4689=ORIENTED_EDGE('',*,*,#3449,.F.);
#4690=ORIENTED_EDGE('',*,*,#3330,.T.);
#4691=ORIENTED_EDGE('',*,*,#3541,.T.);
#4692=ORIENTED_EDGE('',*,*,#3312,.T.);
#4693=ORIENTED_EDGE('',*,*,#3450,.F.);
#4694=ORIENTED_EDGE('',*,*,#3320,.T.);
#4695=ORIENTED_EDGE('',*,*,#3542,.T.);
#4696=ORIENTED_EDGE('',*,*,#3302,.T.);
#4697=ORIENTED_EDGE('',*,*,#3451,.F.);
#4698=ORIENTED_EDGE('',*,*,#3310,.T.);
#4699=ORIENTED_EDGE('',*,*,#3543,.T.);
#4700=ORIENTED_EDGE('',*,*,#3292,.T.);
#4701=ORIENTED_EDGE('',*,*,#3452,.F.);
#4702=ORIENTED_EDGE('',*,*,#3300,.T.);
#4703=ORIENTED_EDGE('',*,*,#3544,.T.);
#4704=ORIENTED_EDGE('',*,*,#3282,.T.);
#4705=ORIENTED_EDGE('',*,*,#3453,.F.);
#4706=ORIENTED_EDGE('',*,*,#3290,.T.);
#4707=ORIENTED_EDGE('',*,*,#3545,.T.);
#4708=ORIENTED_EDGE('',*,*,#3272,.T.);
#4709=ORIENTED_EDGE('',*,*,#3454,.F.);
#4710=ORIENTED_EDGE('',*,*,#3280,.T.);
#4711=ORIENTED_EDGE('',*,*,#3546,.T.);
#4712=ORIENTED_EDGE('',*,*,#3262,.T.);
#4713=ORIENTED_EDGE('',*,*,#3455,.F.);
#4714=ORIENTED_EDGE('',*,*,#3270,.T.);
#4715=ORIENTED_EDGE('',*,*,#3547,.T.);
#4716=ORIENTED_EDGE('',*,*,#3252,.T.);
#4717=ORIENTED_EDGE('',*,*,#3456,.F.);
#4718=ORIENTED_EDGE('',*,*,#3260,.T.);
#4719=ORIENTED_EDGE('',*,*,#3548,.T.);
#4720=ORIENTED_EDGE('',*,*,#3242,.T.);
#4721=ORIENTED_EDGE('',*,*,#3457,.F.);
#4722=ORIENTED_EDGE('',*,*,#3250,.T.);
#4723=ORIENTED_EDGE('',*,*,#3549,.T.);
#4724=ORIENTED_EDGE('',*,*,#3232,.T.);
#4725=ORIENTED_EDGE('',*,*,#3458,.F.);
#4726=ORIENTED_EDGE('',*,*,#3240,.T.);
#4727=ORIENTED_EDGE('',*,*,#3550,.T.);
#4728=ORIENTED_EDGE('',*,*,#3222,.T.);
#4729=ORIENTED_EDGE('',*,*,#3459,.F.);
#4730=ORIENTED_EDGE('',*,*,#3230,.T.);
#4731=ORIENTED_EDGE('',*,*,#3551,.T.);
#4732=ORIENTED_EDGE('',*,*,#3212,.T.);
#4733=ORIENTED_EDGE('',*,*,#3460,.F.);
#4734=ORIENTED_EDGE('',*,*,#3220,.T.);
#4735=ORIENTED_EDGE('',*,*,#3552,.T.);
#4736=ORIENTED_EDGE('',*,*,#3202,.T.);
#4737=ORIENTED_EDGE('',*,*,#3461,.F.);
#4738=ORIENTED_EDGE('',*,*,#3210,.T.);
#4739=ORIENTED_EDGE('',*,*,#3553,.T.);
#4740=ORIENTED_EDGE('',*,*,#3192,.T.);
#4741=ORIENTED_EDGE('',*,*,#3462,.F.);
#4742=ORIENTED_EDGE('',*,*,#3200,.T.);
#4743=ORIENTED_EDGE('',*,*,#3554,.T.);
#4744=ORIENTED_EDGE('',*,*,#3182,.T.);
#4745=ORIENTED_EDGE('',*,*,#3463,.F.);
#4746=ORIENTED_EDGE('',*,*,#3190,.T.);
#4747=ORIENTED_EDGE('',*,*,#3555,.T.);
#4748=ORIENTED_EDGE('',*,*,#3172,.T.);
#4749=ORIENTED_EDGE('',*,*,#3464,.F.);
#4750=ORIENTED_EDGE('',*,*,#3180,.T.);
#4751=ORIENTED_EDGE('',*,*,#3556,.T.);
#4752=ORIENTED_EDGE('',*,*,#3162,.T.);
#4753=ORIENTED_EDGE('',*,*,#3465,.F.);
#4754=ORIENTED_EDGE('',*,*,#3170,.T.);
#4755=ORIENTED_EDGE('',*,*,#3557,.T.);
#4756=ORIENTED_EDGE('',*,*,#3152,.T.);
#4757=ORIENTED_EDGE('',*,*,#3466,.F.);
#4758=ORIENTED_EDGE('',*,*,#3160,.T.);
#4759=ORIENTED_EDGE('',*,*,#3558,.T.);
#4760=ORIENTED_EDGE('',*,*,#3142,.T.);
#4761=ORIENTED_EDGE('',*,*,#3467,.F.);
#4762=ORIENTED_EDGE('',*,*,#3150,.T.);
#4763=ORIENTED_EDGE('',*,*,#3559,.T.);
#4764=ORIENTED_EDGE('',*,*,#3132,.T.);
#4765=ORIENTED_EDGE('',*,*,#3468,.F.);
#4766=ORIENTED_EDGE('',*,*,#3140,.T.);
#4767=ORIENTED_EDGE('',*,*,#3560,.T.);
#4768=ORIENTED_EDGE('',*,*,#3122,.T.);
#4769=ORIENTED_EDGE('',*,*,#3469,.F.);
#4770=ORIENTED_EDGE('',*,*,#3130,.T.);
#4771=ORIENTED_EDGE('',*,*,#3561,.T.);
#4772=ORIENTED_EDGE('',*,*,#3112,.T.);
#4773=ORIENTED_EDGE('',*,*,#3521,.F.);
#4774=ORIENTED_EDGE('',*,*,#3470,.F.);
#4775=ORIENTED_EDGE('',*,*,#3120,.T.);
#4776=ORIENTED_EDGE('',*,*,#3562,.T.);
#4777=ORIENTED_EDGE('',*,*,#3563,.T.);
#4778=ORIENTED_EDGE('',*,*,#3102,.T.);
#4779=ORIENTED_EDGE('',*,*,#3522,.F.);
#4780=ORIENTED_EDGE('',*,*,#3110,.T.);
#4781=ORIENTED_EDGE('',*,*,#3564,.T.);
#4782=ORIENTED_EDGE('',*,*,#3092,.T.);
#4783=ORIENTED_EDGE('',*,*,#3523,.F.);
#4784=ORIENTED_EDGE('',*,*,#3100,.T.);
#4785=ORIENTED_EDGE('',*,*,#3565,.T.);
#4786=ORIENTED_EDGE('',*,*,#3082,.T.);
#4787=ORIENTED_EDGE('',*,*,#3524,.F.);
#4788=ORIENTED_EDGE('',*,*,#3090,.T.);
#4789=ORIENTED_EDGE('',*,*,#3566,.T.);
#4790=ORIENTED_EDGE('',*,*,#3072,.T.);
#4791=ORIENTED_EDGE('',*,*,#3525,.F.);
#4792=ORIENTED_EDGE('',*,*,#3080,.T.);
#4793=ORIENTED_EDGE('',*,*,#3567,.T.);
#4794=ORIENTED_EDGE('',*,*,#3568,.T.);
#4795=ORIENTED_EDGE('',*,*,#3569,.T.);
#4796=ORIENTED_EDGE('',*,*,#3019,.T.);
#4797=ORIENTED_EDGE('',*,*,#3020,.T.);
#4798=ORIENTED_EDGE('',*,*,#3032,.T.);
#4799=ORIENTED_EDGE('',*,*,#3039,.T.);
#4800=ORIENTED_EDGE('',*,*,#3046,.T.);
#4801=ORIENTED_EDGE('',*,*,#3053,.T.);
#4802=ORIENTED_EDGE('',*,*,#3570,.T.);
#4803=ORIENTED_EDGE('',*,*,#3571,.F.);
#4804=ORIENTED_EDGE('',*,*,#3572,.F.);
#4805=ORIENTED_EDGE('',*,*,#3573,.T.);
#4806=ORIENTED_EDGE('',*,*,#3574,.F.);
#4807=ORIENTED_EDGE('',*,*,#3575,.T.);
#4808=ORIENTED_EDGE('',*,*,#3576,.F.);
#4809=ORIENTED_EDGE('',*,*,#3577,.F.);
#4810=ORIENTED_EDGE('',*,*,#3578,.T.);
#4811=ORIENTED_EDGE('',*,*,#3579,.T.);
#4812=ORIENTED_EDGE('',*,*,#3580,.F.);
#4813=ORIENTED_EDGE('',*,*,#3581,.F.);
#4814=ORIENTED_EDGE('',*,*,#3582,.T.);
#4815=ORIENTED_EDGE('',*,*,#3583,.F.);
#4816=ORIENTED_EDGE('',*,*,#3584,.T.);
#4817=ORIENTED_EDGE('',*,*,#3585,.F.);
#4818=ORIENTED_EDGE('',*,*,#3586,.F.);
#4819=ORIENTED_EDGE('',*,*,#3587,.T.);
#4820=ORIENTED_EDGE('',*,*,#3588,.F.);
#4821=ORIENTED_EDGE('',*,*,#3589,.F.);
#4822=ORIENTED_EDGE('',*,*,#3590,.T.);
#4823=ORIENTED_EDGE('',*,*,#3591,.F.);
#4824=ORIENTED_EDGE('',*,*,#3592,.T.);
#4825=ORIENTED_EDGE('',*,*,#3593,.F.);
#4826=ORIENTED_EDGE('',*,*,#3594,.F.);
#4827=ORIENTED_EDGE('',*,*,#3595,.T.);
#4828=ORIENTED_EDGE('',*,*,#3596,.F.);
#4829=ORIENTED_EDGE('',*,*,#3597,.F.);
#4830=ORIENTED_EDGE('',*,*,#3598,.T.);
#4831=ORIENTED_EDGE('',*,*,#3599,.F.);
#4832=ORIENTED_EDGE('',*,*,#3600,.T.);
#4833=ORIENTED_EDGE('',*,*,#3601,.F.);
#4834=ORIENTED_EDGE('',*,*,#3602,.F.);
#4835=ORIENTED_EDGE('',*,*,#3603,.T.);
#4836=ORIENTED_EDGE('',*,*,#3604,.F.);
#4837=ORIENTED_EDGE('',*,*,#3605,.F.);
#4838=ORIENTED_EDGE('',*,*,#3606,.T.);
#4839=ORIENTED_EDGE('',*,*,#3607,.F.);
#4840=ORIENTED_EDGE('',*,*,#3608,.T.);
#4841=ORIENTED_EDGE('',*,*,#3609,.F.);
#4842=ORIENTED_EDGE('',*,*,#3610,.F.);
#4843=ORIENTED_EDGE('',*,*,#3436,.F.);
#4844=ORIENTED_EDGE('',*,*,#3611,.F.);
#4845=ORIENTED_EDGE('',*,*,#3612,.F.);
#4846=ORIENTED_EDGE('',*,*,#3613,.F.);
#4847=ORIENTED_EDGE('',*,*,#3437,.F.);
#4848=ORIENTED_EDGE('',*,*,#3613,.T.);
#4849=ORIENTED_EDGE('',*,*,#3614,.F.);
#4850=ORIENTED_EDGE('',*,*,#3529,.F.);
#4851=ORIENTED_EDGE('',*,*,#3435,.F.);
#4852=ORIENTED_EDGE('',*,*,#3528,.F.);
#4853=ORIENTED_EDGE('',*,*,#3615,.F.);
#4854=ORIENTED_EDGE('',*,*,#3611,.T.);
#4855=ORIENTED_EDGE('',*,*,#3616,.F.);
#4856=ORIENTED_EDGE('',*,*,#3617,.F.);
#4857=ORIENTED_EDGE('',*,*,#3618,.F.);
#4858=ORIENTED_EDGE('',*,*,#3619,.F.);
#4859=ORIENTED_EDGE('',*,*,#3620,.F.);
#4860=ORIENTED_EDGE('',*,*,#3621,.F.);
#4861=ORIENTED_EDGE('',*,*,#3622,.F.);
#4862=ORIENTED_EDGE('',*,*,#3623,.F.);
#4863=ORIENTED_EDGE('',*,*,#3624,.F.);
#4864=ORIENTED_EDGE('',*,*,#3625,.F.);
#4865=ORIENTED_EDGE('',*,*,#3626,.F.);
#4866=ORIENTED_EDGE('',*,*,#3627,.F.);
#4867=ORIENTED_EDGE('',*,*,#3628,.F.);
#4868=ORIENTED_EDGE('',*,*,#3629,.F.);
#4869=ORIENTED_EDGE('',*,*,#3630,.F.);
#4870=ORIENTED_EDGE('',*,*,#3631,.F.);
#4871=ORIENTED_EDGE('',*,*,#3632,.F.);
#4872=ORIENTED_EDGE('',*,*,#3633,.F.);
#4873=ORIENTED_EDGE('',*,*,#3634,.F.);
#4874=ORIENTED_EDGE('',*,*,#3635,.F.);
#4875=ORIENTED_EDGE('',*,*,#3636,.F.);
#4876=ORIENTED_EDGE('',*,*,#3637,.F.);
#4877=ORIENTED_EDGE('',*,*,#3638,.F.);
#4878=ORIENTED_EDGE('',*,*,#3639,.F.);
#4879=ORIENTED_EDGE('',*,*,#3640,.F.);
#4880=ORIENTED_EDGE('',*,*,#3641,.F.);
#4881=ORIENTED_EDGE('',*,*,#3642,.F.);
#4882=ORIENTED_EDGE('',*,*,#3643,.F.);
#4883=ORIENTED_EDGE('',*,*,#3644,.F.);
#4884=ORIENTED_EDGE('',*,*,#3645,.F.);
#4885=ORIENTED_EDGE('',*,*,#3646,.F.);
#4886=ORIENTED_EDGE('',*,*,#3647,.F.);
#4887=ORIENTED_EDGE('',*,*,#3648,.F.);
#4888=ORIENTED_EDGE('',*,*,#3649,.F.);
#4889=ORIENTED_EDGE('',*,*,#3650,.F.);
#4890=ORIENTED_EDGE('',*,*,#3651,.F.);
#4891=ORIENTED_EDGE('',*,*,#3652,.F.);
#4892=ORIENTED_EDGE('',*,*,#3653,.F.);
#4893=ORIENTED_EDGE('',*,*,#3654,.F.);
#4894=ORIENTED_EDGE('',*,*,#3655,.F.);
#4895=ORIENTED_EDGE('',*,*,#3656,.F.);
#4896=ORIENTED_EDGE('',*,*,#3657,.F.);
#4897=ORIENTED_EDGE('',*,*,#3658,.F.);
#4898=ORIENTED_EDGE('',*,*,#3659,.F.);
#4899=ORIENTED_EDGE('',*,*,#3660,.F.);
#4900=ORIENTED_EDGE('',*,*,#3661,.F.);
#4901=ORIENTED_EDGE('',*,*,#3619,.T.);
#4902=ORIENTED_EDGE('',*,*,#3662,.F.);
#4903=ORIENTED_EDGE('',*,*,#3663,.T.);
#4904=ORIENTED_EDGE('',*,*,#3664,.F.);
#4905=ORIENTED_EDGE('',*,*,#3665,.T.);
#4906=ORIENTED_EDGE('',*,*,#3666,.F.);
#4907=ORIENTED_EDGE('',*,*,#3621,.T.);
#4908=ORIENTED_EDGE('',*,*,#3667,.F.);
#4909=ORIENTED_EDGE('',*,*,#3627,.T.);
#4910=ORIENTED_EDGE('',*,*,#3668,.F.);
#4911=ORIENTED_EDGE('',*,*,#3669,.T.);
#4912=ORIENTED_EDGE('',*,*,#3670,.F.);
#4913=ORIENTED_EDGE('',*,*,#3671,.T.);
#4914=ORIENTED_EDGE('',*,*,#3672,.F.);
#4915=ORIENTED_EDGE('',*,*,#3629,.T.);
#4916=ORIENTED_EDGE('',*,*,#3673,.F.);
#4917=ORIENTED_EDGE('',*,*,#3635,.T.);
#4918=ORIENTED_EDGE('',*,*,#3674,.F.);
#4919=ORIENTED_EDGE('',*,*,#3675,.T.);
#4920=ORIENTED_EDGE('',*,*,#3676,.F.);
#4921=ORIENTED_EDGE('',*,*,#3677,.T.);
#4922=ORIENTED_EDGE('',*,*,#3678,.T.);
#4923=ORIENTED_EDGE('',*,*,#3679,.F.);
#4924=ORIENTED_EDGE('',*,*,#3637,.T.);
#4925=ORIENTED_EDGE('',*,*,#3680,.F.);
#4926=ORIENTED_EDGE('',*,*,#3643,.T.);
#4927=ORIENTED_EDGE('',*,*,#3681,.F.);
#4928=ORIENTED_EDGE('',*,*,#3682,.T.);
#4929=ORIENTED_EDGE('',*,*,#3683,.F.);
#4930=ORIENTED_EDGE('',*,*,#3684,.T.);
#4931=ORIENTED_EDGE('',*,*,#3685,.F.);
#4932=ORIENTED_EDGE('',*,*,#3645,.T.);
#4933=ORIENTED_EDGE('',*,*,#3686,.F.);
#4934=ORIENTED_EDGE('',*,*,#3651,.T.);
#4935=ORIENTED_EDGE('',*,*,#3687,.F.);
#4936=ORIENTED_EDGE('',*,*,#3688,.T.);
#4937=ORIENTED_EDGE('',*,*,#3689,.F.);
#4938=ORIENTED_EDGE('',*,*,#3690,.T.);
#4939=ORIENTED_EDGE('',*,*,#3691,.F.);
#4940=ORIENTED_EDGE('',*,*,#3653,.T.);
#4941=ORIENTED_EDGE('',*,*,#3692,.F.);
#4942=ORIENTED_EDGE('',*,*,#3660,.T.);
#4943=ORIENTED_EDGE('',*,*,#3693,.F.);
#4944=ORIENTED_EDGE('',*,*,#3694,.T.);
#4945=ORIENTED_EDGE('',*,*,#3695,.F.);
#4946=ORIENTED_EDGE('',*,*,#3696,.F.);
#4947=ORIENTED_EDGE('',*,*,#3697,.F.);
#4948=ORIENTED_EDGE('',*,*,#3698,.F.);
#4949=ORIENTED_EDGE('',*,*,#3699,.F.);
#4950=ORIENTED_EDGE('',*,*,#3700,.T.);
#4951=ORIENTED_EDGE('',*,*,#3701,.F.);
#4952=ORIENTED_EDGE('',*,*,#3696,.T.);
#4953=ORIENTED_EDGE('',*,*,#3699,.T.);
#4954=ORIENTED_EDGE('',*,*,#3695,.T.);
#4955=ORIENTED_EDGE('',*,*,#3702,.T.);
#4956=ORIENTED_EDGE('',*,*,#3475,.T.);
#4957=ORIENTED_EDGE('',*,*,#3703,.T.);
#4958=ORIENTED_EDGE('',*,*,#3572,.T.);
#4959=ORIENTED_EDGE('',*,*,#3704,.F.);
#4960=ORIENTED_EDGE('',*,*,#3705,.T.);
#4961=ORIENTED_EDGE('',*,*,#3706,.T.);
#4962=ORIENTED_EDGE('',*,*,#3689,.T.);
#4963=ORIENTED_EDGE('',*,*,#3652,.T.);
#4964=ORIENTED_EDGE('',*,*,#3707,.T.);
#4965=ORIENTED_EDGE('',*,*,#3479,.T.);
#4966=ORIENTED_EDGE('',*,*,#3708,.T.);
#4967=ORIENTED_EDGE('',*,*,#3599,.T.);
#4968=ORIENTED_EDGE('',*,*,#3709,.T.);
#4969=ORIENTED_EDGE('',*,*,#3481,.T.);
#4970=ORIENTED_EDGE('',*,*,#3710,.T.);
#4971=ORIENTED_EDGE('',*,*,#3654,.T.);
#4972=ORIENTED_EDGE('',*,*,#3691,.T.);
#4973=ORIENTED_EDGE('',*,*,#3711,.T.);
#4974=ORIENTED_EDGE('',*,*,#3712,.T.);
#4975=ORIENTED_EDGE('',*,*,#3713,.T.);
#4976=ORIENTED_EDGE('',*,*,#3687,.T.);
#4977=ORIENTED_EDGE('',*,*,#3650,.T.);
#4978=ORIENTED_EDGE('',*,*,#3714,.T.);
#4979=ORIENTED_EDGE('',*,*,#3515,.T.);
#4980=ORIENTED_EDGE('',*,*,#3715,.T.);
#4981=ORIENTED_EDGE('',*,*,#3581,.T.);
#4982=ORIENTED_EDGE('',*,*,#3716,.F.);
#4983=ORIENTED_EDGE('',*,*,#3717,.T.);
#4984=ORIENTED_EDGE('',*,*,#3718,.T.);
#4985=ORIENTED_EDGE('',*,*,#3683,.T.);
#4986=ORIENTED_EDGE('',*,*,#3644,.T.);
#4987=ORIENTED_EDGE('',*,*,#3719,.T.);
#4988=ORIENTED_EDGE('',*,*,#3483,.T.);
#4989=ORIENTED_EDGE('',*,*,#3720,.T.);
#4990=ORIENTED_EDGE('',*,*,#3597,.T.);
#4991=ORIENTED_EDGE('',*,*,#3721,.F.);
#4992=ORIENTED_EDGE('',*,*,#3722,.T.);
#4993=ORIENTED_EDGE('',*,*,#3723,.T.);
#4994=ORIENTED_EDGE('',*,*,#3676,.T.);
#4995=ORIENTED_EDGE('',*,*,#3636,.T.);
#4996=ORIENTED_EDGE('',*,*,#3724,.T.);
#4997=ORIENTED_EDGE('',*,*,#3487,.T.);
#4998=ORIENTED_EDGE('',*,*,#3725,.T.);
#4999=ORIENTED_EDGE('',*,*,#3726,.T.);
#5000=ORIENTED_EDGE('',*,*,#3727,.T.);
#5001=ORIENTED_EDGE('',*,*,#3489,.T.);
#5002=ORIENTED_EDGE('',*,*,#3728,.T.);
#5003=ORIENTED_EDGE('',*,*,#3638,.T.);
#5004=ORIENTED_EDGE('',*,*,#3679,.T.);
#5005=ORIENTED_EDGE('',*,*,#3729,.T.);
#5006=ORIENTED_EDGE('',*,*,#3730,.T.);
#5007=ORIENTED_EDGE('',*,*,#3731,.T.);
#5008=ORIENTED_EDGE('',*,*,#3674,.T.);
#5009=ORIENTED_EDGE('',*,*,#3634,.T.);
#5010=ORIENTED_EDGE('',*,*,#3732,.T.);
#5011=ORIENTED_EDGE('',*,*,#3507,.T.);
#5012=ORIENTED_EDGE('',*,*,#3733,.T.);
#5013=ORIENTED_EDGE('',*,*,#3589,.T.);
#5014=ORIENTED_EDGE('',*,*,#3734,.F.);
#5015=ORIENTED_EDGE('',*,*,#3735,.T.);
#5016=ORIENTED_EDGE('',*,*,#3736,.T.);
#5017=ORIENTED_EDGE('',*,*,#3670,.T.);
#5018=ORIENTED_EDGE('',*,*,#3628,.T.);
#5019=ORIENTED_EDGE('',*,*,#3737,.T.);
#5020=ORIENTED_EDGE('',*,*,#3491,.T.);
#5021=ORIENTED_EDGE('',*,*,#3738,.T.);
#5022=ORIENTED_EDGE('',*,*,#3739,.T.);
#5023=ORIENTED_EDGE('',*,*,#3740,.F.);
#5024=ORIENTED_EDGE('',*,*,#3741,.T.);
#5025=ORIENTED_EDGE('',*,*,#3742,.T.);
#5026=ORIENTED_EDGE('',*,*,#3664,.T.);
#5027=ORIENTED_EDGE('',*,*,#3620,.T.);
#5028=ORIENTED_EDGE('',*,*,#3743,.T.);
#5029=ORIENTED_EDGE('',*,*,#3495,.T.);
#5030=ORIENTED_EDGE('',*,*,#3744,.T.);
#5031=ORIENTED_EDGE('',*,*,#3607,.T.);
#5032=ORIENTED_EDGE('',*,*,#3745,.T.);
#5033=ORIENTED_EDGE('',*,*,#3497,.T.);
#5034=ORIENTED_EDGE('',*,*,#3746,.T.);
#5035=ORIENTED_EDGE('',*,*,#3622,.T.);
#5036=ORIENTED_EDGE('',*,*,#3666,.T.);
#5037=ORIENTED_EDGE('',*,*,#3747,.T.);
#5038=ORIENTED_EDGE('',*,*,#3748,.T.);
#5039=ORIENTED_EDGE('',*,*,#3749,.T.);
#5040=ORIENTED_EDGE('',*,*,#3743,.F.);
#5041=ORIENTED_EDGE('',*,*,#3750,.T.);
#5042=ORIENTED_EDGE('',*,*,#3746,.F.);
#5043=ORIENTED_EDGE('',*,*,#3496,.T.);
#5044=ORIENTED_EDGE('',*,*,#3737,.F.);
#5045=ORIENTED_EDGE('',*,*,#3751,.T.);
#5046=ORIENTED_EDGE('',*,*,#3752,.F.);
#5047=ORIENTED_EDGE('',*,*,#3492,.T.);
#5048=ORIENTED_EDGE('',*,*,#3724,.F.);
#5049=ORIENTED_EDGE('',*,*,#3753,.T.);
#5050=ORIENTED_EDGE('',*,*,#3728,.F.);
#5051=ORIENTED_EDGE('',*,*,#3488,.T.);
#5052=ORIENTED_EDGE('',*,*,#3719,.F.);
#5053=ORIENTED_EDGE('',*,*,#3754,.T.);
#5054=ORIENTED_EDGE('',*,*,#3755,.F.);
#5055=ORIENTED_EDGE('',*,*,#3484,.T.);
#5056=ORIENTED_EDGE('',*,*,#3707,.F.);
#5057=ORIENTED_EDGE('',*,*,#3756,.T.);
#5058=ORIENTED_EDGE('',*,*,#3710,.F.);
#5059=ORIENTED_EDGE('',*,*,#3480,.T.);
#5060=ORIENTED_EDGE('',*,*,#3702,.F.);
#5061=ORIENTED_EDGE('',*,*,#3757,.T.);
#5062=ORIENTED_EDGE('',*,*,#3758,.F.);
#5063=ORIENTED_EDGE('',*,*,#3476,.T.);
#5064=ORIENTED_EDGE('',*,*,#3759,.F.);
#5065=ORIENTED_EDGE('',*,*,#3760,.T.);
#5066=ORIENTED_EDGE('',*,*,#3761,.T.);
#5067=ORIENTED_EDGE('',*,*,#3762,.F.);
#5068=ORIENTED_EDGE('',*,*,#3472,.T.);
#5069=ORIENTED_EDGE('',*,*,#3520,.T.);
#5070=ORIENTED_EDGE('',*,*,#3714,.F.);
#5071=ORIENTED_EDGE('',*,*,#3763,.T.);
#5072=ORIENTED_EDGE('',*,*,#3764,.F.);
#5073=ORIENTED_EDGE('',*,*,#3516,.T.);
#5074=ORIENTED_EDGE('',*,*,#3765,.F.);
#5075=ORIENTED_EDGE('',*,*,#3766,.T.);
#5076=ORIENTED_EDGE('',*,*,#3767,.F.);
#5077=ORIENTED_EDGE('',*,*,#3512,.T.);
#5078=ORIENTED_EDGE('',*,*,#3732,.F.);
#5079=ORIENTED_EDGE('',*,*,#3768,.T.);
#5080=ORIENTED_EDGE('',*,*,#3769,.F.);
#5081=ORIENTED_EDGE('',*,*,#3508,.T.);
#5082=ORIENTED_EDGE('',*,*,#3770,.F.);
#5083=ORIENTED_EDGE('',*,*,#3771,.T.);
#5084=ORIENTED_EDGE('',*,*,#3772,.F.);
#5085=ORIENTED_EDGE('',*,*,#3504,.T.);
#5086=ORIENTED_EDGE('',*,*,#3773,.F.);
#5087=ORIENTED_EDGE('',*,*,#3500,.T.);
#5088=ORIENTED_EDGE('',*,*,#3774,.F.);
#5089=ORIENTED_EDGE('',*,*,#3775,.T.);
#5090=ORIENTED_EDGE('',*,*,#3661,.T.);
#5091=ORIENTED_EDGE('',*,*,#3776,.T.);
#5092=ORIENTED_EDGE('',*,*,#3777,.T.);
#5093=ORIENTED_EDGE('',*,*,#3778,.T.);
#5094=ORIENTED_EDGE('',*,*,#3593,.T.);
#5095=ORIENTED_EDGE('',*,*,#3779,.T.);
#5096=ORIENTED_EDGE('',*,*,#3501,.T.);
#5097=ORIENTED_EDGE('',*,*,#3773,.T.);
#5098=ORIENTED_EDGE('',*,*,#3616,.T.);
#5099=ORIENTED_EDGE('',*,*,#3673,.T.);
#5100=ORIENTED_EDGE('',*,*,#3780,.T.);
#5101=ORIENTED_EDGE('',*,*,#3781,.T.);
#5102=ORIENTED_EDGE('',*,*,#3782,.T.);
#5103=ORIENTED_EDGE('',*,*,#3585,.T.);
#5104=ORIENTED_EDGE('',*,*,#3783,.T.);
#5105=ORIENTED_EDGE('',*,*,#3509,.T.);
#5106=ORIENTED_EDGE('',*,*,#3769,.T.);
#5107=ORIENTED_EDGE('',*,*,#3632,.T.);
#5108=ORIENTED_EDGE('',*,*,#3686,.T.);
#5109=ORIENTED_EDGE('',*,*,#3784,.T.);
#5110=ORIENTED_EDGE('',*,*,#3785,.T.);
#5111=ORIENTED_EDGE('',*,*,#3786,.T.);
#5112=ORIENTED_EDGE('',*,*,#3576,.T.);
#5113=ORIENTED_EDGE('',*,*,#3787,.T.);
#5114=ORIENTED_EDGE('',*,*,#3517,.T.);
#5115=ORIENTED_EDGE('',*,*,#3764,.T.);
#5116=ORIENTED_EDGE('',*,*,#3648,.T.);
#5117=ORIENTED_EDGE('',*,*,#3701,.T.);
#5118=ORIENTED_EDGE('',*,*,#3788,.T.);
#5119=ORIENTED_EDGE('',*,*,#3789,.T.);
#5120=ORIENTED_EDGE('',*,*,#3790,.T.);
#5121=ORIENTED_EDGE('',*,*,#3601,.T.);
#5122=ORIENTED_EDGE('',*,*,#3791,.T.);
#5123=ORIENTED_EDGE('',*,*,#3477,.T.);
#5124=ORIENTED_EDGE('',*,*,#3758,.T.);
#5125=ORIENTED_EDGE('',*,*,#3697,.T.);
#5126=ORIENTED_EDGE('',*,*,#3685,.T.);
#5127=ORIENTED_EDGE('',*,*,#3792,.T.);
#5128=ORIENTED_EDGE('',*,*,#3793,.T.);
#5129=ORIENTED_EDGE('',*,*,#3794,.T.);
#5130=ORIENTED_EDGE('',*,*,#3795,.T.);
#5131=ORIENTED_EDGE('',*,*,#3796,.T.);
#5132=ORIENTED_EDGE('',*,*,#3485,.T.);
#5133=ORIENTED_EDGE('',*,*,#3755,.T.);
#5134=ORIENTED_EDGE('',*,*,#3646,.T.);
#5135=ORIENTED_EDGE('',*,*,#3672,.T.);
#5136=ORIENTED_EDGE('',*,*,#3797,.T.);
#5137=ORIENTED_EDGE('',*,*,#3798,.T.);
#5138=ORIENTED_EDGE('',*,*,#3799,.T.);
#5139=ORIENTED_EDGE('',*,*,#3609,.T.);
#5140=ORIENTED_EDGE('',*,*,#3800,.T.);
#5141=ORIENTED_EDGE('',*,*,#3493,.T.);
#5142=ORIENTED_EDGE('',*,*,#3752,.T.);
#5143=ORIENTED_EDGE('',*,*,#3630,.T.);
#5144=ORIENTED_EDGE('',*,*,#3667,.T.);
#5145=ORIENTED_EDGE('',*,*,#3801,.T.);
#5146=ORIENTED_EDGE('',*,*,#3802,.T.);
#5147=ORIENTED_EDGE('',*,*,#3803,.T.);
#5148=ORIENTED_EDGE('',*,*,#3668,.T.);
#5149=ORIENTED_EDGE('',*,*,#3626,.T.);
#5150=ORIENTED_EDGE('',*,*,#3770,.T.);
#5151=ORIENTED_EDGE('',*,*,#3503,.T.);
#5152=ORIENTED_EDGE('',*,*,#3804,.T.);
#5153=ORIENTED_EDGE('',*,*,#3591,.T.);
#5154=ORIENTED_EDGE('',*,*,#3805,.T.);
#5155=ORIENTED_EDGE('',*,*,#3505,.T.);
#5156=ORIENTED_EDGE('',*,*,#3772,.T.);
#5157=ORIENTED_EDGE('',*,*,#3624,.T.);
#5158=ORIENTED_EDGE('',*,*,#3588,.T.);
#5159=ORIENTED_EDGE('',*,*,#3806,.F.);
#5160=ORIENTED_EDGE('',*,*,#3807,.T.);
#5161=ORIENTED_EDGE('',*,*,#3734,.T.);
#5162=ORIENTED_EDGE('',*,*,#3594,.T.);
#5163=ORIENTED_EDGE('',*,*,#3778,.F.);
#5164=ORIENTED_EDGE('',*,*,#3808,.T.);
#5165=ORIENTED_EDGE('',*,*,#3809,.F.);
#5166=ORIENTED_EDGE('',*,*,#3805,.F.);
#5167=ORIENTED_EDGE('',*,*,#3590,.F.);
#5168=ORIENTED_EDGE('',*,*,#3733,.F.);
#5169=ORIENTED_EDGE('',*,*,#3506,.T.);
#5170=ORIENTED_EDGE('',*,*,#3801,.F.);
#5171=ORIENTED_EDGE('',*,*,#3810,.F.);
#5172=ORIENTED_EDGE('',*,*,#3736,.F.);
#5173=ORIENTED_EDGE('',*,*,#3811,.T.);
#5174=ORIENTED_EDGE('',*,*,#3776,.F.);
#5175=ORIENTED_EDGE('',*,*,#3812,.F.);
#5176=ORIENTED_EDGE('',*,*,#3803,.F.);
#5177=ORIENTED_EDGE('',*,*,#3813,.T.);
#5178=ORIENTED_EDGE('',*,*,#3063,.T.);
#5179=ORIENTED_EDGE('',*,*,#3814,.F.);
#5180=ORIENTED_EDGE('',*,*,#3069,.T.);
#5181=ORIENTED_EDGE('',*,*,#3066,.T.);
#5182=ORIENTED_EDGE('',*,*,#3073,.T.);
#5183=ORIENTED_EDGE('',*,*,#3567,.F.);
#5184=ORIENTED_EDGE('',*,*,#3079,.T.);
#5185=ORIENTED_EDGE('',*,*,#3076,.T.);
#5186=ORIENTED_EDGE('',*,*,#3083,.T.);
#5187=ORIENTED_EDGE('',*,*,#3566,.F.);
#5188=ORIENTED_EDGE('',*,*,#3089,.T.);
#5189=ORIENTED_EDGE('',*,*,#3086,.T.);
#5190=ORIENTED_EDGE('',*,*,#3093,.T.);
#5191=ORIENTED_EDGE('',*,*,#3565,.F.);
#5192=ORIENTED_EDGE('',*,*,#3099,.T.);
#5193=ORIENTED_EDGE('',*,*,#3096,.T.);
#5194=ORIENTED_EDGE('',*,*,#3103,.T.);
#5195=ORIENTED_EDGE('',*,*,#3564,.F.);
#5196=ORIENTED_EDGE('',*,*,#3109,.T.);
#5197=ORIENTED_EDGE('',*,*,#3106,.T.);
#5198=ORIENTED_EDGE('',*,*,#3113,.T.);
#5199=ORIENTED_EDGE('',*,*,#3563,.F.);
#5200=ORIENTED_EDGE('',*,*,#3815,.T.);
#5201=ORIENTED_EDGE('',*,*,#3760,.F.);
#5202=ORIENTED_EDGE('',*,*,#3816,.T.);
#5203=ORIENTED_EDGE('',*,*,#3763,.F.);
#5204=ORIENTED_EDGE('',*,*,#3817,.T.);
#5205=ORIENTED_EDGE('',*,*,#3766,.F.);
#5206=ORIENTED_EDGE('',*,*,#3818,.T.);
#5207=ORIENTED_EDGE('',*,*,#3768,.F.);
#5208=ORIENTED_EDGE('',*,*,#3819,.T.);
#5209=ORIENTED_EDGE('',*,*,#3771,.F.);
#5210=ORIENTED_EDGE('',*,*,#3820,.T.);
#5211=ORIENTED_EDGE('',*,*,#3775,.F.);
#5212=ORIENTED_EDGE('',*,*,#3821,.T.);
#5213=ORIENTED_EDGE('',*,*,#3750,.F.);
#5214=ORIENTED_EDGE('',*,*,#3822,.T.);
#5215=ORIENTED_EDGE('',*,*,#3751,.F.);
#5216=ORIENTED_EDGE('',*,*,#3823,.T.);
#5217=ORIENTED_EDGE('',*,*,#3753,.F.);
#5218=ORIENTED_EDGE('',*,*,#3824,.T.);
#5219=ORIENTED_EDGE('',*,*,#3754,.F.);
#5220=ORIENTED_EDGE('',*,*,#3825,.T.);
#5221=ORIENTED_EDGE('',*,*,#3756,.F.);
#5222=ORIENTED_EDGE('',*,*,#3826,.T.);
#5223=ORIENTED_EDGE('',*,*,#3757,.F.);
#5224=ORIENTED_EDGE('',*,*,#3827,.T.);
#5225=ORIENTED_EDGE('',*,*,#3761,.F.);
#5226=ORIENTED_EDGE('',*,*,#3815,.F.);
#5227=ORIENTED_EDGE('',*,*,#3562,.F.);
#5228=ORIENTED_EDGE('',*,*,#3119,.T.);
#5229=ORIENTED_EDGE('',*,*,#3116,.T.);
#5230=ORIENTED_EDGE('',*,*,#3123,.T.);
#5231=ORIENTED_EDGE('',*,*,#3561,.F.);
#5232=ORIENTED_EDGE('',*,*,#3129,.T.);
#5233=ORIENTED_EDGE('',*,*,#3126,.T.);
#5234=ORIENTED_EDGE('',*,*,#3133,.T.);
#5235=ORIENTED_EDGE('',*,*,#3560,.F.);
#5236=ORIENTED_EDGE('',*,*,#3139,.T.);
#5237=ORIENTED_EDGE('',*,*,#3136,.T.);
#5238=ORIENTED_EDGE('',*,*,#3143,.T.);
#5239=ORIENTED_EDGE('',*,*,#3559,.F.);
#5240=ORIENTED_EDGE('',*,*,#3149,.T.);
#5241=ORIENTED_EDGE('',*,*,#3146,.T.);
#5242=ORIENTED_EDGE('',*,*,#3153,.T.);
#5243=ORIENTED_EDGE('',*,*,#3558,.F.);
#5244=ORIENTED_EDGE('',*,*,#3159,.T.);
#5245=ORIENTED_EDGE('',*,*,#3156,.T.);
#5246=ORIENTED_EDGE('',*,*,#3163,.T.);
#5247=ORIENTED_EDGE('',*,*,#3557,.F.);
#5248=ORIENTED_EDGE('',*,*,#3169,.T.);
#5249=ORIENTED_EDGE('',*,*,#3166,.T.);
#5250=ORIENTED_EDGE('',*,*,#3173,.T.);
#5251=ORIENTED_EDGE('',*,*,#3556,.F.);
#5252=ORIENTED_EDGE('',*,*,#3179,.T.);
#5253=ORIENTED_EDGE('',*,*,#3176,.T.);
#5254=ORIENTED_EDGE('',*,*,#3183,.T.);
#5255=ORIENTED_EDGE('',*,*,#3555,.F.);
#5256=ORIENTED_EDGE('',*,*,#3189,.T.);
#5257=ORIENTED_EDGE('',*,*,#3186,.T.);
#5258=ORIENTED_EDGE('',*,*,#3193,.T.);
#5259=ORIENTED_EDGE('',*,*,#3554,.F.);
#5260=ORIENTED_EDGE('',*,*,#3199,.T.);
#5261=ORIENTED_EDGE('',*,*,#3196,.T.);
#5262=ORIENTED_EDGE('',*,*,#3203,.T.);
#5263=ORIENTED_EDGE('',*,*,#3553,.F.);
#5264=ORIENTED_EDGE('',*,*,#3209,.T.);
#5265=ORIENTED_EDGE('',*,*,#3206,.T.);
#5266=ORIENTED_EDGE('',*,*,#3213,.T.);
#5267=ORIENTED_EDGE('',*,*,#3552,.F.);
#5268=ORIENTED_EDGE('',*,*,#3219,.T.);
#5269=ORIENTED_EDGE('',*,*,#3216,.T.);
#5270=ORIENTED_EDGE('',*,*,#3223,.T.);
#5271=ORIENTED_EDGE('',*,*,#3551,.F.);
#5272=ORIENTED_EDGE('',*,*,#3229,.T.);
#5273=ORIENTED_EDGE('',*,*,#3226,.T.);
#5274=ORIENTED_EDGE('',*,*,#3233,.T.);
#5275=ORIENTED_EDGE('',*,*,#3550,.F.);
#5276=ORIENTED_EDGE('',*,*,#3239,.T.);
#5277=ORIENTED_EDGE('',*,*,#3236,.T.);
#5278=ORIENTED_EDGE('',*,*,#3243,.T.);
#5279=ORIENTED_EDGE('',*,*,#3549,.F.);
#5280=ORIENTED_EDGE('',*,*,#3249,.T.);
#5281=ORIENTED_EDGE('',*,*,#3246,.T.);
#5282=ORIENTED_EDGE('',*,*,#3253,.T.);
#5283=ORIENTED_EDGE('',*,*,#3548,.F.);
#5284=ORIENTED_EDGE('',*,*,#3259,.T.);
#5285=ORIENTED_EDGE('',*,*,#3256,.T.);
#5286=ORIENTED_EDGE('',*,*,#3263,.T.);
#5287=ORIENTED_EDGE('',*,*,#3547,.F.);
#5288=ORIENTED_EDGE('',*,*,#3269,.T.);
#5289=ORIENTED_EDGE('',*,*,#3266,.T.);
#5290=ORIENTED_EDGE('',*,*,#3273,.T.);
#5291=ORIENTED_EDGE('',*,*,#3546,.F.);
#5292=ORIENTED_EDGE('',*,*,#3279,.T.);
#5293=ORIENTED_EDGE('',*,*,#3276,.T.);
#5294=ORIENTED_EDGE('',*,*,#3283,.T.);
#5295=ORIENTED_EDGE('',*,*,#3545,.F.);
#5296=ORIENTED_EDGE('',*,*,#3289,.T.);
#5297=ORIENTED_EDGE('',*,*,#3286,.T.);
#5298=ORIENTED_EDGE('',*,*,#3293,.T.);
#5299=ORIENTED_EDGE('',*,*,#3544,.F.);
#5300=ORIENTED_EDGE('',*,*,#3299,.T.);
#5301=ORIENTED_EDGE('',*,*,#3296,.T.);
#5302=ORIENTED_EDGE('',*,*,#3303,.T.);
#5303=ORIENTED_EDGE('',*,*,#3543,.F.);
#5304=ORIENTED_EDGE('',*,*,#3309,.T.);
#5305=ORIENTED_EDGE('',*,*,#3306,.T.);
#5306=ORIENTED_EDGE('',*,*,#3313,.T.);
#5307=ORIENTED_EDGE('',*,*,#3542,.F.);
#5308=ORIENTED_EDGE('',*,*,#3319,.T.);
#5309=ORIENTED_EDGE('',*,*,#3316,.T.);
#5310=ORIENTED_EDGE('',*,*,#3323,.T.);
#5311=ORIENTED_EDGE('',*,*,#3541,.F.);
#5312=ORIENTED_EDGE('',*,*,#3329,.T.);
#5313=ORIENTED_EDGE('',*,*,#3326,.T.);
#5314=ORIENTED_EDGE('',*,*,#3333,.T.);
#5315=ORIENTED_EDGE('',*,*,#3540,.F.);
#5316=ORIENTED_EDGE('',*,*,#3339,.T.);
#5317=ORIENTED_EDGE('',*,*,#3336,.T.);
#5318=ORIENTED_EDGE('',*,*,#3343,.T.);
#5319=ORIENTED_EDGE('',*,*,#3539,.F.);
#5320=ORIENTED_EDGE('',*,*,#3349,.T.);
#5321=ORIENTED_EDGE('',*,*,#3346,.T.);
#5322=ORIENTED_EDGE('',*,*,#3353,.T.);
#5323=ORIENTED_EDGE('',*,*,#3538,.F.);
#5324=ORIENTED_EDGE('',*,*,#3359,.T.);
#5325=ORIENTED_EDGE('',*,*,#3356,.T.);
#5326=ORIENTED_EDGE('',*,*,#3363,.T.);
#5327=ORIENTED_EDGE('',*,*,#3537,.F.);
#5328=ORIENTED_EDGE('',*,*,#3369,.T.);
#5329=ORIENTED_EDGE('',*,*,#3366,.T.);
#5330=ORIENTED_EDGE('',*,*,#3373,.T.);
#5331=ORIENTED_EDGE('',*,*,#3536,.F.);
#5332=ORIENTED_EDGE('',*,*,#3379,.T.);
#5333=ORIENTED_EDGE('',*,*,#3376,.T.);
#5334=ORIENTED_EDGE('',*,*,#3383,.T.);
#5335=ORIENTED_EDGE('',*,*,#3535,.F.);
#5336=ORIENTED_EDGE('',*,*,#3389,.T.);
#5337=ORIENTED_EDGE('',*,*,#3386,.T.);
#5338=ORIENTED_EDGE('',*,*,#3393,.T.);
#5339=ORIENTED_EDGE('',*,*,#3534,.F.);
#5340=ORIENTED_EDGE('',*,*,#3399,.T.);
#5341=ORIENTED_EDGE('',*,*,#3396,.T.);
#5342=ORIENTED_EDGE('',*,*,#3403,.T.);
#5343=ORIENTED_EDGE('',*,*,#3533,.F.);
#5344=ORIENTED_EDGE('',*,*,#3409,.T.);
#5345=ORIENTED_EDGE('',*,*,#3406,.T.);
#5346=ORIENTED_EDGE('',*,*,#3413,.T.);
#5347=ORIENTED_EDGE('',*,*,#3532,.F.);
#5348=ORIENTED_EDGE('',*,*,#3419,.T.);
#5349=ORIENTED_EDGE('',*,*,#3416,.T.);
#5350=ORIENTED_EDGE('',*,*,#3423,.T.);
#5351=ORIENTED_EDGE('',*,*,#3531,.F.);
#5352=ORIENTED_EDGE('',*,*,#3429,.T.);
#5353=ORIENTED_EDGE('',*,*,#3426,.T.);
#5354=ORIENTED_EDGE('',*,*,#3433,.T.);
#5355=ORIENTED_EDGE('',*,*,#3530,.F.);
#5356=ORIENTED_EDGE('',*,*,#3614,.T.);
#5357=ORIENTED_EDGE('',*,*,#3612,.T.);
#5358=ORIENTED_EDGE('',*,*,#3615,.T.);
#5359=ORIENTED_EDGE('',*,*,#3527,.F.);
#5360=ORIENTED_EDGE('',*,*,#3059,.T.);
#5361=ORIENTED_EDGE('',*,*,#3056,.T.);
#5362=ORIENTED_EDGE('',*,*,#3062,.T.);
#5363=ORIENTED_EDGE('',*,*,#3526,.F.);
#5364=ORIENTED_EDGE('',*,*,#3070,.T.);
#5365=ORIENTED_EDGE('',*,*,#3814,.T.);
#5366=ORIENTED_EDGE('',*,*,#3779,.F.);
#5367=ORIENTED_EDGE('',*,*,#3592,.F.);
#5368=ORIENTED_EDGE('',*,*,#3804,.F.);
#5369=ORIENTED_EDGE('',*,*,#3502,.T.);
#5370=ORIENTED_EDGE('',*,*,#3680,.T.);
#5371=ORIENTED_EDGE('',*,*,#3828,.T.);
#5372=ORIENTED_EDGE('',*,*,#3829,.T.);
#5373=ORIENTED_EDGE('',*,*,#3830,.T.);
#5374=ORIENTED_EDGE('',*,*,#3681,.T.);
#5375=ORIENTED_EDGE('',*,*,#3642,.T.);
#5376=ORIENTED_EDGE('',*,*,#3765,.T.);
#5377=ORIENTED_EDGE('',*,*,#3511,.T.);
#5378=ORIENTED_EDGE('',*,*,#3831,.T.);
#5379=ORIENTED_EDGE('',*,*,#3583,.T.);
#5380=ORIENTED_EDGE('',*,*,#3832,.T.);
#5381=ORIENTED_EDGE('',*,*,#3513,.T.);
#5382=ORIENTED_EDGE('',*,*,#3767,.T.);
#5383=ORIENTED_EDGE('',*,*,#3640,.T.);
#5384=ORIENTED_EDGE('',*,*,#3580,.T.);
#5385=ORIENTED_EDGE('',*,*,#3833,.F.);
#5386=ORIENTED_EDGE('',*,*,#3834,.T.);
#5387=ORIENTED_EDGE('',*,*,#3716,.T.);
#5388=ORIENTED_EDGE('',*,*,#3586,.T.);
#5389=ORIENTED_EDGE('',*,*,#3782,.F.);
#5390=ORIENTED_EDGE('',*,*,#3835,.T.);
#5391=ORIENTED_EDGE('',*,*,#3836,.F.);
#5392=ORIENTED_EDGE('',*,*,#3832,.F.);
#5393=ORIENTED_EDGE('',*,*,#3582,.F.);
#5394=ORIENTED_EDGE('',*,*,#3715,.F.);
#5395=ORIENTED_EDGE('',*,*,#3514,.T.);
#5396=ORIENTED_EDGE('',*,*,#3828,.F.);
#5397=ORIENTED_EDGE('',*,*,#3837,.F.);
#5398=ORIENTED_EDGE('',*,*,#3718,.F.);
#5399=ORIENTED_EDGE('',*,*,#3838,.T.);
#5400=ORIENTED_EDGE('',*,*,#3780,.F.);
#5401=ORIENTED_EDGE('',*,*,#3839,.F.);
#5402=ORIENTED_EDGE('',*,*,#3830,.F.);
#5403=ORIENTED_EDGE('',*,*,#3840,.T.);
#5404=ORIENTED_EDGE('',*,*,#3783,.F.);
#5405=ORIENTED_EDGE('',*,*,#3584,.F.);
#5406=ORIENTED_EDGE('',*,*,#3831,.F.);
#5407=ORIENTED_EDGE('',*,*,#3510,.T.);
#5408=ORIENTED_EDGE('',*,*,#3692,.T.);
#5409=ORIENTED_EDGE('',*,*,#3841,.T.);
#5410=ORIENTED_EDGE('',*,*,#3842,.T.);
#5411=ORIENTED_EDGE('',*,*,#3843,.T.);
#5412=ORIENTED_EDGE('',*,*,#3693,.T.);
#5413=ORIENTED_EDGE('',*,*,#3659,.T.);
#5414=ORIENTED_EDGE('',*,*,#3759,.T.);
#5415=ORIENTED_EDGE('',*,*,#3519,.T.);
#5416=ORIENTED_EDGE('',*,*,#3844,.T.);
#5417=ORIENTED_EDGE('',*,*,#3574,.T.);
#5418=ORIENTED_EDGE('',*,*,#3845,.T.);
#5419=ORIENTED_EDGE('',*,*,#3473,.T.);
#5420=ORIENTED_EDGE('',*,*,#3762,.T.);
#5421=ORIENTED_EDGE('',*,*,#3656,.T.);
#5422=ORIENTED_EDGE('',*,*,#3571,.T.);
#5423=ORIENTED_EDGE('',*,*,#3846,.F.);
#5424=ORIENTED_EDGE('',*,*,#3847,.T.);
#5425=ORIENTED_EDGE('',*,*,#3704,.T.);
#5426=ORIENTED_EDGE('',*,*,#3577,.T.);
#5427=ORIENTED_EDGE('',*,*,#3786,.F.);
#5428=ORIENTED_EDGE('',*,*,#3848,.T.);
#5429=ORIENTED_EDGE('',*,*,#3849,.F.);
#5430=ORIENTED_EDGE('',*,*,#3845,.F.);
#5431=ORIENTED_EDGE('',*,*,#3573,.F.);
#5432=ORIENTED_EDGE('',*,*,#3703,.F.);
#5433=ORIENTED_EDGE('',*,*,#3474,.T.);
#5434=ORIENTED_EDGE('',*,*,#3850,.T.);
#5435=ORIENTED_EDGE('',*,*,#3851,.T.);
#5436=ORIENTED_EDGE('',*,*,#3698,.T.);
#5437=ORIENTED_EDGE('',*,*,#3826,.F.);
#5438=ORIENTED_EDGE('',*,*,#3655,.T.);
#5439=ORIENTED_EDGE('',*,*,#3825,.F.);
#5440=ORIENTED_EDGE('',*,*,#3647,.T.);
#5441=ORIENTED_EDGE('',*,*,#3824,.F.);
#5442=ORIENTED_EDGE('',*,*,#3639,.T.);
#5443=ORIENTED_EDGE('',*,*,#3823,.F.);
#5444=ORIENTED_EDGE('',*,*,#3631,.T.);
#5445=ORIENTED_EDGE('',*,*,#3822,.F.);
#5446=ORIENTED_EDGE('',*,*,#3623,.T.);
#5447=ORIENTED_EDGE('',*,*,#3821,.F.);
#5448=ORIENTED_EDGE('',*,*,#3617,.T.);
#5449=ORIENTED_EDGE('',*,*,#3820,.F.);
#5450=ORIENTED_EDGE('',*,*,#3625,.T.);
#5451=ORIENTED_EDGE('',*,*,#3819,.F.);
#5452=ORIENTED_EDGE('',*,*,#3633,.T.);
#5453=ORIENTED_EDGE('',*,*,#3818,.F.);
#5454=ORIENTED_EDGE('',*,*,#3641,.T.);
#5455=ORIENTED_EDGE('',*,*,#3817,.F.);
#5456=ORIENTED_EDGE('',*,*,#3649,.T.);
#5457=ORIENTED_EDGE('',*,*,#3816,.F.);
#5458=ORIENTED_EDGE('',*,*,#3658,.T.);
#5459=ORIENTED_EDGE('',*,*,#3657,.T.);
#5460=ORIENTED_EDGE('',*,*,#3827,.F.);
#5461=ORIENTED_EDGE('',*,*,#3850,.F.);
#5462=ORIENTED_EDGE('',*,*,#3851,.F.);
#5463=ORIENTED_EDGE('',*,*,#3852,.T.);
#5464=ORIENTED_EDGE('',*,*,#3677,.F.);
#5465=ORIENTED_EDGE('',*,*,#3853,.T.);
#5466=ORIENTED_EDGE('',*,*,#3684,.F.);
#5467=ORIENTED_EDGE('',*,*,#3854,.T.);
#5468=ORIENTED_EDGE('',*,*,#3690,.F.);
#5469=ORIENTED_EDGE('',*,*,#3855,.T.);
#5470=ORIENTED_EDGE('',*,*,#3700,.F.);
#5471=ORIENTED_EDGE('',*,*,#3856,.T.);
#5472=ORIENTED_EDGE('',*,*,#3694,.F.);
#5473=ORIENTED_EDGE('',*,*,#3857,.T.);
#5474=ORIENTED_EDGE('',*,*,#3688,.F.);
#5475=ORIENTED_EDGE('',*,*,#3837,.T.);
#5476=ORIENTED_EDGE('',*,*,#3682,.F.);
#5477=ORIENTED_EDGE('',*,*,#3839,.T.);
#5478=ORIENTED_EDGE('',*,*,#3675,.F.);
#5479=ORIENTED_EDGE('',*,*,#3810,.T.);
#5480=ORIENTED_EDGE('',*,*,#3669,.F.);
#5481=ORIENTED_EDGE('',*,*,#3812,.T.);
#5482=ORIENTED_EDGE('',*,*,#3663,.F.);
#5483=ORIENTED_EDGE('',*,*,#3858,.T.);
#5484=ORIENTED_EDGE('',*,*,#3665,.F.);
#5485=ORIENTED_EDGE('',*,*,#3859,.T.);
#5486=ORIENTED_EDGE('',*,*,#3671,.F.);
#5487=ORIENTED_EDGE('',*,*,#3860,.T.);
#5488=ORIENTED_EDGE('',*,*,#3678,.F.);
#5489=ORIENTED_EDGE('',*,*,#3852,.F.);
#5490=ORIENTED_EDGE('',*,*,#3841,.F.);
#5491=ORIENTED_EDGE('',*,*,#3856,.F.);
#5492=ORIENTED_EDGE('',*,*,#3706,.F.);
#5493=ORIENTED_EDGE('',*,*,#3861,.T.);
#5494=ORIENTED_EDGE('',*,*,#3784,.F.);
#5495=ORIENTED_EDGE('',*,*,#3857,.F.);
#5496=ORIENTED_EDGE('',*,*,#3843,.F.);
#5497=ORIENTED_EDGE('',*,*,#3862,.T.);
#5498=ORIENTED_EDGE('',*,*,#3787,.F.);
#5499=ORIENTED_EDGE('',*,*,#3575,.F.);
#5500=ORIENTED_EDGE('',*,*,#3844,.F.);
#5501=ORIENTED_EDGE('',*,*,#3518,.T.);
#5502=ORIENTED_EDGE('',*,*,#3596,.T.);
#5503=ORIENTED_EDGE('',*,*,#3863,.F.);
#5504=ORIENTED_EDGE('',*,*,#3864,.T.);
#5505=ORIENTED_EDGE('',*,*,#3721,.T.);
#5506=ORIENTED_EDGE('',*,*,#3602,.T.);
#5507=ORIENTED_EDGE('',*,*,#3790,.F.);
#5508=ORIENTED_EDGE('',*,*,#3865,.T.);
#5509=ORIENTED_EDGE('',*,*,#3866,.F.);
#5510=ORIENTED_EDGE('',*,*,#3709,.F.);
#5511=ORIENTED_EDGE('',*,*,#3598,.F.);
#5512=ORIENTED_EDGE('',*,*,#3720,.F.);
#5513=ORIENTED_EDGE('',*,*,#3482,.T.);
#5514=ORIENTED_EDGE('',*,*,#3711,.F.);
#5515=ORIENTED_EDGE('',*,*,#3854,.F.);
#5516=ORIENTED_EDGE('',*,*,#3723,.F.);
#5517=ORIENTED_EDGE('',*,*,#3867,.T.);
#5518=ORIENTED_EDGE('',*,*,#3788,.F.);
#5519=ORIENTED_EDGE('',*,*,#3855,.F.);
#5520=ORIENTED_EDGE('',*,*,#3713,.F.);
#5521=ORIENTED_EDGE('',*,*,#3868,.T.);
#5522=ORIENTED_EDGE('',*,*,#3791,.F.);
#5523=ORIENTED_EDGE('',*,*,#3600,.F.);
#5524=ORIENTED_EDGE('',*,*,#3708,.F.);
#5525=ORIENTED_EDGE('',*,*,#3478,.T.);
#5526=ORIENTED_EDGE('',*,*,#3869,.T.);
#5527=ORIENTED_EDGE('',*,*,#3870,.F.);
#5528=ORIENTED_EDGE('',*,*,#3871,.T.);
#5529=ORIENTED_EDGE('',*,*,#3740,.T.);
#5530=ORIENTED_EDGE('',*,*,#3872,.T.);
#5531=ORIENTED_EDGE('',*,*,#3794,.F.);
#5532=ORIENTED_EDGE('',*,*,#3873,.T.);
#5533=ORIENTED_EDGE('',*,*,#3874,.F.);
#5534=ORIENTED_EDGE('',*,*,#3727,.F.);
#5535=ORIENTED_EDGE('',*,*,#3875,.F.);
#5536=ORIENTED_EDGE('',*,*,#3738,.F.);
#5537=ORIENTED_EDGE('',*,*,#3490,.T.);
#5538=ORIENTED_EDGE('',*,*,#3729,.F.);
#5539=ORIENTED_EDGE('',*,*,#3860,.F.);
#5540=ORIENTED_EDGE('',*,*,#3742,.F.);
#5541=ORIENTED_EDGE('',*,*,#3876,.T.);
#5542=ORIENTED_EDGE('',*,*,#3792,.F.);
#5543=ORIENTED_EDGE('',*,*,#3853,.F.);
#5544=ORIENTED_EDGE('',*,*,#3731,.F.);
#5545=ORIENTED_EDGE('',*,*,#3877,.T.);
#5546=ORIENTED_EDGE('',*,*,#3796,.F.);
#5547=ORIENTED_EDGE('',*,*,#3878,.F.);
#5548=ORIENTED_EDGE('',*,*,#3725,.F.);
#5549=ORIENTED_EDGE('',*,*,#3486,.T.);
#5550=ORIENTED_EDGE('',*,*,#3879,.F.);
#5551=ORIENTED_EDGE('',*,*,#3798,.F.);
#5552=ORIENTED_EDGE('',*,*,#3880,.F.);
#5553=ORIENTED_EDGE('',*,*,#3748,.F.);
#5554=ORIENTED_EDGE('',*,*,#3881,.F.);
#5555=ORIENTED_EDGE('',*,*,#3882,.F.);
#5556=ORIENTED_EDGE('',*,*,#3883,.F.);
#5557=ORIENTED_EDGE('',*,*,#3884,.F.);
#5558=ORIENTED_EDGE('',*,*,#3808,.F.);
#5559=ORIENTED_EDGE('',*,*,#3777,.F.);
#5560=ORIENTED_EDGE('',*,*,#3813,.F.);
#5561=ORIENTED_EDGE('',*,*,#3802,.F.);
#5562=ORIENTED_EDGE('',*,*,#3811,.F.);
#5563=ORIENTED_EDGE('',*,*,#3735,.F.);
#5564=ORIENTED_EDGE('',*,*,#3807,.F.);
#5565=ORIENTED_EDGE('',*,*,#3885,.F.);
#5566=ORIENTED_EDGE('',*,*,#3835,.F.);
#5567=ORIENTED_EDGE('',*,*,#3781,.F.);
#5568=ORIENTED_EDGE('',*,*,#3840,.F.);
#5569=ORIENTED_EDGE('',*,*,#3829,.F.);
#5570=ORIENTED_EDGE('',*,*,#3838,.F.);
#5571=ORIENTED_EDGE('',*,*,#3717,.F.);
#5572=ORIENTED_EDGE('',*,*,#3834,.F.);
#5573=ORIENTED_EDGE('',*,*,#3886,.F.);
#5574=ORIENTED_EDGE('',*,*,#3848,.F.);
#5575=ORIENTED_EDGE('',*,*,#3785,.F.);
#5576=ORIENTED_EDGE('',*,*,#3862,.F.);
#5577=ORIENTED_EDGE('',*,*,#3842,.F.);
#5578=ORIENTED_EDGE('',*,*,#3861,.F.);
#5579=ORIENTED_EDGE('',*,*,#3705,.F.);
#5580=ORIENTED_EDGE('',*,*,#3847,.F.);
#5581=ORIENTED_EDGE('',*,*,#3887,.F.);
#5582=ORIENTED_EDGE('',*,*,#3865,.F.);
#5583=ORIENTED_EDGE('',*,*,#3789,.F.);
#5584=ORIENTED_EDGE('',*,*,#3868,.F.);
#5585=ORIENTED_EDGE('',*,*,#3712,.F.);
#5586=ORIENTED_EDGE('',*,*,#3867,.F.);
#5587=ORIENTED_EDGE('',*,*,#3722,.F.);
#5588=ORIENTED_EDGE('',*,*,#3864,.F.);
#5589=ORIENTED_EDGE('',*,*,#3888,.F.);
#5590=ORIENTED_EDGE('',*,*,#3873,.F.);
#5591=ORIENTED_EDGE('',*,*,#3793,.F.);
#5592=ORIENTED_EDGE('',*,*,#3877,.F.);
#5593=ORIENTED_EDGE('',*,*,#3730,.F.);
#5594=ORIENTED_EDGE('',*,*,#3876,.F.);
#5595=ORIENTED_EDGE('',*,*,#3741,.F.);
#5596=ORIENTED_EDGE('',*,*,#3871,.F.);
#5597=ORIENTED_EDGE('',*,*,#3889,.F.);
#5598=ORIENTED_EDGE('',*,*,#3026,.T.);
#5599=ORIENTED_EDGE('',*,*,#3027,.T.);
#5600=ORIENTED_EDGE('',*,*,#3033,.T.);
#5601=ORIENTED_EDGE('',*,*,#3034,.T.);
#5602=ORIENTED_EDGE('',*,*,#3040,.T.);
#5603=ORIENTED_EDGE('',*,*,#3041,.T.);
#5604=ORIENTED_EDGE('',*,*,#3047,.T.);
#5605=ORIENTED_EDGE('',*,*,#3048,.T.);
#5606=ORIENTED_EDGE('',*,*,#3890,.T.);
#5607=ORIENTED_EDGE('',*,*,#3891,.T.);
#5608=ORIENTED_EDGE('',*,*,#3568,.F.);
#5609=ORIENTED_EDGE('',*,*,#3569,.F.);
#5610=ORIENTED_EDGE('',*,*,#3892,.T.);
#5611=ORIENTED_EDGE('',*,*,#3578,.F.);
#5612=ORIENTED_EDGE('',*,*,#3836,.T.);
#5613=ORIENTED_EDGE('',*,*,#3885,.T.);
#5614=ORIENTED_EDGE('',*,*,#3806,.T.);
#5615=ORIENTED_EDGE('',*,*,#3587,.F.);
#5616=ORIENTED_EDGE('',*,*,#3809,.T.);
#5617=ORIENTED_EDGE('',*,*,#3884,.T.);
#5618=ORIENTED_EDGE('',*,*,#3893,.T.);
#5619=ORIENTED_EDGE('',*,*,#3603,.F.);
#5620=ORIENTED_EDGE('',*,*,#3894,.F.);
#5621=ORIENTED_EDGE('',*,*,#3889,.T.);
#5622=ORIENTED_EDGE('',*,*,#3870,.T.);
#5623=ORIENTED_EDGE('',*,*,#3895,.F.);
#5624=ORIENTED_EDGE('',*,*,#3874,.T.);
#5625=ORIENTED_EDGE('',*,*,#3888,.T.);
#5626=ORIENTED_EDGE('',*,*,#3863,.T.);
#5627=ORIENTED_EDGE('',*,*,#3595,.F.);
#5628=ORIENTED_EDGE('',*,*,#3866,.T.);
#5629=ORIENTED_EDGE('',*,*,#3887,.T.);
#5630=ORIENTED_EDGE('',*,*,#3846,.T.);
#5631=ORIENTED_EDGE('',*,*,#3570,.F.);
#5632=ORIENTED_EDGE('',*,*,#3849,.T.);
#5633=ORIENTED_EDGE('',*,*,#3886,.T.);
#5634=ORIENTED_EDGE('',*,*,#3833,.T.);
#5635=ORIENTED_EDGE('',*,*,#3579,.F.);
#5636=ORIENTED_EDGE('',*,*,#3892,.F.);
#5637=ORIENTED_EDGE('',*,*,#3012,.T.);
#5638=ORIENTED_EDGE('',*,*,#3013,.T.);
#5639=ORIENTED_EDGE('',*,*,#3004,.T.);
#5640=ORIENTED_EDGE('',*,*,#3005,.T.);
#5641=ORIENTED_EDGE('',*,*,#3618,.T.);
#5642=ORIENTED_EDGE('',*,*,#3774,.T.);
#5643=ORIENTED_EDGE('',*,*,#3499,.T.);
#5644=ORIENTED_EDGE('',*,*,#3896,.T.);
#5645=ORIENTED_EDGE('',*,*,#3605,.T.);
#5646=ORIENTED_EDGE('',*,*,#3897,.F.);
#5647=ORIENTED_EDGE('',*,*,#3882,.T.);
#5648=ORIENTED_EDGE('',*,*,#3898,.T.);
#5649=ORIENTED_EDGE('',*,*,#3662,.T.);
#5650=ORIENTED_EDGE('',*,*,#3604,.T.);
#5651=ORIENTED_EDGE('',*,*,#3893,.F.);
#5652=ORIENTED_EDGE('',*,*,#3883,.T.);
#5653=ORIENTED_EDGE('',*,*,#3897,.T.);
#5654=ORIENTED_EDGE('',*,*,#3610,.T.);
#5655=ORIENTED_EDGE('',*,*,#3799,.F.);
#5656=ORIENTED_EDGE('',*,*,#3879,.T.);
#5657=ORIENTED_EDGE('',*,*,#3894,.T.);
#5658=ORIENTED_EDGE('',*,*,#3895,.T.);
#5659=ORIENTED_EDGE('',*,*,#3869,.F.);
#5660=ORIENTED_EDGE('',*,*,#3739,.F.);
#5661=ORIENTED_EDGE('',*,*,#3875,.T.);
#5662=ORIENTED_EDGE('',*,*,#3726,.F.);
#5663=ORIENTED_EDGE('',*,*,#3878,.T.);
#5664=ORIENTED_EDGE('',*,*,#3795,.F.);
#5665=ORIENTED_EDGE('',*,*,#3872,.F.);
#5666=ORIENTED_EDGE('',*,*,#3745,.F.);
#5667=ORIENTED_EDGE('',*,*,#3606,.F.);
#5668=ORIENTED_EDGE('',*,*,#3896,.F.);
#5669=ORIENTED_EDGE('',*,*,#3498,.T.);
#5670=ORIENTED_EDGE('',*,*,#3747,.F.);
#5671=ORIENTED_EDGE('',*,*,#3858,.F.);
#5672=ORIENTED_EDGE('',*,*,#3898,.F.);
#5673=ORIENTED_EDGE('',*,*,#3881,.T.);
#5674=ORIENTED_EDGE('',*,*,#3797,.F.);
#5675=ORIENTED_EDGE('',*,*,#3859,.F.);
#5676=ORIENTED_EDGE('',*,*,#3749,.F.);
#5677=ORIENTED_EDGE('',*,*,#3880,.T.);
#5678=ORIENTED_EDGE('',*,*,#3800,.F.);
#5679=ORIENTED_EDGE('',*,*,#3608,.F.);
#5680=ORIENTED_EDGE('',*,*,#3744,.F.);
#5681=ORIENTED_EDGE('',*,*,#3494,.T.);
#5682=ORIENTED_EDGE('',*,*,#3022,.F.);
#5683=ORIENTED_EDGE('',*,*,#3023,.F.);
#5684=ORIENTED_EDGE('',*,*,#3899,.T.);
#5685=ORIENTED_EDGE('',*,*,#3890,.F.);
#5686=ORIENTED_EDGE('',*,*,#3891,.F.);
#5687=ORIENTED_EDGE('',*,*,#3899,.F.);
#5688=ORIENTED_EDGE('',*,*,#3009,.T.);
#5689=ORIENTED_EDGE('',*,*,#3010,.T.);
#5690=ORIENTED_EDGE('',*,*,#3007,.T.);
#5691=ORIENTED_EDGE('',*,*,#3008,.T.);
#5692=CYLINDRICAL_SURFACE('',#6030,1.2295);
#5693=CYLINDRICAL_SURFACE('',#6031,1.2295);
#5694=CYLINDRICAL_SURFACE('',#6036,10.5);
#5695=CYLINDRICAL_SURFACE('',#6045,7.5);
#5696=CYLINDRICAL_SURFACE('',#6051,2.067);
#5697=CYLINDRICAL_SURFACE('',#6058,2.067);
#5698=CYLINDRICAL_SURFACE('',#6065,2.067);
#5699=CYLINDRICAL_SURFACE('',#6072,2.067);
#5700=CYLINDRICAL_SURFACE('',#6264,43.9);
#5701=CYLINDRICAL_SURFACE('',#6451,44.9);
#5702=CYLINDRICAL_SURFACE('',#6454,44.9);
#5703=CYLINDRICAL_SURFACE('',#6457,44.9);
#5704=CYLINDRICAL_SURFACE('',#6460,44.9);
#5705=CYLINDRICAL_SURFACE('',#6463,44.9);
#5706=CYLINDRICAL_SURFACE('',#6466,44.9);
#5707=CYLINDRICAL_SURFACE('',#6469,44.9);
#5708=CYLINDRICAL_SURFACE('',#6472,44.9);
#5709=CYLINDRICAL_SURFACE('',#6475,44.9);
#5710=CYLINDRICAL_SURFACE('',#6478,44.9);
#5711=CYLINDRICAL_SURFACE('',#6481,44.9);
#5712=CYLINDRICAL_SURFACE('',#6530,44.9);
#5713=CYLINDRICAL_SURFACE('',#6537,13.7057804893363);
#5714=CYLINDRICAL_SURFACE('',#6540,10.7001961191604);
#5715=CYLINDRICAL_SURFACE('',#6544,13.7057804893363);
#5716=CYLINDRICAL_SURFACE('',#6547,13.7057804893363);
#5717=CYLINDRICAL_SURFACE('',#6550,10.7001961191604);
#5718=CYLINDRICAL_SURFACE('',#6555,13.7057804893363);
#5719=CYLINDRICAL_SURFACE('',#6558,13.7057804893363);
#5720=CYLINDRICAL_SURFACE('',#6562,10.7001961191604);
#5721=CYLINDRICAL_SURFACE('',#6604,13.7057804893363);
#5722=CYLINDRICAL_SURFACE('',#6606,13.7057804893363);
#5723=CYLINDRICAL_SURFACE('',#6608,13.7057804893363);
#5724=CYLINDRICAL_SURFACE('',#6610,13.7057804893363);
#5725=CYLINDRICAL_SURFACE('',#6612,13.7057804893363);
#5726=CYLINDRICAL_SURFACE('',#6615,13.7057804893363);
#5727=CYLINDRICAL_SURFACE('',#6617,10.7001961191604);
#5728=CYLINDRICAL_SURFACE('',#6628,44.9);
#5729=CYLINDRICAL_SURFACE('',#6644,10.7001961191604);
#5730=CYLINDRICAL_SURFACE('',#6656,10.7001961191604);
#5731=CYLINDRICAL_SURFACE('',#6664,45.9);
#5732=CYLINDRICAL_SURFACE('',#6708,20.15);
#5733=CYLINDRICAL_SURFACE('',#6710,13.7057804893363);
#5734=CYLINDRICAL_SURFACE('',#6718,8.);
#5735=ADVANCED_FACE('',(#952),#5692,.F.);
#5736=ADVANCED_FACE('',(#953),#5693,.F.);
#5737=ADVANCED_FACE('',(#954),#672,.T.);
#5738=ADVANCED_FACE('',(#955),#5694,.T.);
#5739=ADVANCED_FACE('',(#956,#38),#55,.T.);
#5740=ADVANCED_FACE('',(#957,#39),#56,.F.);
#5741=ADVANCED_FACE('',(#958),#5695,.F.);
#5742=ADVANCED_FACE('',(#959),#673,.F.);
#5743=ADVANCED_FACE('',(#960),#5696,.F.);
#5744=ADVANCED_FACE('',(#961),#674,.F.);
#5745=ADVANCED_FACE('',(#962),#5697,.F.);
#5746=ADVANCED_FACE('',(#963),#675,.F.);
#5747=ADVANCED_FACE('',(#964),#5698,.F.);
#5748=ADVANCED_FACE('',(#965),#676,.F.);
#5749=ADVANCED_FACE('',(#966),#5699,.F.);
#5750=ADVANCED_FACE('',(#967),#57,.F.);
#5751=ADVANCED_FACE('',(#968),#58,.F.);
#5752=ADVANCED_FACE('',(#969),#59,.F.);
#5753=ADVANCED_FACE('',(#970),#60,.F.);
#5754=ADVANCED_FACE('',(#971),#61,.F.);
#5755=ADVANCED_FACE('',(#972),#62,.F.);
#5756=ADVANCED_FACE('',(#973),#63,.F.);
#5757=ADVANCED_FACE('',(#974),#64,.F.);
#5758=ADVANCED_FACE('',(#975),#65,.F.);
#5759=ADVANCED_FACE('',(#976),#66,.F.);
#5760=ADVANCED_FACE('',(#977),#67,.F.);
#5761=ADVANCED_FACE('',(#978),#68,.F.);
#5762=ADVANCED_FACE('',(#979),#69,.F.);
#5763=ADVANCED_FACE('',(#980),#70,.F.);
#5764=ADVANCED_FACE('',(#981),#71,.F.);
#5765=ADVANCED_FACE('',(#982),#72,.F.);
#5766=ADVANCED_FACE('',(#983),#73,.F.);
#5767=ADVANCED_FACE('',(#984),#74,.F.);
#5768=ADVANCED_FACE('',(#985),#75,.F.);
#5769=ADVANCED_FACE('',(#986),#76,.F.);
#5770=ADVANCED_FACE('',(#987),#77,.F.);
#5771=ADVANCED_FACE('',(#988),#78,.F.);
#5772=ADVANCED_FACE('',(#989),#79,.F.);
#5773=ADVANCED_FACE('',(#990),#80,.F.);
#5774=ADVANCED_FACE('',(#991),#81,.F.);
#5775=ADVANCED_FACE('',(#992),#82,.F.);
#5776=ADVANCED_FACE('',(#993),#83,.F.);
#5777=ADVANCED_FACE('',(#994),#84,.F.);
#5778=ADVANCED_FACE('',(#995),#85,.F.);
#5779=ADVANCED_FACE('',(#996),#86,.F.);
#5780=ADVANCED_FACE('',(#997),#87,.F.);
#5781=ADVANCED_FACE('',(#998),#88,.F.);
#5782=ADVANCED_FACE('',(#999),#89,.F.);
#5783=ADVANCED_FACE('',(#1000),#90,.F.);
#5784=ADVANCED_FACE('',(#1001),#91,.F.);
#5785=ADVANCED_FACE('',(#1002),#92,.F.);
#5786=ADVANCED_FACE('',(#1003),#93,.F.);
#5787=ADVANCED_FACE('',(#1004),#94,.F.);
#5788=ADVANCED_FACE('',(#1005),#95,.F.);
#5789=ADVANCED_FACE('',(#1006),#96,.F.);
#5790=ADVANCED_FACE('',(#1007),#97,.F.);
#5791=ADVANCED_FACE('',(#1008),#98,.F.);
#5792=ADVANCED_FACE('',(#1009),#99,.F.);
#5793=ADVANCED_FACE('',(#1010),#100,.F.);
#5794=ADVANCED_FACE('',(#1011),#101,.F.);
#5795=ADVANCED_FACE('',(#1012),#102,.F.);
#5796=ADVANCED_FACE('',(#1013),#103,.F.);
#5797=ADVANCED_FACE('',(#1014),#104,.F.);
#5798=ADVANCED_FACE('',(#1015),#105,.F.);
#5799=ADVANCED_FACE('',(#1016),#106,.F.);
#5800=ADVANCED_FACE('',(#1017),#107,.F.);
#5801=ADVANCED_FACE('',(#1018),#108,.F.);
#5802=ADVANCED_FACE('',(#1019),#109,.F.);
#5803=ADVANCED_FACE('',(#1020),#110,.F.);
#5804=ADVANCED_FACE('',(#1021),#111,.F.);
#5805=ADVANCED_FACE('',(#1022),#112,.F.);
#5806=ADVANCED_FACE('',(#1023),#113,.F.);
#5807=ADVANCED_FACE('',(#1024),#114,.F.);
#5808=ADVANCED_FACE('',(#1025),#115,.F.);
#5809=ADVANCED_FACE('',(#1026),#116,.F.);
#5810=ADVANCED_FACE('',(#1027),#117,.F.);
#5811=ADVANCED_FACE('',(#1028),#118,.F.);
#5812=ADVANCED_FACE('',(#1029),#119,.F.);
#5813=ADVANCED_FACE('',(#1030),#120,.F.);
#5814=ADVANCED_FACE('',(#1031),#121,.F.);
#5815=ADVANCED_FACE('',(#1032),#122,.F.);
#5816=ADVANCED_FACE('',(#1033),#123,.F.);
#5817=ADVANCED_FACE('',(#1034),#124,.F.);
#5818=ADVANCED_FACE('',(#1035),#125,.F.);
#5819=ADVANCED_FACE('',(#1036),#126,.F.);
#5820=ADVANCED_FACE('',(#1037),#127,.F.);
#5821=ADVANCED_FACE('',(#1038),#128,.F.);
#5822=ADVANCED_FACE('',(#1039),#129,.F.);
#5823=ADVANCED_FACE('',(#1040),#130,.F.);
#5824=ADVANCED_FACE('',(#1041),#131,.F.);
#5825=ADVANCED_FACE('',(#1042),#132,.F.);
#5826=ADVANCED_FACE('',(#1043),#133,.F.);
#5827=ADVANCED_FACE('',(#1044),#134,.F.);
#5828=ADVANCED_FACE('',(#1045),#135,.F.);
#5829=ADVANCED_FACE('',(#1046),#136,.F.);
#5830=ADVANCED_FACE('',(#1047),#137,.F.);
#5831=ADVANCED_FACE('',(#1048),#138,.F.);
#5832=ADVANCED_FACE('',(#1049),#139,.F.);
#5833=ADVANCED_FACE('',(#1050),#140,.F.);
#5834=ADVANCED_FACE('',(#1051),#141,.F.);
#5835=ADVANCED_FACE('',(#1052),#142,.F.);
#5836=ADVANCED_FACE('',(#1053),#143,.F.);
#5837=ADVANCED_FACE('',(#1054),#144,.F.);
#5838=ADVANCED_FACE('',(#1055),#145,.F.);
#5839=ADVANCED_FACE('',(#1056),#146,.F.);
#5840=ADVANCED_FACE('',(#1057),#147,.F.);
#5841=ADVANCED_FACE('',(#1058),#148,.F.);
#5842=ADVANCED_FACE('',(#1059),#149,.F.);
#5843=ADVANCED_FACE('',(#1060),#150,.F.);
#5844=ADVANCED_FACE('',(#1061),#151,.F.);
#5845=ADVANCED_FACE('',(#1062),#152,.F.);
#5846=ADVANCED_FACE('',(#1063),#153,.F.);
#5847=ADVANCED_FACE('',(#1064),#154,.F.);
#5848=ADVANCED_FACE('',(#1065),#155,.F.);
#5849=ADVANCED_FACE('',(#1066),#156,.F.);
#5850=ADVANCED_FACE('',(#1067),#157,.F.);
#5851=ADVANCED_FACE('',(#1068),#158,.F.);
#5852=ADVANCED_FACE('',(#1069),#159,.F.);
#5853=ADVANCED_FACE('',(#1070),#160,.F.);
#5854=ADVANCED_FACE('',(#1071),#161,.F.);
#5855=ADVANCED_FACE('',(#1072),#162,.F.);
#5856=ADVANCED_FACE('',(#1073),#163,.F.);
#5857=ADVANCED_FACE('',(#1074),#164,.F.);
#5858=ADVANCED_FACE('',(#1075),#165,.F.);
#5859=ADVANCED_FACE('',(#1076),#166,.F.);
#5860=ADVANCED_FACE('',(#1077),#167,.F.);
#5861=ADVANCED_FACE('',(#1078),#168,.F.);
#5862=ADVANCED_FACE('',(#1079),#169,.F.);
#5863=ADVANCED_FACE('',(#1080),#170,.F.);
#5864=ADVANCED_FACE('',(#1081),#5700,.F.);
#5865=ADVANCED_FACE('',(#1082),#171,.T.);
#5866=ADVANCED_FACE('',(#1083),#172,.T.);
#5867=ADVANCED_FACE('',(#1084),#173,.T.);
#5868=ADVANCED_FACE('',(#1085),#174,.T.);
#5869=ADVANCED_FACE('',(#1086),#175,.T.);
#5870=ADVANCED_FACE('',(#1087),#176,.T.);
#5871=ADVANCED_FACE('',(#1088),#177,.T.);
#5872=ADVANCED_FACE('',(#1089),#178,.T.);
#5873=ADVANCED_FACE('',(#1090),#179,.T.);
#5874=ADVANCED_FACE('',(#1091),#180,.T.);
#5875=ADVANCED_FACE('',(#1092),#181,.T.);
#5876=ADVANCED_FACE('',(#1093),#182,.T.);
#5877=ADVANCED_FACE('',(#1094),#183,.T.);
#5878=ADVANCED_FACE('',(#1095),#184,.T.);
#5879=ADVANCED_FACE('',(#1096),#185,.T.);
#5880=ADVANCED_FACE('',(#1097),#186,.T.);
#5881=ADVANCED_FACE('',(#1098),#187,.T.);
#5882=ADVANCED_FACE('',(#1099),#188,.T.);
#5883=ADVANCED_FACE('',(#1100),#189,.T.);
#5884=ADVANCED_FACE('',(#1101),#190,.T.);
#5885=ADVANCED_FACE('',(#1102),#191,.T.);
#5886=ADVANCED_FACE('',(#1103),#192,.T.);
#5887=ADVANCED_FACE('',(#1104),#193,.T.);
#5888=ADVANCED_FACE('',(#1105),#194,.T.);
#5889=ADVANCED_FACE('',(#1106),#195,.T.);
#5890=ADVANCED_FACE('',(#1107),#196,.T.);
#5891=ADVANCED_FACE('',(#1108),#197,.T.);
#5892=ADVANCED_FACE('',(#1109),#198,.T.);
#5893=ADVANCED_FACE('',(#1110),#199,.T.);
#5894=ADVANCED_FACE('',(#1111),#200,.T.);
#5895=ADVANCED_FACE('',(#1112),#201,.T.);
#5896=ADVANCED_FACE('',(#1113),#202,.T.);
#5897=ADVANCED_FACE('',(#1114),#203,.T.);
#5898=ADVANCED_FACE('',(#1115),#204,.T.);
#5899=ADVANCED_FACE('',(#1116),#205,.T.);
#5900=ADVANCED_FACE('',(#1117),#206,.T.);
#5901=ADVANCED_FACE('',(#1118),#207,.T.);
#5902=ADVANCED_FACE('',(#1119),#208,.T.);
#5903=ADVANCED_FACE('',(#1120,#40,#41,#42,#43,#44),#209,.T.);
#5904=ADVANCED_FACE('',(#1121),#210,.T.);
#5905=ADVANCED_FACE('',(#1122),#211,.T.);
#5906=ADVANCED_FACE('',(#1123),#212,.T.);
#5907=ADVANCED_FACE('',(#1124),#213,.T.);
#5908=ADVANCED_FACE('',(#1125),#214,.T.);
#5909=ADVANCED_FACE('',(#1126),#215,.F.);
#5910=ADVANCED_FACE('',(#1127),#216,.F.);
#5911=ADVANCED_FACE('',(#1128),#217,.F.);
#5912=ADVANCED_FACE('',(#1129),#5701,.F.);
#5913=ADVANCED_FACE('',(#1130),#5702,.F.);
#5914=ADVANCED_FACE('',(#1131),#5703,.F.);
#5915=ADVANCED_FACE('',(#1132),#5704,.F.);
#5916=ADVANCED_FACE('',(#1133),#5705,.F.);
#5917=ADVANCED_FACE('',(#1134),#5706,.F.);
#5918=ADVANCED_FACE('',(#1135),#5707,.F.);
#5919=ADVANCED_FACE('',(#1136),#5708,.F.);
#5920=ADVANCED_FACE('',(#1137),#5709,.F.);
#5921=ADVANCED_FACE('',(#1138),#5710,.F.);
#5922=ADVANCED_FACE('',(#1139),#5711,.F.);
#5923=ADVANCED_FACE('',(#1140),#218,.F.);
#5924=ADVANCED_FACE('',(#1141),#219,.F.);
#5925=ADVANCED_FACE('',(#1142),#220,.F.);
#5926=ADVANCED_FACE('',(#1143),#221,.F.);
#5927=ADVANCED_FACE('',(#1144),#222,.F.);
#5928=ADVANCED_FACE('',(#1145),#223,.F.);
#5929=ADVANCED_FACE('',(#1146),#224,.F.);
#5930=ADVANCED_FACE('',(#1147),#225,.F.);
#5931=ADVANCED_FACE('',(#1148),#226,.F.);
#5932=ADVANCED_FACE('',(#1149),#227,.F.);
#5933=ADVANCED_FACE('',(#1150),#228,.F.);
#5934=ADVANCED_FACE('',(#1151),#5712,.F.);
#5935=ADVANCED_FACE('',(#1152),#229,.F.);
#5936=ADVANCED_FACE('',(#1153),#5713,.T.);
#5937=ADVANCED_FACE('',(#1154),#5714,.F.);
#5938=ADVANCED_FACE('',(#1155),#5715,.T.);
#5939=ADVANCED_FACE('',(#1156),#5716,.T.);
#5940=ADVANCED_FACE('',(#1157),#5717,.F.);
#5941=ADVANCED_FACE('',(#1158),#5718,.T.);
#5942=ADVANCED_FACE('',(#1159),#5719,.T.);
#5943=ADVANCED_FACE('',(#1160),#5720,.F.);
#5944=ADVANCED_FACE('',(#1161),#230,.F.);
#5945=ADVANCED_FACE('',(#1162),#231,.F.);
#5946=ADVANCED_FACE('',(#1163),#232,.F.);
#5947=ADVANCED_FACE('',(#1164),#233,.F.);
#5948=ADVANCED_FACE('',(#1165),#234,.F.);
#5949=ADVANCED_FACE('',(#1166),#235,.F.);
#5950=ADVANCED_FACE('',(#1167),#236,.F.);
#5951=ADVANCED_FACE('',(#1168),#237,.F.);
#5952=ADVANCED_FACE('',(#1169),#238,.F.);
#5953=ADVANCED_FACE('',(#1170),#239,.F.);
#5954=ADVANCED_FACE('',(#1171),#240,.F.);
#5955=ADVANCED_FACE('',(#1172),#241,.F.);
#5956=ADVANCED_FACE('',(#1173),#5721,.T.);
#5957=ADVANCED_FACE('',(#1174),#5722,.T.);
#5958=ADVANCED_FACE('',(#1175),#5723,.T.);
#5959=ADVANCED_FACE('',(#1176),#5724,.T.);
#5960=ADVANCED_FACE('',(#1177),#5725,.T.);
#5961=ADVANCED_FACE('',(#1178),#5726,.T.);
#5962=ADVANCED_FACE('',(#1179),#5727,.F.);
#5963=ADVANCED_FACE('',(#1180),#242,.T.);
#5964=ADVANCED_FACE('',(#1181),#243,.T.);
#5965=ADVANCED_FACE('',(#1182),#14,.F.);
#5966=ADVANCED_FACE('',(#1183),#15,.T.);
#5967=ADVANCED_FACE('',(#1184),#16,.T.);
#5968=ADVANCED_FACE('',(#1185),#5728,.T.);
#5969=ADVANCED_FACE('',(#1186),#244,.T.);
#5970=ADVANCED_FACE('',(#1187),#17,.F.);
#5971=ADVANCED_FACE('',(#1188),#5729,.F.);
#5972=ADVANCED_FACE('',(#1189),#245,.T.);
#5973=ADVANCED_FACE('',(#1190),#246,.T.);
#5974=ADVANCED_FACE('',(#1191),#18,.F.);
#5975=ADVANCED_FACE('',(#1192),#19,.T.);
#5976=ADVANCED_FACE('',(#1193),#20,.T.);
#5977=ADVANCED_FACE('',(#1194),#21,.F.);
#5978=ADVANCED_FACE('',(#1195),#5730,.F.);
#5979=ADVANCED_FACE('',(#1196),#247,.T.);
#5980=ADVANCED_FACE('',(#1197),#248,.T.);
#5981=ADVANCED_FACE('',(#1198),#22,.F.);
#5982=ADVANCED_FACE('',(#1199,#45),#249,.T.);
#5983=ADVANCED_FACE('',(#1200),#5731,.T.);
#5984=ADVANCED_FACE('',(#1201),#23,.T.);
#5985=ADVANCED_FACE('',(#1202),#24,.T.);
#5986=ADVANCED_FACE('',(#1203),#25,.F.);
#5987=ADVANCED_FACE('',(#1204),#250,.T.);
#5988=ADVANCED_FACE('',(#1205),#251,.T.);
#5989=ADVANCED_FACE('',(#1206),#26,.F.);
#5990=ADVANCED_FACE('',(#1207),#27,.T.);
#5991=ADVANCED_FACE('',(#1208),#28,.T.);
#5992=ADVANCED_FACE('',(#1209),#29,.F.);
#5993=ADVANCED_FACE('',(#1210),#252,.T.);
#5994=ADVANCED_FACE('',(#1211),#253,.T.);
#5995=ADVANCED_FACE('',(#1212),#30,.F.);
#5996=ADVANCED_FACE('',(#1213),#31,.T.);
#5997=ADVANCED_FACE('',(#1214),#32,.T.);
#5998=ADVANCED_FACE('',(#1215),#33,.F.);
#5999=ADVANCED_FACE('',(#1216,#46,#47,#48,#49,#50),#254,.T.);
#6000=ADVANCED_FACE('',(#1217,#51,#52),#5732,.T.);
#6001=ADVANCED_FACE('',(#1218),#5733,.T.);
#6002=ADVANCED_FACE('',(#1219),#255,.T.);
#6003=ADVANCED_FACE('',(#1220),#256,.T.);
#6004=ADVANCED_FACE('',(#1221),#257,.T.);
#6005=ADVANCED_FACE('',(#1222),#34,.F.);
#6006=ADVANCED_FACE('',(#1223),#35,.T.);
#6007=ADVANCED_FACE('',(#1224),#36,.T.);
#6008=ADVANCED_FACE('',(#1225),#37,.F.);
#6009=ADVANCED_FACE('',(#1226,#53,#54),#5734,.F.);
#6010=CLOSED_SHELL('',(#5735,#5736,#5737,#5738,#5739,#5740,#5741,#5742,
#5743,#5744,#5745,#5746,#5747,#5748,#5749,#5750,#5751,#5752,#5753,#5754,
#5755,#5756,#5757,#5758,#5759,#5760,#5761,#5762,#5763,#5764,#5765,#5766,
#5767,#5768,#5769,#5770,#5771,#5772,#5773,#5774,#5775,#5776,#5777,#5778,
#5779,#5780,#5781,#5782,#5783,#5784,#5785,#5786,#5787,#5788,#5789,#5790,
#5791,#5792,#5793,#5794,#5795,#5796,#5797,#5798,#5799,#5800,#5801,#5802,
#5803,#5804,#5805,#5806,#5807,#5808,#5809,#5810,#5811,#5812,#5813,#5814,
#5815,#5816,#5817,#5818,#5819,#5820,#5821,#5822,#5823,#5824,#5825,#5826,
#5827,#5828,#5829,#5830,#5831,#5832,#5833,#5834,#5835,#5836,#5837,#5838,
#5839,#5840,#5841,#5842,#5843,#5844,#5845,#5846,#5847,#5848,#5849,#5850,
#5851,#5852,#5853,#5854,#5855,#5856,#5857,#5858,#5859,#5860,#5861,#5862,
#5863,#5864,#5865,#5866,#5867,#5868,#5869,#5870,#5871,#5872,#5873,#5874,
#5875,#5876,#5877,#5878,#5879,#5880,#5881,#5882,#5883,#5884,#5885,#5886,
#5887,#5888,#5889,#5890,#5891,#5892,#5893,#5894,#5895,#5896,#5897,#5898,
#5899,#5900,#5901,#5902,#5903,#5904,#5905,#5906,#5907,#5908,#5909,#5910,
#5911,#5912,#5913,#5914,#5915,#5916,#5917,#5918,#5919,#5920,#5921,#5922,
#5923,#5924,#5925,#5926,#5927,#5928,#5929,#5930,#5931,#5932,#5933,#5934,
#5935,#5936,#5937,#5938,#5939,#5940,#5941,#5942,#5943,#5944,#5945,#5946,
#5947,#5948,#5949,#5950,#5951,#5952,#5953,#5954,#5955,#5956,#5957,#5958,
#5959,#5960,#5961,#5962,#5963,#5964,#5965,#5966,#5967,#5968,#5969,#5970,
#5971,#5972,#5973,#5974,#5975,#5976,#5977,#5978,#5979,#5980,#5981,#5982,
#5983,#5984,#5985,#5986,#5987,#5988,#5989,#5990,#5991,#5992,#5993,#5994,
#5995,#5996,#5997,#5998,#5999,#6000,#6001,#6002,#6003,#6004,#6005,#6006,
#6007,#6008,#6009));
#6011=DERIVED_UNIT_ELEMENT(#6013,1.);
#6012=DERIVED_UNIT_ELEMENT(#10967,3.);
#6013=(
MASS_UNIT()
NAMED_UNIT(*)
SI_UNIT($,.GRAM.)
);
#6014=DERIVED_UNIT((#6011,#6012));
#6015=MEASURE_REPRESENTATION_ITEM('density measure',
POSITIVE_RATIO_MEASURE(1.),#6014);
#6016=PROPERTY_DEFINITION_REPRESENTATION(#6021,#6018);
#6017=PROPERTY_DEFINITION_REPRESENTATION(#6022,#6019);
#6018=REPRESENTATION('material name',(#6020),#10964);
#6019=REPRESENTATION('density',(#6015),#10964);
#6020=DESCRIPTIVE_REPRESENTATION_ITEM('Generic','Generic');
#6021=PROPERTY_DEFINITION('material property','material name',#10974);
#6022=PROPERTY_DEFINITION('material property','density of part',#10974);
#6023=DATE_TIME_ROLE('creation_date');
#6024=APPLIED_DATE_AND_TIME_ASSIGNMENT(#6025,#6023,(#10974));
#6025=DATE_AND_TIME(#6026,#6027);
#6026=CALENDAR_DATE(2020,19,5);
#6027=LOCAL_TIME(10,22,12.,#6028);
#6028=COORDINATED_UNIVERSAL_TIME_OFFSET(0,0,.BEHIND.);
#6029=AXIS2_PLACEMENT_3D('placement',#8525,#6719,#6720);
#6030=AXIS2_PLACEMENT_3D('',#8526,#6721,#6722);
#6031=AXIS2_PLACEMENT_3D('',#8604,#6724,#6725);
#6032=AXIS2_PLACEMENT_3D('',#8682,#6727,#6728);
#6033=AXIS2_PLACEMENT_3D('',#8684,#6729,#6730);
#6034=AXIS2_PLACEMENT_3D('',#8688,#6732,#6733);
#6035=AXIS2_PLACEMENT_3D('',#8689,#6734,#6735);
#6036=AXIS2_PLACEMENT_3D('',#8690,#6736,#6737);
#6037=AXIS2_PLACEMENT_3D('',#8694,#6739,#6740);
#6038=AXIS2_PLACEMENT_3D('',#8695,#6741,#6742);
#6039=AXIS2_PLACEMENT_3D('',#8696,#6743,#6744);
#6040=AXIS2_PLACEMENT_3D('',#8698,#6745,#6746);
#6041=AXIS2_PLACEMENT_3D('',#8699,#6747,#6748);
#6042=AXIS2_PLACEMENT_3D('',#8702,#6749,#6750);
#6043=AXIS2_PLACEMENT_3D('',#8703,#6751,#6752);
#6044=AXIS2_PLACEMENT_3D('',#8705,#6753,#6754);
#6045=AXIS2_PLACEMENT_3D('',#8706,#6755,#6756);
#6046=AXIS2_PLACEMENT_3D('',#8708,#6758,#6759);
#6047=AXIS2_PLACEMENT_3D('',#8711,#6760,#6761);
#6048=AXIS2_PLACEMENT_3D('',#8712,#6762,#6763);
#6049=AXIS2_PLACEMENT_3D('',#8716,#6765,#6766);
#6050=AXIS2_PLACEMENT_3D('',#8717,#6767,#6768);
#6051=AXIS2_PLACEMENT_3D('',#8718,#6769,#6770);
#6052=AXIS2_PLACEMENT_3D('',#8721,#6772,#6773);
#6053=AXIS2_PLACEMENT_3D('',#8722,#6774,#6775);
#6054=AXIS2_PLACEMENT_3D('',#8725,#6776,#6777);
#6055=AXIS2_PLACEMENT_3D('',#8726,#6778,#6779);
#6056=AXIS2_PLACEMENT_3D('',#8730,#6781,#6782);
#6057=AXIS2_PLACEMENT_3D('',#8731,#6783,#6784);
#6058=AXIS2_PLACEMENT_3D('',#8732,#6785,#6786);
#6059=AXIS2_PLACEMENT_3D('',#8735,#6788,#6789);
#6060=AXIS2_PLACEMENT_3D('',#8736,#6790,#6791);
#6061=AXIS2_PLACEMENT_3D('',#8739,#6792,#6793);
#6062=AXIS2_PLACEMENT_3D('',#8740,#6794,#6795);
#6063=AXIS2_PLACEMENT_3D('',#8744,#6797,#6798);
#6064=AXIS2_PLACEMENT_3D('',#8745,#6799,#6800);
#6065=AXIS2_PLACEMENT_3D('',#8746,#6801,#6802);
#6066=AXIS2_PLACEMENT_3D('',#8749,#6804,#6805);
#6067=AXIS2_PLACEMENT_3D('',#8750,#6806,#6807);
#6068=AXIS2_PLACEMENT_3D('',#8753,#6808,#6809);
#6069=AXIS2_PLACEMENT_3D('',#8754,#6810,#6811);
#6070=AXIS2_PLACEMENT_3D('',#8758,#6813,#6814);
#6071=AXIS2_PLACEMENT_3D('',#8759,#6815,#6816);
#6072=AXIS2_PLACEMENT_3D('',#8760,#6817,#6818);
#6073=AXIS2_PLACEMENT_3D('',#8763,#6820,#6821);
#6074=AXIS2_PLACEMENT_3D('',#8764,#6822,#6823);
#6075=AXIS2_PLACEMENT_3D('',#8767,#6824,#6825);
#6076=AXIS2_PLACEMENT_3D('',#8771,#6827,#6828);
#6077=AXIS2_PLACEMENT_3D('',#8773,#6830,#6831);
#6078=AXIS2_PLACEMENT_3D('',#8779,#6835,#6836);
#6079=AXIS2_PLACEMENT_3D('',#8785,#6840,#6841);
#6080=AXIS2_PLACEMENT_3D('',#8788,#6842,#6843);
#6081=AXIS2_PLACEMENT_3D('',#8792,#6845,#6846);
#6082=AXIS2_PLACEMENT_3D('',#8794,#6848,#6849);
#6083=AXIS2_PLACEMENT_3D('',#8800,#6853,#6854);
#6084=AXIS2_PLACEMENT_3D('',#8806,#6858,#6859);
#6085=AXIS2_PLACEMENT_3D('',#8809,#6860,#6861);
#6086=AXIS2_PLACEMENT_3D('',#8813,#6863,#6864);
#6087=AXIS2_PLACEMENT_3D('',#8815,#6866,#6867);
#6088=AXIS2_PLACEMENT_3D('',#8821,#6871,#6872);
#6089=AXIS2_PLACEMENT_3D('',#8827,#6876,#6877);
#6090=AXIS2_PLACEMENT_3D('',#8830,#6878,#6879);
#6091=AXIS2_PLACEMENT_3D('',#8834,#6881,#6882);
#6092=AXIS2_PLACEMENT_3D('',#8836,#6884,#6885);
#6093=AXIS2_PLACEMENT_3D('',#8842,#6889,#6890);
#6094=AXIS2_PLACEMENT_3D('',#8848,#6894,#6895);
#6095=AXIS2_PLACEMENT_3D('',#8851,#6896,#6897);
#6096=AXIS2_PLACEMENT_3D('',#8855,#6899,#6900);
#6097=AXIS2_PLACEMENT_3D('',#8857,#6902,#6903);
#6098=AXIS2_PLACEMENT_3D('',#8863,#6907,#6908);
#6099=AXIS2_PLACEMENT_3D('',#8869,#6912,#6913);
#6100=AXIS2_PLACEMENT_3D('',#8872,#6914,#6915);
#6101=AXIS2_PLACEMENT_3D('',#8876,#6917,#6918);
#6102=AXIS2_PLACEMENT_3D('',#8878,#6920,#6921);
#6103=AXIS2_PLACEMENT_3D('',#8884,#6925,#6926);
#6104=AXIS2_PLACEMENT_3D('',#8890,#6930,#6931);
#6105=AXIS2_PLACEMENT_3D('',#8893,#6932,#6933);
#6106=AXIS2_PLACEMENT_3D('',#8897,#6935,#6936);
#6107=AXIS2_PLACEMENT_3D('',#8899,#6938,#6939);
#6108=AXIS2_PLACEMENT_3D('',#8905,#6943,#6944);
#6109=AXIS2_PLACEMENT_3D('',#8911,#6948,#6949);
#6110=AXIS2_PLACEMENT_3D('',#8914,#6950,#6951);
#6111=AXIS2_PLACEMENT_3D('',#8918,#6953,#6954);
#6112=AXIS2_PLACEMENT_3D('',#8920,#6956,#6957);
#6113=AXIS2_PLACEMENT_3D('',#8926,#6961,#6962);
#6114=AXIS2_PLACEMENT_3D('',#8932,#6966,#6967);
#6115=AXIS2_PLACEMENT_3D('',#8935,#6968,#6969);
#6116=AXIS2_PLACEMENT_3D('',#8939,#6971,#6972);
#6117=AXIS2_PLACEMENT_3D('',#8941,#6974,#6975);
#6118=AXIS2_PLACEMENT_3D('',#8947,#6979,#6980);
#6119=AXIS2_PLACEMENT_3D('',#8953,#6984,#6985);
#6120=AXIS2_PLACEMENT_3D('',#8956,#6986,#6987);
#6121=AXIS2_PLACEMENT_3D('',#8960,#6989,#6990);
#6122=AXIS2_PLACEMENT_3D('',#8962,#6992,#6993);
#6123=AXIS2_PLACEMENT_3D('',#8968,#6997,#6998);
#6124=AXIS2_PLACEMENT_3D('',#8974,#7002,#7003);
#6125=AXIS2_PLACEMENT_3D('',#8977,#7004,#7005);
#6126=AXIS2_PLACEMENT_3D('',#8981,#7007,#7008);
#6127=AXIS2_PLACEMENT_3D('',#8983,#7010,#7011);
#6128=AXIS2_PLACEMENT_3D('',#8989,#7015,#7016);
#6129=AXIS2_PLACEMENT_3D('',#8995,#7020,#7021);
#6130=AXIS2_PLACEMENT_3D('',#8998,#7022,#7023);
#6131=AXIS2_PLACEMENT_3D('',#9002,#7025,#7026);
#6132=AXIS2_PLACEMENT_3D('',#9004,#7028,#7029);
#6133=AXIS2_PLACEMENT_3D('',#9010,#7033,#7034);
#6134=AXIS2_PLACEMENT_3D('',#9016,#7038,#7039);
#6135=AXIS2_PLACEMENT_3D('',#9019,#7040,#7041);
#6136=AXIS2_PLACEMENT_3D('',#9023,#7043,#7044);
#6137=AXIS2_PLACEMENT_3D('',#9025,#7046,#7047);
#6138=AXIS2_PLACEMENT_3D('',#9031,#7051,#7052);
#6139=AXIS2_PLACEMENT_3D('',#9037,#7056,#7057);
#6140=AXIS2_PLACEMENT_3D('',#9040,#7058,#7059);
#6141=AXIS2_PLACEMENT_3D('',#9044,#7061,#7062);
#6142=AXIS2_PLACEMENT_3D('',#9046,#7064,#7065);
#6143=AXIS2_PLACEMENT_3D('',#9052,#7069,#7070);
#6144=AXIS2_PLACEMENT_3D('',#9058,#7074,#7075);
#6145=AXIS2_PLACEMENT_3D('',#9061,#7076,#7077);
#6146=AXIS2_PLACEMENT_3D('',#9065,#7079,#7080);
#6147=AXIS2_PLACEMENT_3D('',#9067,#7082,#7083);
#6148=AXIS2_PLACEMENT_3D('',#9073,#7087,#7088);
#6149=AXIS2_PLACEMENT_3D('',#9079,#7092,#7093);
#6150=AXIS2_PLACEMENT_3D('',#9082,#7094,#7095);
#6151=AXIS2_PLACEMENT_3D('',#9086,#7097,#7098);
#6152=AXIS2_PLACEMENT_3D('',#9088,#7100,#7101);
#6153=AXIS2_PLACEMENT_3D('',#9094,#7105,#7106);
#6154=AXIS2_PLACEMENT_3D('',#9100,#7110,#7111);
#6155=AXIS2_PLACEMENT_3D('',#9103,#7112,#7113);
#6156=AXIS2_PLACEMENT_3D('',#9107,#7115,#7116);
#6157=AXIS2_PLACEMENT_3D('',#9109,#7118,#7119);
#6158=AXIS2_PLACEMENT_3D('',#9115,#7123,#7124);
#6159=AXIS2_PLACEMENT_3D('',#9121,#7128,#7129);
#6160=AXIS2_PLACEMENT_3D('',#9124,#7130,#7131);
#6161=AXIS2_PLACEMENT_3D('',#9128,#7133,#7134);
#6162=AXIS2_PLACEMENT_3D('',#9130,#7136,#7137);
#6163=AXIS2_PLACEMENT_3D('',#9136,#7141,#7142);
#6164=AXIS2_PLACEMENT_3D('',#9142,#7146,#7147);
#6165=AXIS2_PLACEMENT_3D('',#9145,#7148,#7149);
#6166=AXIS2_PLACEMENT_3D('',#9149,#7151,#7152);
#6167=AXIS2_PLACEMENT_3D('',#9151,#7154,#7155);
#6168=AXIS2_PLACEMENT_3D('',#9157,#7159,#7160);
#6169=AXIS2_PLACEMENT_3D('',#9163,#7164,#7165);
#6170=AXIS2_PLACEMENT_3D('',#9166,#7166,#7167);
#6171=AXIS2_PLACEMENT_3D('',#9170,#7169,#7170);
#6172=AXIS2_PLACEMENT_3D('',#9172,#7172,#7173);
#6173=AXIS2_PLACEMENT_3D('',#9178,#7177,#7178);
#6174=AXIS2_PLACEMENT_3D('',#9184,#7182,#7183);
#6175=AXIS2_PLACEMENT_3D('',#9187,#7184,#7185);
#6176=AXIS2_PLACEMENT_3D('',#9191,#7187,#7188);
#6177=AXIS2_PLACEMENT_3D('',#9193,#7190,#7191);
#6178=AXIS2_PLACEMENT_3D('',#9199,#7195,#7196);
#6179=AXIS2_PLACEMENT_3D('',#9205,#7200,#7201);
#6180=AXIS2_PLACEMENT_3D('',#9208,#7202,#7203);
#6181=AXIS2_PLACEMENT_3D('',#9212,#7205,#7206);
#6182=AXIS2_PLACEMENT_3D('',#9214,#7208,#7209);
#6183=AXIS2_PLACEMENT_3D('',#9220,#7213,#7214);
#6184=AXIS2_PLACEMENT_3D('',#9226,#7218,#7219);
#6185=AXIS2_PLACEMENT_3D('',#9229,#7220,#7221);
#6186=AXIS2_PLACEMENT_3D('',#9233,#7223,#7224);
#6187=AXIS2_PLACEMENT_3D('',#9235,#7226,#7227);
#6188=AXIS2_PLACEMENT_3D('',#9241,#7231,#7232);
#6189=AXIS2_PLACEMENT_3D('',#9247,#7236,#7237);
#6190=AXIS2_PLACEMENT_3D('',#9250,#7238,#7239);
#6191=AXIS2_PLACEMENT_3D('',#9254,#7241,#7242);
#6192=AXIS2_PLACEMENT_3D('',#9256,#7244,#7245);
#6193=AXIS2_PLACEMENT_3D('',#9262,#7249,#7250);
#6194=AXIS2_PLACEMENT_3D('',#9268,#7254,#7255);
#6195=AXIS2_PLACEMENT_3D('',#9271,#7256,#7257);
#6196=AXIS2_PLACEMENT_3D('',#9275,#7259,#7260);
#6197=AXIS2_PLACEMENT_3D('',#9277,#7262,#7263);
#6198=AXIS2_PLACEMENT_3D('',#9283,#7267,#7268);
#6199=AXIS2_PLACEMENT_3D('',#9289,#7272,#7273);
#6200=AXIS2_PLACEMENT_3D('',#9292,#7274,#7275);
#6201=AXIS2_PLACEMENT_3D('',#9296,#7277,#7278);
#6202=AXIS2_PLACEMENT_3D('',#9298,#7280,#7281);
#6203=AXIS2_PLACEMENT_3D('',#9304,#7285,#7286);
#6204=AXIS2_PLACEMENT_3D('',#9310,#7290,#7291);
#6205=AXIS2_PLACEMENT_3D('',#9313,#7292,#7293);
#6206=AXIS2_PLACEMENT_3D('',#9317,#7295,#7296);
#6207=AXIS2_PLACEMENT_3D('',#9319,#7298,#7299);
#6208=AXIS2_PLACEMENT_3D('',#9325,#7303,#7304);
#6209=AXIS2_PLACEMENT_3D('',#9331,#7308,#7309);
#6210=AXIS2_PLACEMENT_3D('',#9334,#7310,#7311);
#6211=AXIS2_PLACEMENT_3D('',#9338,#7313,#7314);
#6212=AXIS2_PLACEMENT_3D('',#9340,#7316,#7317);
#6213=AXIS2_PLACEMENT_3D('',#9346,#7321,#7322);
#6214=AXIS2_PLACEMENT_3D('',#9352,#7326,#7327);
#6215=AXIS2_PLACEMENT_3D('',#9355,#7328,#7329);
#6216=AXIS2_PLACEMENT_3D('',#9359,#7331,#7332);
#6217=AXIS2_PLACEMENT_3D('',#9361,#7334,#7335);
#6218=AXIS2_PLACEMENT_3D('',#9367,#7339,#7340);
#6219=AXIS2_PLACEMENT_3D('',#9373,#7344,#7345);
#6220=AXIS2_PLACEMENT_3D('',#9376,#7346,#7347);
#6221=AXIS2_PLACEMENT_3D('',#9380,#7349,#7350);
#6222=AXIS2_PLACEMENT_3D('',#9382,#7352,#7353);
#6223=AXIS2_PLACEMENT_3D('',#9388,#7357,#7358);
#6224=AXIS2_PLACEMENT_3D('',#9394,#7362,#7363);
#6225=AXIS2_PLACEMENT_3D('',#9397,#7364,#7365);
#6226=AXIS2_PLACEMENT_3D('',#9401,#7367,#7368);
#6227=AXIS2_PLACEMENT_3D('',#9403,#7370,#7371);
#6228=AXIS2_PLACEMENT_3D('',#9409,#7375,#7376);
#6229=AXIS2_PLACEMENT_3D('',#9415,#7380,#7381);
#6230=AXIS2_PLACEMENT_3D('',#9418,#7382,#7383);
#6231=AXIS2_PLACEMENT_3D('',#9422,#7385,#7386);
#6232=AXIS2_PLACEMENT_3D('',#9424,#7388,#7389);
#6233=AXIS2_PLACEMENT_3D('',#9430,#7393,#7394);
#6234=AXIS2_PLACEMENT_3D('',#9436,#7398,#7399);
#6235=AXIS2_PLACEMENT_3D('',#9439,#7400,#7401);
#6236=AXIS2_PLACEMENT_3D('',#9443,#7403,#7404);
#6237=AXIS2_PLACEMENT_3D('',#9445,#7406,#7407);
#6238=AXIS2_PLACEMENT_3D('',#9451,#7411,#7412);
#6239=AXIS2_PLACEMENT_3D('',#9457,#7416,#7417);
#6240=AXIS2_PLACEMENT_3D('',#9460,#7418,#7419);
#6241=AXIS2_PLACEMENT_3D('',#9464,#7421,#7422);
#6242=AXIS2_PLACEMENT_3D('',#9466,#7424,#7425);
#6243=AXIS2_PLACEMENT_3D('',#9472,#7429,#7430);
#6244=AXIS2_PLACEMENT_3D('',#9478,#7434,#7435);
#6245=AXIS2_PLACEMENT_3D('',#9481,#7436,#7437);
#6246=AXIS2_PLACEMENT_3D('',#9485,#7439,#7440);
#6247=AXIS2_PLACEMENT_3D('',#9487,#7442,#7443);
#6248=AXIS2_PLACEMENT_3D('',#9493,#7447,#7448);
#6249=AXIS2_PLACEMENT_3D('',#9499,#7452,#7453);
#6250=AXIS2_PLACEMENT_3D('',#9502,#7454,#7455);
#6251=AXIS2_PLACEMENT_3D('',#9506,#7457,#7458);
#6252=AXIS2_PLACEMENT_3D('',#9508,#7460,#7461);
#6253=AXIS2_PLACEMENT_3D('',#9514,#7465,#7466);
#6254=AXIS2_PLACEMENT_3D('',#9520,#7470,#7471);
#6255=AXIS2_PLACEMENT_3D('',#9523,#7472,#7473);
#6256=AXIS2_PLACEMENT_3D('',#9527,#7475,#7476);
#6257=AXIS2_PLACEMENT_3D('',#9529,#7478,#7479);
#6258=AXIS2_PLACEMENT_3D('',#9535,#7483,#7484);
#6259=AXIS2_PLACEMENT_3D('',#9541,#7488,#7489);
#6260=AXIS2_PLACEMENT_3D('',#9544,#7490,#7491);
#6261=AXIS2_PLACEMENT_3D('',#9548,#7493,#7494);
#6262=AXIS2_PLACEMENT_3D('',#9550,#7496,#7497);
#6263=AXIS2_PLACEMENT_3D('',#9556,#7501,#7502);
#6264=AXIS2_PLACEMENT_3D('',#9562,#7506,#7507);
#6265=AXIS2_PLACEMENT_3D('',#9564,#7508,#7509);
#6266=AXIS2_PLACEMENT_3D('',#9568,#7511,#7512);
#6267=AXIS2_PLACEMENT_3D('',#9571,#7514,#7515);
#6268=AXIS2_PLACEMENT_3D('',#9572,#7516,#7517);
#6269=AXIS2_PLACEMENT_3D('',#9573,#7518,#7519);
#6270=AXIS2_PLACEMENT_3D('',#9574,#7520,#7521);
#6271=AXIS2_PLACEMENT_3D('',#9575,#7522,#7523);
#6272=AXIS2_PLACEMENT_3D('',#9576,#7524,#7525);
#6273=AXIS2_PLACEMENT_3D('',#9577,#7526,#7527);
#6274=AXIS2_PLACEMENT_3D('',#9578,#7528,#7529);
#6275=AXIS2_PLACEMENT_3D('',#9579,#7530,#7531);
#6276=AXIS2_PLACEMENT_3D('',#9580,#7532,#7533);
#6277=AXIS2_PLACEMENT_3D('',#9581,#7534,#7535);
#6278=AXIS2_PLACEMENT_3D('',#9582,#7536,#7537);
#6279=AXIS2_PLACEMENT_3D('',#9583,#7538,#7539);
#6280=AXIS2_PLACEMENT_3D('',#9584,#7540,#7541);
#6281=AXIS2_PLACEMENT_3D('',#9585,#7542,#7543);
#6282=AXIS2_PLACEMENT_3D('',#9586,#7544,#7545);
#6283=AXIS2_PLACEMENT_3D('',#9587,#7546,#7547);
#6284=AXIS2_PLACEMENT_3D('',#9588,#7548,#7549);
#6285=AXIS2_PLACEMENT_3D('',#9589,#7550,#7551);
#6286=AXIS2_PLACEMENT_3D('',#9590,#7552,#7553);
#6287=AXIS2_PLACEMENT_3D('',#9591,#7554,#7555);
#6288=AXIS2_PLACEMENT_3D('',#9592,#7556,#7557);
#6289=AXIS2_PLACEMENT_3D('',#9593,#7558,#7559);
#6290=AXIS2_PLACEMENT_3D('',#9594,#7560,#7561);
#6291=AXIS2_PLACEMENT_3D('',#9595,#7562,#7563);
#6292=AXIS2_PLACEMENT_3D('',#9596,#7564,#7565);
#6293=AXIS2_PLACEMENT_3D('',#9597,#7566,#7567);
#6294=AXIS2_PLACEMENT_3D('',#9598,#7568,#7569);
#6295=AXIS2_PLACEMENT_3D('',#9599,#7570,#7571);
#6296=AXIS2_PLACEMENT_3D('',#9600,#7572,#7573);
#6297=AXIS2_PLACEMENT_3D('',#9601,#7574,#7575);
#6298=AXIS2_PLACEMENT_3D('',#9602,#7576,#7577);
#6299=AXIS2_PLACEMENT_3D('',#9604,#7578,#7579);
#6300=AXIS2_PLACEMENT_3D('',#9608,#7581,#7582);
#6301=AXIS2_PLACEMENT_3D('',#9612,#7584,#7585);
#6302=AXIS2_PLACEMENT_3D('',#9616,#7587,#7588);
#6303=AXIS2_PLACEMENT_3D('',#9620,#7590,#7591);
#6304=AXIS2_PLACEMENT_3D('',#9624,#7593,#7594);
#6305=AXIS2_PLACEMENT_3D('',#9628,#7596,#7597);
#6306=AXIS2_PLACEMENT_3D('',#9632,#7599,#7600);
#6307=AXIS2_PLACEMENT_3D('',#9636,#7602,#7603);
#6308=AXIS2_PLACEMENT_3D('',#9640,#7605,#7606);
#6309=AXIS2_PLACEMENT_3D('',#9644,#7608,#7609);
#6310=AXIS2_PLACEMENT_3D('',#9648,#7611,#7612);
#6311=AXIS2_PLACEMENT_3D('',#9652,#7614,#7615);
#6312=AXIS2_PLACEMENT_3D('',#9656,#7617,#7618);
#6313=AXIS2_PLACEMENT_3D('',#9660,#7620,#7621);
#6314=AXIS2_PLACEMENT_3D('',#9664,#7623,#7624);
#6315=AXIS2_PLACEMENT_3D('',#9668,#7626,#7627);
#6316=AXIS2_PLACEMENT_3D('',#9672,#7629,#7630);
#6317=AXIS2_PLACEMENT_3D('',#9676,#7632,#7633);
#6318=AXIS2_PLACEMENT_3D('',#9680,#7635,#7636);
#6319=AXIS2_PLACEMENT_3D('',#9684,#7638,#7639);
#6320=AXIS2_PLACEMENT_3D('',#9688,#7641,#7642);
#6321=AXIS2_PLACEMENT_3D('',#9692,#7644,#7645);
#6322=AXIS2_PLACEMENT_3D('',#9696,#7647,#7648);
#6323=AXIS2_PLACEMENT_3D('',#9700,#7650,#7651);
#6324=AXIS2_PLACEMENT_3D('',#9703,#7653,#7654);
#6325=AXIS2_PLACEMENT_3D('',#9704,#7655,#7656);
#6326=AXIS2_PLACEMENT_3D('',#9705,#7657,#7658);
#6327=AXIS2_PLACEMENT_3D('',#9706,#7659,#7660);
#6328=AXIS2_PLACEMENT_3D('',#9707,#7661,#7662);
#6329=AXIS2_PLACEMENT_3D('',#9708,#7663,#7664);
#6330=AXIS2_PLACEMENT_3D('',#9709,#7665,#7666);
#6331=AXIS2_PLACEMENT_3D('',#9710,#7667,#7668);
#6332=AXIS2_PLACEMENT_3D('',#9712,#7669,#7670);
#6333=AXIS2_PLACEMENT_3D('',#9714,#7672,#7673);
#6334=AXIS2_PLACEMENT_3D('',#9717,#7675,#7676);
#6335=AXIS2_PLACEMENT_3D('',#9718,#7677,#7678);
#6336=AXIS2_PLACEMENT_3D('',#9719,#7679,#7680);
#6337=AXIS2_PLACEMENT_3D('',#9720,#7681,#7682);
#6338=AXIS2_PLACEMENT_3D('',#9721,#7683,#7684);
#6339=AXIS2_PLACEMENT_3D('',#9722,#7685,#7686);
#6340=AXIS2_PLACEMENT_3D('',#9723,#7687,#7688);
#6341=AXIS2_PLACEMENT_3D('',#9724,#7689,#7690);
#6342=AXIS2_PLACEMENT_3D('',#9725,#7691,#7692);
#6343=AXIS2_PLACEMENT_3D('',#9726,#7693,#7694);
#6344=AXIS2_PLACEMENT_3D('',#9727,#7695,#7696);
#6345=AXIS2_PLACEMENT_3D('',#9728,#7697,#7698);
#6346=AXIS2_PLACEMENT_3D('',#9729,#7699,#7700);
#6347=AXIS2_PLACEMENT_3D('',#9730,#7701,#7702);
#6348=AXIS2_PLACEMENT_3D('',#9731,#7703,#7704);
#6349=AXIS2_PLACEMENT_3D('',#9732,#7705,#7706);
#6350=AXIS2_PLACEMENT_3D('',#9733,#7707,#7708);
#6351=AXIS2_PLACEMENT_3D('',#9734,#7709,#7710);
#6352=AXIS2_PLACEMENT_3D('',#9735,#7711,#7712);
#6353=AXIS2_PLACEMENT_3D('',#9736,#7713,#7714);
#6354=AXIS2_PLACEMENT_3D('',#9737,#7715,#7716);
#6355=AXIS2_PLACEMENT_3D('',#9738,#7717,#7718);
#6356=AXIS2_PLACEMENT_3D('',#9739,#7719,#7720);
#6357=AXIS2_PLACEMENT_3D('',#9740,#7721,#7722);
#6358=AXIS2_PLACEMENT_3D('',#9741,#7723,#7724);
#6359=AXIS2_PLACEMENT_3D('',#9742,#7725,#7726);
#6360=AXIS2_PLACEMENT_3D('',#9743,#7727,#7728);
#6361=AXIS2_PLACEMENT_3D('',#9744,#7729,#7730);
#6362=AXIS2_PLACEMENT_3D('',#9745,#7731,#7732);
#6363=AXIS2_PLACEMENT_3D('',#9746,#7733,#7734);
#6364=AXIS2_PLACEMENT_3D('',#9747,#7735,#7736);
#6365=AXIS2_PLACEMENT_3D('',#9748,#7737,#7738);
#6366=AXIS2_PLACEMENT_3D('',#9749,#7739,#7740);
#6367=AXIS2_PLACEMENT_3D('',#9750,#7741,#7742);
#6368=AXIS2_PLACEMENT_3D('',#9751,#7743,#7744);
#6369=AXIS2_PLACEMENT_3D('',#9752,#7745,#7746);
#6370=AXIS2_PLACEMENT_3D('',#9753,#7747,#7748);
#6371=AXIS2_PLACEMENT_3D('',#9754,#7749,#7750);
#6372=AXIS2_PLACEMENT_3D('',#9755,#7751,#7752);
#6373=AXIS2_PLACEMENT_3D('',#9756,#7753,#7754);
#6374=AXIS2_PLACEMENT_3D('',#9757,#7755,#7756);
#6375=AXIS2_PLACEMENT_3D('',#9758,#7757,#7758);
#6376=AXIS2_PLACEMENT_3D('',#9759,#7759,#7760);
#6377=AXIS2_PLACEMENT_3D('',#9760,#7761,#7762);
#6378=AXIS2_PLACEMENT_3D('',#9761,#7763,#7764);
#6379=AXIS2_PLACEMENT_3D('',#9762,#7765,#7766);
#6380=AXIS2_PLACEMENT_3D('',#9763,#7767,#7768);
#6381=AXIS2_PLACEMENT_3D('',#9764,#7769,#7770);
#6382=AXIS2_PLACEMENT_3D('',#9765,#7771,#7772);
#6383=AXIS2_PLACEMENT_3D('',#9766,#7773,#7774);
#6384=AXIS2_PLACEMENT_3D('',#9767,#7775,#7776);
#6385=AXIS2_PLACEMENT_3D('',#9768,#7777,#7778);
#6386=AXIS2_PLACEMENT_3D('',#9769,#7779,#7780);
#6387=AXIS2_PLACEMENT_3D('',#9770,#7781,#7782);
#6388=AXIS2_PLACEMENT_3D('',#9771,#7783,#7784);
#6389=AXIS2_PLACEMENT_3D('',#9772,#7785,#7786);
#6390=AXIS2_PLACEMENT_3D('',#9773,#7787,#7788);
#6391=AXIS2_PLACEMENT_3D('',#9774,#7789,#7790);
#6392=AXIS2_PLACEMENT_3D('',#9775,#7791,#7792);
#6393=AXIS2_PLACEMENT_3D('',#9776,#7793,#7794);
#6394=AXIS2_PLACEMENT_3D('',#9777,#7795,#7796);
#6395=AXIS2_PLACEMENT_3D('',#9778,#7797,#7798);
#6396=AXIS2_PLACEMENT_3D('',#9779,#7799,#7800);
#6397=AXIS2_PLACEMENT_3D('',#9780,#7801,#7802);
#6398=AXIS2_PLACEMENT_3D('',#9782,#7803,#7804);
#6399=AXIS2_PLACEMENT_3D('',#9783,#7805,#7806);
#6400=AXIS2_PLACEMENT_3D('',#9784,#7807,#7808);
#6401=AXIS2_PLACEMENT_3D('',#9785,#7809,#7810);
#6402=AXIS2_PLACEMENT_3D('',#9786,#7811,#7812);
#6403=AXIS2_PLACEMENT_3D('',#9787,#7813,#7814);
#6404=AXIS2_PLACEMENT_3D('',#9788,#7815,#7816);
#6405=AXIS2_PLACEMENT_3D('',#9789,#7817,#7818);
#6406=AXIS2_PLACEMENT_3D('',#9790,#7819,#7820);
#6407=AXIS2_PLACEMENT_3D('',#9791,#7821,#7822);
#6408=AXIS2_PLACEMENT_3D('',#9792,#7823,#7824);
#6409=AXIS2_PLACEMENT_3D('',#9795,#7825,#7826);
#6410=AXIS2_PLACEMENT_3D('',#9796,#7827,#7828);
#6411=AXIS2_PLACEMENT_3D('',#9797,#7829,#7830);
#6412=AXIS2_PLACEMENT_3D('',#9800,#7831,#7832);
#6413=AXIS2_PLACEMENT_3D('',#9804,#7834,#7835);
#6414=AXIS2_PLACEMENT_3D('',#9806,#7836,#7837);
#6415=AXIS2_PLACEMENT_3D('',#9808,#7838,#7839);
#6416=AXIS2_PLACEMENT_3D('',#9810,#7840,#7841);
#6417=AXIS2_PLACEMENT_3D('',#9812,#7842,#7843);
#6418=AXIS2_PLACEMENT_3D('',#9814,#7845,#7846);
#6419=AXIS2_PLACEMENT_3D('',#9817,#7847,#7848);
#6420=AXIS2_PLACEMENT_3D('',#9819,#7849,#7850);
#6421=AXIS2_PLACEMENT_3D('',#9823,#7852,#7853);
#6422=AXIS2_PLACEMENT_3D('',#9825,#7854,#7855);
#6423=AXIS2_PLACEMENT_3D('',#9827,#7856,#7857);
#6424=AXIS2_PLACEMENT_3D('',#9829,#7858,#7859);
#6425=AXIS2_PLACEMENT_3D('',#9831,#7860,#7861);
#6426=AXIS2_PLACEMENT_3D('',#9833,#7863,#7864);
#6427=AXIS2_PLACEMENT_3D('',#9836,#7865,#7866);
#6428=AXIS2_PLACEMENT_3D('',#9840,#7868,#7869);
#6429=AXIS2_PLACEMENT_3D('',#9842,#7870,#7871);
#6430=AXIS2_PLACEMENT_3D('',#9844,#7872,#7873);
#6431=AXIS2_PLACEMENT_3D('',#9846,#7874,#7875);
#6432=AXIS2_PLACEMENT_3D('',#9848,#7876,#7877);
#6433=AXIS2_PLACEMENT_3D('',#9850,#7879,#7880);
#6434=AXIS2_PLACEMENT_3D('',#9853,#7881,#7882);
#6435=AXIS2_PLACEMENT_3D('',#9857,#7884,#7885);
#6436=AXIS2_PLACEMENT_3D('',#9859,#7886,#7887);
#6437=AXIS2_PLACEMENT_3D('',#9861,#7888,#7889);
#6438=AXIS2_PLACEMENT_3D('',#9863,#7890,#7891);
#6439=AXIS2_PLACEMENT_3D('',#9865,#7892,#7893);
#6440=AXIS2_PLACEMENT_3D('',#9867,#7895,#7896);
#6441=AXIS2_PLACEMENT_3D('',#9870,#7897,#7898);
#6442=AXIS2_PLACEMENT_3D('',#9874,#7900,#7901);
#6443=AXIS2_PLACEMENT_3D('',#9876,#7902,#7903);
#6444=AXIS2_PLACEMENT_3D('',#9878,#7904,#7905);
#6445=AXIS2_PLACEMENT_3D('',#9880,#7906,#7907);
#6446=AXIS2_PLACEMENT_3D('',#9882,#7908,#7909);
#6447=AXIS2_PLACEMENT_3D('',#9884,#7911,#7912);
#6448=AXIS2_PLACEMENT_3D('',#9888,#7914,#7915);
#6449=AXIS2_PLACEMENT_3D('',#9890,#7917,#7918);
#6450=AXIS2_PLACEMENT_3D('',#9892,#7920,#7921);
#6451=AXIS2_PLACEMENT_3D('',#9894,#7923,#7924);
#6452=AXIS2_PLACEMENT_3D('',#9899,#7926,#7927);
#6453=AXIS2_PLACEMENT_3D('',#9902,#7929,#7930);
#6454=AXIS2_PLACEMENT_3D('',#9903,#7931,#7932);
#6455=AXIS2_PLACEMENT_3D('',#9908,#7934,#7935);
#6456=AXIS2_PLACEMENT_3D('',#9911,#7937,#7938);
#6457=AXIS2_PLACEMENT_3D('',#9912,#7939,#7940);
#6458=AXIS2_PLACEMENT_3D('',#9917,#7942,#7943);
#6459=AXIS2_PLACEMENT_3D('',#9920,#7945,#7946);
#6460=AXIS2_PLACEMENT_3D('',#9921,#7947,#7948);
#6461=AXIS2_PLACEMENT_3D('',#9926,#7950,#7951);
#6462=AXIS2_PLACEMENT_3D('',#9929,#7953,#7954);
#6463=AXIS2_PLACEMENT_3D('',#9930,#7955,#7956);
#6464=AXIS2_PLACEMENT_3D('',#9935,#7958,#7959);
#6465=AXIS2_PLACEMENT_3D('',#9938,#7961,#7962);
#6466=AXIS2_PLACEMENT_3D('',#9939,#7963,#7964);
#6467=AXIS2_PLACEMENT_3D('',#9944,#7966,#7967);
#6468=AXIS2_PLACEMENT_3D('',#9947,#7969,#7970);
#6469=AXIS2_PLACEMENT_3D('',#9948,#7971,#7972);
#6470=AXIS2_PLACEMENT_3D('',#9953,#7974,#7975);
#6471=AXIS2_PLACEMENT_3D('',#9956,#7977,#7978);
#6472=AXIS2_PLACEMENT_3D('',#9957,#7979,#7980);
#6473=AXIS2_PLACEMENT_3D('',#9962,#7982,#7983);
#6474=AXIS2_PLACEMENT_3D('',#9965,#7985,#7986);
#6475=AXIS2_PLACEMENT_3D('',#9966,#7987,#7988);
#6476=AXIS2_PLACEMENT_3D('',#9971,#7990,#7991);
#6477=AXIS2_PLACEMENT_3D('',#9974,#7993,#7994);
#6478=AXIS2_PLACEMENT_3D('',#9975,#7995,#7996);
#6479=AXIS2_PLACEMENT_3D('',#9980,#7998,#7999);
#6480=AXIS2_PLACEMENT_3D('',#9983,#8001,#8002);
#6481=AXIS2_PLACEMENT_3D('',#9984,#8003,#8004);
#6482=AXIS2_PLACEMENT_3D('',#9989,#8006,#8007);
#6483=AXIS2_PLACEMENT_3D('',#9991,#8008,#8009);
#6484=AXIS2_PLACEMENT_3D('',#9994,#8011,#8012);
#6485=AXIS2_PLACEMENT_3D('',#9995,#8013,#8014);
#6486=AXIS2_PLACEMENT_3D('',#9997,#8015,#8016);
#6487=AXIS2_PLACEMENT_3D('',#9999,#8017,#8018);
#6488=AXIS2_PLACEMENT_3D('',#10000,#8019,#8020);
#6489=AXIS2_PLACEMENT_3D('',#10001,#8021,#8022);
#6490=AXIS2_PLACEMENT_3D('',#10003,#8023,#8024);
#6491=AXIS2_PLACEMENT_3D('',#10005,#8025,#8026);
#6492=AXIS2_PLACEMENT_3D('',#10006,#8027,#8028);
#6493=AXIS2_PLACEMENT_3D('',#10007,#8029,#8030);
#6494=AXIS2_PLACEMENT_3D('',#10009,#8031,#8032);
#6495=AXIS2_PLACEMENT_3D('',#10011,#8033,#8034);
#6496=AXIS2_PLACEMENT_3D('',#10012,#8035,#8036);
#6497=AXIS2_PLACEMENT_3D('',#10013,#8037,#8038);
#6498=AXIS2_PLACEMENT_3D('',#10015,#8039,#8040);
#6499=AXIS2_PLACEMENT_3D('',#10017,#8041,#8042);
#6500=AXIS2_PLACEMENT_3D('',#10018,#8043,#8044);
#6501=AXIS2_PLACEMENT_3D('',#10019,#8045,#8046);
#6502=AXIS2_PLACEMENT_3D('',#10021,#8047,#8048);
#6503=AXIS2_PLACEMENT_3D('',#10023,#8049,#8050);
#6504=AXIS2_PLACEMENT_3D('',#10024,#8051,#8052);
#6505=AXIS2_PLACEMENT_3D('',#10025,#8053,#8054);
#6506=AXIS2_PLACEMENT_3D('',#10027,#8055,#8056);
#6507=AXIS2_PLACEMENT_3D('',#10029,#8057,#8058);
#6508=AXIS2_PLACEMENT_3D('',#10031,#8059,#8060);
#6509=AXIS2_PLACEMENT_3D('',#10032,#8061,#8062);
#6510=AXIS2_PLACEMENT_3D('',#10033,#8063,#8064);
#6511=AXIS2_PLACEMENT_3D('',#10035,#8065,#8066);
#6512=AXIS2_PLACEMENT_3D('',#10037,#8067,#8068);
#6513=AXIS2_PLACEMENT_3D('',#10038,#8069,#8070);
#6514=AXIS2_PLACEMENT_3D('',#10039,#8071,#8072);
#6515=AXIS2_PLACEMENT_3D('',#10041,#8073,#8074);
#6516=AXIS2_PLACEMENT_3D('',#10043,#8075,#8076);
#6517=AXIS2_PLACEMENT_3D('',#10044,#8077,#8078);
#6518=AXIS2_PLACEMENT_3D('',#10045,#8079,#8080);
#6519=AXIS2_PLACEMENT_3D('',#10047,#8081,#8082);
#6520=AXIS2_PLACEMENT_3D('',#10049,#8083,#8084);
#6521=AXIS2_PLACEMENT_3D('',#10050,#8085,#8086);
#6522=AXIS2_PLACEMENT_3D('',#10051,#8087,#8088);
#6523=AXIS2_PLACEMENT_3D('',#10053,#8089,#8090);
#6524=AXIS2_PLACEMENT_3D('',#10055,#8091,#8092);
#6525=AXIS2_PLACEMENT_3D('',#10056,#8093,#8094);
#6526=AXIS2_PLACEMENT_3D('',#10057,#8095,#8096);
#6527=AXIS2_PLACEMENT_3D('',#10059,#8097,#8098);
#6528=AXIS2_PLACEMENT_3D('',#10061,#8099,#8100);
#6529=AXIS2_PLACEMENT_3D('',#10062,#8101,#8102);
#6530=AXIS2_PLACEMENT_3D('',#10063,#8103,#8104);
#6531=AXIS2_PLACEMENT_3D('',#10068,#8106,#8107);
#6532=AXIS2_PLACEMENT_3D('',#10071,#8109,#8110);
#6533=AXIS2_PLACEMENT_3D('',#10072,#8111,#8112);
#6534=AXIS2_PLACEMENT_3D('',#10074,#8113,#8114);
#6535=AXIS2_PLACEMENT_3D('',#10076,#8115,#8116);
#6536=AXIS2_PLACEMENT_3D('',#10077,#8117,#8118);
#6537=AXIS2_PLACEMENT_3D('',#10078,#8119,#8120);
#6538=AXIS2_PLACEMENT_3D('',#10079,#8121,#8122);
#6539=AXIS2_PLACEMENT_3D('',#10095,#8124,#8125);
#6540=AXIS2_PLACEMENT_3D('',#10108,#8126,#8127);
#6541=AXIS2_PLACEMENT_3D('',#10109,#8128,#8129);
#6542=AXIS2_PLACEMENT_3D('',#10134,#8130,#8131);
#6543=AXIS2_PLACEMENT_3D('',#10151,#8132,#8133);
#6544=AXIS2_PLACEMENT_3D('',#10164,#8134,#8135);
#6545=AXIS2_PLACEMENT_3D('',#10165,#8136,#8137);
#6546=AXIS2_PLACEMENT_3D('',#10181,#8139,#8140);
#6547=AXIS2_PLACEMENT_3D('',#10194,#8141,#8142);
#6548=AXIS2_PLACEMENT_3D('',#10195,#8143,#8144);
#6549=AXIS2_PLACEMENT_3D('',#10211,#8146,#8147);
#6550=AXIS2_PLACEMENT_3D('',#10224,#8148,#8149);
#6551=AXIS2_PLACEMENT_3D('',#10225,#8150,#8151);
#6552=AXIS2_PLACEMENT_3D('',#10240,#8152,#8153);
#6553=AXIS2_PLACEMENT_3D('',#10253,#8154,#8155);
#6554=AXIS2_PLACEMENT_3D('',#10270,#8156,#8157);
#6555=AXIS2_PLACEMENT_3D('',#10283,#8158,#8159);
#6556=AXIS2_PLACEMENT_3D('',#10284,#8160,#8161);
#6557=AXIS2_PLACEMENT_3D('',#10300,#8163,#8164);
#6558=AXIS2_PLACEMENT_3D('',#10313,#8165,#8166);
#6559=AXIS2_PLACEMENT_3D('',#10314,#8167,#8168);
#6560=AXIS2_PLACEMENT_3D('',#10329,#8169,#8170);
#6561=AXIS2_PLACEMENT_3D('',#10333,#8172,#8173);
#6562=AXIS2_PLACEMENT_3D('',#10346,#8174,#8175);
#6563=AXIS2_PLACEMENT_3D('',#10347,#8176,#8177);
#6564=AXIS2_PLACEMENT_3D('',#10372,#8178,#8179);
#6565=AXIS2_PLACEMENT_3D('',#10389,#8180,#8181);
#6566=AXIS2_PLACEMENT_3D('',#10402,#8182,#8183);
#6567=AXIS2_PLACEMENT_3D('',#10403,#8184,#8185);
#6568=AXIS2_PLACEMENT_3D('',#10404,#8186,#8187);
#6569=AXIS2_PLACEMENT_3D('',#10405,#8188,#8189);
#6570=AXIS2_PLACEMENT_3D('',#10406,#8190,#8191);
#6571=AXIS2_PLACEMENT_3D('',#10407,#8192,#8193);
#6572=AXIS2_PLACEMENT_3D('',#10408,#8194,#8195);
#6573=AXIS2_PLACEMENT_3D('',#10409,#8196,#8197);
#6574=AXIS2_PLACEMENT_3D('',#10410,#8198,#8199);
#6575=AXIS2_PLACEMENT_3D('',#10411,#8200,#8201);
#6576=AXIS2_PLACEMENT_3D('',#10412,#8202,#8203);
#6577=AXIS2_PLACEMENT_3D('',#10413,#8204,#8205);
#6578=AXIS2_PLACEMENT_3D('',#10414,#8206,#8207);
#6579=AXIS2_PLACEMENT_3D('',#10415,#8208,#8209);
#6580=AXIS2_PLACEMENT_3D('',#10416,#8210,#8211);
#6581=AXIS2_PLACEMENT_3D('',#10417,#8212,#8213);
#6582=AXIS2_PLACEMENT_3D('',#10418,#8214,#8215);
#6583=AXIS2_PLACEMENT_3D('',#10419,#8216,#8217);
#6584=AXIS2_PLACEMENT_3D('',#10420,#8218,#8219);
#6585=AXIS2_PLACEMENT_3D('',#10421,#8220,#8221);
#6586=AXIS2_PLACEMENT_3D('',#10422,#8222,#8223);
#6587=AXIS2_PLACEMENT_3D('',#10423,#8224,#8225);
#6588=AXIS2_PLACEMENT_3D('',#10424,#8226,#8227);
#6589=AXIS2_PLACEMENT_3D('',#10425,#8228,#8229);
#6590=AXIS2_PLACEMENT_3D('',#10426,#8230,#8231);
#6591=AXIS2_PLACEMENT_3D('',#10427,#8232,#8233);
#6592=AXIS2_PLACEMENT_3D('',#10428,#8234,#8235);
#6593=AXIS2_PLACEMENT_3D('',#10429,#8236,#8237);
#6594=AXIS2_PLACEMENT_3D('',#10430,#8238,#8239);
#6595=AXIS2_PLACEMENT_3D('',#10431,#8240,#8241);
#6596=AXIS2_PLACEMENT_3D('',#10432,#8242,#8243);
#6597=AXIS2_PLACEMENT_3D('',#10433,#8244,#8245);
#6598=AXIS2_PLACEMENT_3D('',#10434,#8246,#8247);
#6599=AXIS2_PLACEMENT_3D('',#10435,#8248,#8249);
#6600=AXIS2_PLACEMENT_3D('',#10436,#8250,#8251);
#6601=AXIS2_PLACEMENT_3D('',#10437,#8252,#8253);
#6602=AXIS2_PLACEMENT_3D('',#10438,#8254,#8255);
#6603=AXIS2_PLACEMENT_3D('',#10439,#8256,#8257);
#6604=AXIS2_PLACEMENT_3D('',#10440,#8258,#8259);
#6605=AXIS2_PLACEMENT_3D('',#10457,#8260,#8261);
#6606=AXIS2_PLACEMENT_3D('',#10471,#8263,#8264);
#6607=AXIS2_PLACEMENT_3D('',#10488,#8265,#8266);
#6608=AXIS2_PLACEMENT_3D('',#10502,#8268,#8269);
#6609=AXIS2_PLACEMENT_3D('',#10519,#8270,#8271);
#6610=AXIS2_PLACEMENT_3D('',#10533,#8273,#8274);
#6611=AXIS2_PLACEMENT_3D('',#10550,#8275,#8276);
#6612=AXIS2_PLACEMENT_3D('',#10564,#8278,#8279);
#6613=AXIS2_PLACEMENT_3D('',#10581,#8280,#8281);
#6614=AXIS2_PLACEMENT_3D('',#10585,#8283,#8284);
#6615=AXIS2_PLACEMENT_3D('',#10598,#8285,#8286);
#6616=AXIS2_PLACEMENT_3D('',#10615,#8287,#8288);
#6617=AXIS2_PLACEMENT_3D('',#10629,#8290,#8291);
#6618=AXIS2_PLACEMENT_3D('',#10646,#8292,#8293);
#6619=AXIS2_PLACEMENT_3D('',#10683,#8294,#8295);
#6620=AXIS2_PLACEMENT_3D('',#10687,#8298,#8299);
#6621=AXIS2_PLACEMENT_3D('',#10691,#8302,#8303);
#6622=AXIS2_PLACEMENT_3D('',#10692,#8304,#8305);
#6623=AXIS2_PLACEMENT_3D('',#10693,#8306,#8307);
#6624=AXIS2_PLACEMENT_3D('',#10694,#8308,#8309);
#6625=AXIS2_PLACEMENT_3D('',#10695,#8310,#8311);
#6626=AXIS2_PLACEMENT_3D('',#10696,#8312,#8313);
#6627=AXIS2_PLACEMENT_3D('',#10697,#8314,#8315);
#6628=AXIS2_PLACEMENT_3D('',#10698,#8316,#8317);
#6629=AXIS2_PLACEMENT_3D('',#10699,#8318,#8319);
#6630=AXIS2_PLACEMENT_3D('',#10701,#8321,#8322);
#6631=AXIS2_PLACEMENT_3D('',#10702,#8323,#8324);
#6632=AXIS2_PLACEMENT_3D('',#10703,#8325,#8326);
#6633=AXIS2_PLACEMENT_3D('',#10704,#8327,#8328);
#6634=AXIS2_PLACEMENT_3D('',#10705,#8329,#8330);
#6635=AXIS2_PLACEMENT_3D('',#10706,#8331,#8332);
#6636=AXIS2_PLACEMENT_3D('',#10707,#8333,#8334);
#6637=AXIS2_PLACEMENT_3D('',#10708,#8335,#8336);
#6638=AXIS2_PLACEMENT_3D('',#10709,#8337,#8338);
#6639=AXIS2_PLACEMENT_3D('',#10710,#8339,#8340);
#6640=AXIS2_PLACEMENT_3D('',#10711,#8341,#8342);
#6641=AXIS2_PLACEMENT_3D('',#10712,#8343,#8344);
#6642=AXIS2_PLACEMENT_3D('',#10713,#8345,#8346);
#6643=AXIS2_PLACEMENT_3D('',#10714,#8347,#8348);
#6644=AXIS2_PLACEMENT_3D('',#10715,#8349,#8350);
#6645=AXIS2_PLACEMENT_3D('',#10732,#8351,#8352);
#6646=AXIS2_PLACEMENT_3D('',#10769,#8353,#8354);
#6647=AXIS2_PLACEMENT_3D('',#10773,#8357,#8358);
#6648=AXIS2_PLACEMENT_3D('',#10777,#8361,#8362);
#6649=AXIS2_PLACEMENT_3D('',#10778,#8363,#8364);
#6650=AXIS2_PLACEMENT_3D('',#10779,#8365,#8366);
#6651=AXIS2_PLACEMENT_3D('',#10780,#8367,#8368);
#6652=AXIS2_PLACEMENT_3D('',#10781,#8369,#8370);
#6653=AXIS2_PLACEMENT_3D('',#10782,#8371,#8372);
#6654=AXIS2_PLACEMENT_3D('',#10783,#8373,#8374);
#6655=AXIS2_PLACEMENT_3D('',#10784,#8375,#8376);
#6656=AXIS2_PLACEMENT_3D('',#10785,#8377,#8378);
#6657=AXIS2_PLACEMENT_3D('',#10802,#8379,#8380);
#6658=AXIS2_PLACEMENT_3D('',#10839,#8381,#8382);
#6659=AXIS2_PLACEMENT_3D('',#10843,#8385,#8386);
#6660=AXIS2_PLACEMENT_3D('',#10847,#8389,#8390);
#6661=AXIS2_PLACEMENT_3D('',#10848,#8391,#8392);
#6662=AXIS2_PLACEMENT_3D('',#10851,#8393,#8394);
#6663=AXIS2_PLACEMENT_3D('',#10852,#8395,#8396);
#6664=AXIS2_PLACEMENT_3D('',#10853,#8397,#8398);
#6665=AXIS2_PLACEMENT_3D('',#10855,#8400,#8401);
#6666=AXIS2_PLACEMENT_3D('',#10856,#8402,#8403);
#6667=AXIS2_PLACEMENT_3D('',#10857,#8404,#8405);
#6668=AXIS2_PLACEMENT_3D('',#10858,#8406,#8407);
#6669=AXIS2_PLACEMENT_3D('',#10859,#8408,#8409);
#6670=AXIS2_PLACEMENT_3D('',#10860,#8410,#8411);
#6671=AXIS2_PLACEMENT_3D('',#10861,#8412,#8413);
#6672=AXIS2_PLACEMENT_3D('',#10862,#8414,#8415);
#6673=AXIS2_PLACEMENT_3D('',#10863,#8416,#8417);
#6674=AXIS2_PLACEMENT_3D('',#10864,#8418,#8419);
#6675=AXIS2_PLACEMENT_3D('',#10865,#8420,#8421);
#6676=AXIS2_PLACEMENT_3D('',#10866,#8422,#8423);
#6677=AXIS2_PLACEMENT_3D('',#10867,#8424,#8425);
#6678=AXIS2_PLACEMENT_3D('',#10868,#8426,#8427);
#6679=AXIS2_PLACEMENT_3D('',#10872,#8430,#8431);
#6680=AXIS2_PLACEMENT_3D('',#10876,#8434,#8435);
#6681=AXIS2_PLACEMENT_3D('',#10877,#8436,#8437);
#6682=AXIS2_PLACEMENT_3D('',#10878,#8438,#8439);
#6683=AXIS2_PLACEMENT_3D('',#10879,#8440,#8441);
#6684=AXIS2_PLACEMENT_3D('',#10880,#8442,#8443);
#6685=AXIS2_PLACEMENT_3D('',#10881,#8444,#8445);
#6686=AXIS2_PLACEMENT_3D('',#10882,#8446,#8447);
#6687=AXIS2_PLACEMENT_3D('',#10888,#8451,#8452);
#6688=AXIS2_PLACEMENT_3D('',#10894,#8456,#8457);
#6689=AXIS2_PLACEMENT_3D('',#10895,#8458,#8459);
#6690=AXIS2_PLACEMENT_3D('',#10896,#8460,#8461);
#6691=AXIS2_PLACEMENT_3D('',#10897,#8462,#8463);
#6692=AXIS2_PLACEMENT_3D('',#10898,#8464,#8465);
#6693=AXIS2_PLACEMENT_3D('',#10899,#8466,#8467);
#6694=AXIS2_PLACEMENT_3D('',#10900,#8468,#8469);
#6695=AXIS2_PLACEMENT_3D('',#10901,#8470,#8471);
#6696=AXIS2_PLACEMENT_3D('',#10902,#8472,#8473);
#6697=AXIS2_PLACEMENT_3D('',#10905,#8475,#8476);
#6698=AXIS2_PLACEMENT_3D('',#10907,#8477,#8478);
#6699=AXIS2_PLACEMENT_3D('',#10909,#8479,#8480);
#6700=AXIS2_PLACEMENT_3D('',#10912,#8482,#8483);
#6701=AXIS2_PLACEMENT_3D('',#10913,#8484,#8485);
#6702=AXIS2_PLACEMENT_3D('',#10914,#8486,#8487);
#6703=AXIS2_PLACEMENT_3D('',#10915,#8488,#8489);
#6704=AXIS2_PLACEMENT_3D('',#10916,#8490,#8491);
#6705=AXIS2_PLACEMENT_3D('',#10917,#8492,#8493);
#6706=AXIS2_PLACEMENT_3D('',#10920,#8494,#8495);
#6707=AXIS2_PLACEMENT_3D('',#10921,#8496,#8497);
#6708=AXIS2_PLACEMENT_3D('',#10922,#8498,#8499);
#6709=AXIS2_PLACEMENT_3D('',#10926,#8503,#8504);
#6710=AXIS2_PLACEMENT_3D('',#10927,#8505,#8506);
#6711=AXIS2_PLACEMENT_3D('',#10953,#8508,#8509);
#6712=AXIS2_PLACEMENT_3D('',#10954,#8510,#8511);
#6713=AXIS2_PLACEMENT_3D('',#10955,#8512,#8513);
#6714=AXIS2_PLACEMENT_3D('',#10956,#8514,#8515);
#6715=AXIS2_PLACEMENT_3D('',#10957,#8516,#8517);
#6716=AXIS2_PLACEMENT_3D('',#10958,#8518,#8519);
#6717=AXIS2_PLACEMENT_3D('',#10959,#8520,#8521);
#6718=AXIS2_PLACEMENT_3D('',#10960,#8522,#8523);
#6719=DIRECTION('axis',(0.,0.,1.));
#6720=DIRECTION('refdir',(1.,0.,0.));
#6721=DIRECTION('center_axis',(0.866025403784439,0.,0.5));
#6722=DIRECTION('ref_axis',(0.,-1.,0.));
#6723=DIRECTION('',(0.866025403784439,0.,0.5));
#6724=DIRECTION('center_axis',(0.866025403784439,0.,0.5));
#6725=DIRECTION('ref_axis',(0.,-1.,0.));
#6726=DIRECTION('',(0.866025403784439,0.,0.5));
#6727=DIRECTION('center_axis',(0.,1.,0.));
#6728=DIRECTION('ref_axis',(-1.,0.,0.));
#6729=DIRECTION('center_axis',(0.,1.,0.));
#6730=DIRECTION('ref_axis',(-1.,0.,0.));
#6731=DIRECTION('',(0.8,0.6,9.79717439317882E-17));
#6732=DIRECTION('center_axis',(0.,-1.,0.));
#6733=DIRECTION('ref_axis',(-1.,0.,0.));
#6734=DIRECTION('center_axis',(0.,-1.,0.));
#6735=DIRECTION('ref_axis',(-1.,0.,0.));
#6736=DIRECTION('center_axis',(0.,-1.,0.));
#6737=DIRECTION('ref_axis',(1.,0.,0.));
#6738=DIRECTION('',(0.,1.,0.));
#6739=DIRECTION('center_axis',(0.,1.,0.));
#6740=DIRECTION('ref_axis',(1.,0.,0.));
#6741=DIRECTION('center_axis',(0.,1.,0.));
#6742=DIRECTION('ref_axis',(1.,0.,0.));
#6743=DIRECTION('center_axis',(0.,-1.,0.));
#6744=DIRECTION('ref_axis',(0.,0.,-1.));
#6745=DIRECTION('center_axis',(0.,1.,0.));
#6746=DIRECTION('ref_axis',(-1.,0.,0.));
#6747=DIRECTION('center_axis',(0.,-1.,0.));
#6748=DIRECTION('ref_axis',(0.,0.,-1.));
#6749=DIRECTION('center_axis',(0.,1.,0.));
#6750=DIRECTION('ref_axis',(-1.,0.,0.));
#6751=DIRECTION('center_axis',(0.,1.,0.));
#6752=DIRECTION('ref_axis',(-1.,0.,0.));
#6753=DIRECTION('center_axis',(0.,1.,0.));
#6754=DIRECTION('ref_axis',(-1.,0.,0.));
#6755=DIRECTION('center_axis',(0.,-1.,0.));
#6756=DIRECTION('ref_axis',(-1.,0.,0.));
#6757=DIRECTION('',(0.,1.,0.));
#6758=DIRECTION('center_axis',(0.,1.,0.));
#6759=DIRECTION('ref_axis',(1.,0.,-1.50750573049847E-16));
#6760=DIRECTION('center_axis',(0.,-1.,0.));
#6761=DIRECTION('ref_axis',(1.,0.,-1.50750573049847E-16));
#6762=DIRECTION('center_axis',(0.,-1.,0.));
#6763=DIRECTION('ref_axis',(1.,0.,-1.50750573049847E-16));
#6764=DIRECTION('',(0.707106781186547,-0.707106781186548,-1.93192358094854E-16));
#6765=DIRECTION('center_axis',(0.,1.,0.));
#6766=DIRECTION('ref_axis',(1.,0.,-1.50750573049847E-16));
#6767=DIRECTION('center_axis',(0.,1.,0.));
#6768=DIRECTION('ref_axis',(1.,0.,-1.50750573049847E-16));
#6769=DIRECTION('center_axis',(0.,1.,0.));
#6770=DIRECTION('ref_axis',(1.,0.,-1.50750573049847E-16));
#6771=DIRECTION('',(0.,-1.,0.));
#6772=DIRECTION('center_axis',(0.,1.,0.));
#6773=DIRECTION('ref_axis',(1.,0.,-1.50750573049847E-16));
#6774=DIRECTION('center_axis',(0.,1.,0.));
#6775=DIRECTION('ref_axis',(1.,0.,-1.50750573049847E-16));
#6776=DIRECTION('center_axis',(0.,-1.,0.));
#6777=DIRECTION('ref_axis',(1.,0.,-1.50750573049847E-16));
#6778=DIRECTION('center_axis',(0.,-1.,0.));
#6779=DIRECTION('ref_axis',(1.,0.,-1.50750573049847E-16));
#6780=DIRECTION('',(0.707106781186547,-0.707106781186548,-1.93192358094854E-16));
#6781=DIRECTION('center_axis',(0.,1.,0.));
#6782=DIRECTION('ref_axis',(1.,0.,-1.50750573049847E-16));
#6783=DIRECTION('center_axis',(0.,1.,0.));
#6784=DIRECTION('ref_axis',(1.,0.,-1.50750573049847E-16));
#6785=DIRECTION('center_axis',(0.,1.,0.));
#6786=DIRECTION('ref_axis',(1.,0.,-1.50750573049847E-16));
#6787=DIRECTION('',(0.,-1.,0.));
#6788=DIRECTION('center_axis',(0.,1.,0.));
#6789=DIRECTION('ref_axis',(1.,0.,-1.50750573049847E-16));
#6790=DIRECTION('center_axis',(0.,1.,0.));
#6791=DIRECTION('ref_axis',(1.,0.,-1.50750573049847E-16));
#6792=DIRECTION('center_axis',(0.,-1.,0.));
#6793=DIRECTION('ref_axis',(1.,0.,-1.50750573049847E-16));
#6794=DIRECTION('center_axis',(0.,-1.,0.));
#6795=DIRECTION('ref_axis',(1.,0.,-1.50750573049847E-16));
#6796=DIRECTION('',(0.707106781186547,-0.707106781186548,-1.93192358094854E-16));
#6797=DIRECTION('center_axis',(0.,1.,0.));
#6798=DIRECTION('ref_axis',(1.,0.,-1.50750573049847E-16));
#6799=DIRECTION('center_axis',(0.,1.,0.));
#6800=DIRECTION('ref_axis',(1.,0.,-1.50750573049847E-16));
#6801=DIRECTION('center_axis',(0.,1.,0.));
#6802=DIRECTION('ref_axis',(1.,0.,-1.50750573049847E-16));
#6803=DIRECTION('',(0.,-1.,0.));
#6804=DIRECTION('center_axis',(0.,1.,0.));
#6805=DIRECTION('ref_axis',(1.,0.,-1.50750573049847E-16));
#6806=DIRECTION('center_axis',(0.,1.,0.));
#6807=DIRECTION('ref_axis',(1.,0.,-1.50750573049847E-16));
#6808=DIRECTION('center_axis',(0.,-1.,0.));
#6809=DIRECTION('ref_axis',(1.,0.,-1.50750573049847E-16));
#6810=DIRECTION('center_axis',(0.,-1.,0.));
#6811=DIRECTION('ref_axis',(1.,0.,-1.50750573049847E-16));
#6812=DIRECTION('',(0.707106781186547,-0.707106781186548,-1.93192358094854E-16));
#6813=DIRECTION('center_axis',(0.,1.,0.));
#6814=DIRECTION('ref_axis',(1.,0.,-1.50750573049847E-16));
#6815=DIRECTION('center_axis',(0.,1.,0.));
#6816=DIRECTION('ref_axis',(1.,0.,-1.50750573049847E-16));
#6817=DIRECTION('center_axis',(0.,1.,0.));
#6818=DIRECTION('ref_axis',(1.,0.,-1.50750573049847E-16));
#6819=DIRECTION('',(0.,-1.,0.));
#6820=DIRECTION('center_axis',(0.,1.,0.));
#6821=DIRECTION('ref_axis',(1.,0.,-1.50750573049847E-16));
#6822=DIRECTION('center_axis',(0.,1.,0.));
#6823=DIRECTION('ref_axis',(0.160411280857761,0.,0.987050262637913));
#6824=DIRECTION('center_axis',(0.,-1.,0.));
#6825=DIRECTION('ref_axis',(0.499999999999999,0.,-0.866025403784439));
#6826=DIRECTION('',(0.987050262637913,0.,-0.160411280857761));
#6827=DIRECTION('center_axis',(0.,1.,0.));
#6828=DIRECTION('ref_axis',(0.499999999999999,0.,-0.866025403784439));
#6829=DIRECTION('',(-0.987050262637913,0.,0.160411280857761));
#6830=DIRECTION('center_axis',(-0.160411280857761,0.,-0.987050262637913));
#6831=DIRECTION('ref_axis',(-0.987050262637913,0.,0.160411280857761));
#6832=DIRECTION('',(0.,-1.,0.));
#6833=DIRECTION('',(0.,1.,0.));
#6834=DIRECTION('',(-0.987050262637913,0.,0.160411280857761));
#6835=DIRECTION('center_axis',(0.160411280857761,0.,0.987050262637913));
#6836=DIRECTION('ref_axis',(0.987050262637913,0.,-0.160411280857761));
#6837=DIRECTION('',(0.,1.,0.));
#6838=DIRECTION('',(0.987050262637913,0.,-0.160411280857761));
#6839=DIRECTION('',(0.,-1.,0.));
#6840=DIRECTION('center_axis',(0.,1.,0.));
#6841=DIRECTION('ref_axis',(0.316667993801473,0.,0.948536441947145));
#6842=DIRECTION('center_axis',(0.,-1.,0.));
#6843=DIRECTION('ref_axis',(0.499999999999999,0.,-0.866025403784439));
#6844=DIRECTION('',(0.948536441947145,0.,-0.316667993801473));
#6845=DIRECTION('center_axis',(0.,1.,0.));
#6846=DIRECTION('ref_axis',(0.499999999999999,0.,-0.866025403784439));
#6847=DIRECTION('',(-0.948536441947145,0.,0.316667993801473));
#6848=DIRECTION('center_axis',(-0.316667993801473,0.,-0.948536441947145));
#6849=DIRECTION('ref_axis',(-0.948536441947145,0.,0.316667993801473));
#6850=DIRECTION('',(0.,-1.,0.));
#6851=DIRECTION('',(0.,1.,0.));
#6852=DIRECTION('',(-0.948536441947145,0.,0.316667993801473));
#6853=DIRECTION('center_axis',(0.316667993801473,0.,0.948536441947145));
#6854=DIRECTION('ref_axis',(0.948536441947145,0.,-0.316667993801473));
#6855=DIRECTION('',(0.,1.,0.));
#6856=DIRECTION('',(0.948536441947145,0.,-0.316667993801473));
#6857=DIRECTION('',(0.,-1.,0.));
#6858=DIRECTION('center_axis',(0.,1.,0.));
#6859=DIRECTION('ref_axis',(0.464723172043769,0.,0.88545602565321));
#6860=DIRECTION('center_axis',(0.,-1.,0.));
#6861=DIRECTION('ref_axis',(0.499999999999999,0.,-0.866025403784439));
#6862=DIRECTION('',(0.88545602565321,0.,-0.464723172043769));
#6863=DIRECTION('center_axis',(0.,1.,0.));
#6864=DIRECTION('ref_axis',(0.499999999999999,0.,-0.866025403784439));
#6865=DIRECTION('',(-0.88545602565321,0.,0.464723172043769));
#6866=DIRECTION('center_axis',(-0.464723172043769,0.,-0.88545602565321));
#6867=DIRECTION('ref_axis',(-0.88545602565321,0.,0.464723172043769));
#6868=DIRECTION('',(0.,-1.,0.));
#6869=DIRECTION('',(0.,1.,0.));
#6870=DIRECTION('',(-0.88545602565321,0.,0.464723172043769));
#6871=DIRECTION('center_axis',(0.464723172043769,0.,0.88545602565321));
#6872=DIRECTION('ref_axis',(0.88545602565321,0.,-0.464723172043769));
#6873=DIRECTION('',(0.,1.,0.));
#6874=DIRECTION('',(0.88545602565321,0.,-0.464723172043769));
#6875=DIRECTION('',(0.,-1.,0.));
#6876=DIRECTION('center_axis',(0.,1.,0.));
#6877=DIRECTION('ref_axis',(0.60074226423798,0.,0.799442763403501));
#6878=DIRECTION('center_axis',(0.,-1.,0.));
#6879=DIRECTION('ref_axis',(0.499999999999999,0.,-0.866025403784439));
#6880=DIRECTION('',(0.799442763403501,0.,-0.60074226423798));
#6881=DIRECTION('center_axis',(0.,1.,0.));
#6882=DIRECTION('ref_axis',(0.499999999999999,0.,-0.866025403784439));
#6883=DIRECTION('',(-0.799442763403501,0.,0.600742264237979));
#6884=DIRECTION('center_axis',(-0.600742264237979,0.,-0.799442763403501));
#6885=DIRECTION('ref_axis',(-0.799442763403501,0.,0.600742264237979));
#6886=DIRECTION('',(0.,-1.,0.));
#6887=DIRECTION('',(0.,1.,0.));
#6888=DIRECTION('',(-0.799442763403501,0.,0.600742264237979));
#6889=DIRECTION('center_axis',(0.60074226423798,0.,0.799442763403501));
#6890=DIRECTION('ref_axis',(0.799442763403501,0.,-0.60074226423798));
#6891=DIRECTION('',(0.,1.,0.));
#6892=DIRECTION('',(0.799442763403501,0.,-0.60074226423798));
#6893=DIRECTION('',(0.,-1.,0.));
#6894=DIRECTION('center_axis',(0.,1.,0.));
#6895=DIRECTION('ref_axis',(0.721202447343815,0.,0.692724353509599));
#6896=DIRECTION('center_axis',(0.,-1.,0.));
#6897=DIRECTION('ref_axis',(0.499999999999999,0.,-0.866025403784439));
#6898=DIRECTION('',(0.692724353509599,0.,-0.721202447343815));
#6899=DIRECTION('center_axis',(0.,1.,0.));
#6900=DIRECTION('ref_axis',(0.499999999999999,0.,-0.866025403784439));
#6901=DIRECTION('',(-0.692724353509599,0.,0.721202447343814));
#6902=DIRECTION('center_axis',(-0.721202447343815,0.,-0.692724353509599));
#6903=DIRECTION('ref_axis',(-0.692724353509599,0.,0.721202447343815));
#6904=DIRECTION('',(0.,-1.,0.));
#6905=DIRECTION('',(0.,1.,0.));
#6906=DIRECTION('',(-0.692724353509599,0.,0.721202447343815));
#6907=DIRECTION('center_axis',(0.721202447343815,0.,0.692724353509599));
#6908=DIRECTION('ref_axis',(0.692724353509599,0.,-0.721202447343815));
#6909=DIRECTION('',(0.,1.,0.));
#6910=DIRECTION('',(0.692724353509599,0.,-0.721202447343815));
#6911=DIRECTION('',(0.,-1.,0.));
#6912=DIRECTION('center_axis',(0.,1.,0.));
#6913=DIRECTION('ref_axis',(0.822983865893656,0.,0.568064746731156));
#6914=DIRECTION('center_axis',(0.,-1.,0.));
#6915=DIRECTION('ref_axis',(0.499999999999999,0.,-0.866025403784439));
#6916=DIRECTION('',(0.568064746731156,0.,-0.822983865893656));
#6917=DIRECTION('center_axis',(0.,1.,0.));
#6918=DIRECTION('ref_axis',(0.499999999999999,0.,-0.866025403784439));
#6919=DIRECTION('',(-0.568064746731156,0.,0.822983865893656));
#6920=DIRECTION('center_axis',(-0.822983865893657,0.,-0.568064746731156));
#6921=DIRECTION('ref_axis',(-0.568064746731156,0.,0.822983865893656));
#6922=DIRECTION('',(0.,-1.,0.));
#6923=DIRECTION('',(0.,1.,0.));
#6924=DIRECTION('',(-0.568064746731156,0.,0.822983865893656));
#6925=DIRECTION('center_axis',(0.822983865893657,0.,0.568064746731156));
#6926=DIRECTION('ref_axis',(0.568064746731156,0.,-0.822983865893656));
#6927=DIRECTION('',(0.,1.,0.));
#6928=DIRECTION('',(0.568064746731156,0.,-0.822983865893656));
#6929=DIRECTION('',(0.,-1.,0.));
#6930=DIRECTION('center_axis',(0.,1.,0.));
#6931=DIRECTION('ref_axis',(0.903450434610382,0.,0.428692561403054));
#6932=DIRECTION('center_axis',(0.,-1.,0.));
#6933=DIRECTION('ref_axis',(0.499999999999999,0.,-0.866025403784439));
#6934=DIRECTION('',(0.428692561403054,0.,-0.903450434610382));
#6935=DIRECTION('center_axis',(0.,1.,0.));
#6936=DIRECTION('ref_axis',(0.499999999999999,0.,-0.866025403784439));
#6937=DIRECTION('',(-0.428692561403054,0.,0.903450434610382));
#6938=DIRECTION('center_axis',(-0.903450434610382,0.,-0.428692561403054));
#6939=DIRECTION('ref_axis',(-0.428692561403054,0.,0.903450434610382));
#6940=DIRECTION('',(0.,-1.,0.));
#6941=DIRECTION('',(0.,1.,0.));
#6942=DIRECTION('',(-0.428692561403054,0.,0.903450434610382));
#6943=DIRECTION('center_axis',(0.903450434610382,0.,0.428692561403054));
#6944=DIRECTION('ref_axis',(0.428692561403054,0.,-0.903450434610382));
#6945=DIRECTION('',(0.,1.,0.));
#6946=DIRECTION('',(0.428692561403054,0.,-0.903450434610382));
#6947=DIRECTION('',(0.,-1.,0.));
#6948=DIRECTION('center_axis',(0.,1.,0.));
#6949=DIRECTION('ref_axis',(0.960518111631372,0.,0.278217463916452));
#6950=DIRECTION('center_axis',(0.,-1.,0.));
#6951=DIRECTION('ref_axis',(0.499999999999999,0.,-0.866025403784439));
#6952=DIRECTION('',(0.278217463916452,0.,-0.960518111631372));
#6953=DIRECTION('center_axis',(0.,1.,0.));
#6954=DIRECTION('ref_axis',(0.499999999999999,0.,-0.866025403784439));
#6955=DIRECTION('',(-0.278217463916452,0.,0.960518111631372));
#6956=DIRECTION('center_axis',(-0.960518111631373,0.,-0.278217463916452));
#6957=DIRECTION('ref_axis',(-0.278217463916452,0.,0.960518111631372));
#6958=DIRECTION('',(0.,-1.,0.));
#6959=DIRECTION('',(0.,1.,0.));
#6960=DIRECTION('',(-0.278217463916452,0.,0.960518111631372));
#6961=DIRECTION('center_axis',(0.960518111631373,0.,0.278217463916452));
#6962=DIRECTION('ref_axis',(0.278217463916452,0.,-0.960518111631372));
#6963=DIRECTION('',(0.,1.,0.));
#6964=DIRECTION('',(0.278217463916452,0.,-0.960518111631372));
#6965=DIRECTION('',(0.,-1.,0.));
#6966=DIRECTION('center_axis',(0.,1.,0.));
#6967=DIRECTION('ref_axis',(0.992708874098054,0.,0.120536680255322));
#6968=DIRECTION('center_axis',(0.,-1.,0.));
#6969=DIRECTION('ref_axis',(0.499999999999999,0.,-0.866025403784439));
#6970=DIRECTION('',(0.120536680255322,0.,-0.992708874098054));
#6971=DIRECTION('center_axis',(0.,1.,0.));
#6972=DIRECTION('ref_axis',(0.499999999999999,0.,-0.866025403784439));
#6973=DIRECTION('',(-0.120536680255322,0.,0.992708874098054));
#6974=DIRECTION('center_axis',(-0.992708874098054,0.,-0.120536680255322));
#6975=DIRECTION('ref_axis',(-0.120536680255322,0.,0.992708874098054));
#6976=DIRECTION('',(0.,-1.,0.));
#6977=DIRECTION('',(0.,1.,0.));
#6978=DIRECTION('',(-0.120536680255322,0.,0.992708874098054));
#6979=DIRECTION('center_axis',(0.992708874098054,0.,0.120536680255322));
#6980=DIRECTION('ref_axis',(0.120536680255322,0.,-0.992708874098054));
#6981=DIRECTION('',(0.,1.,0.));
#6982=DIRECTION('',(0.120536680255322,0.,-0.992708874098054));
#6983=DIRECTION('',(0.,-1.,0.));
#6984=DIRECTION('center_axis',(0.,1.,0.));
#6985=DIRECTION('ref_axis',(0.99918899817157,0.,-0.0402659401094152));
#6986=DIRECTION('center_axis',(0.,-1.,0.));
#6987=DIRECTION('ref_axis',(0.499999999999999,0.,-0.866025403784439));
#6988=DIRECTION('',(-0.0402659401094151,0.,-0.99918899817157));
#6989=DIRECTION('center_axis',(0.,1.,0.));
#6990=DIRECTION('ref_axis',(0.499999999999999,0.,-0.866025403784439));
#6991=DIRECTION('',(0.040265940109415,0.,0.99918899817157));
#6992=DIRECTION('center_axis',(-0.99918899817157,0.,0.040265940109415));
#6993=DIRECTION('ref_axis',(0.040265940109415,0.,0.99918899817157));
#6994=DIRECTION('',(0.,-1.,0.));
#6995=DIRECTION('',(0.,1.,0.));
#6996=DIRECTION('',(0.040265940109415,0.,0.99918899817157));
#6997=DIRECTION('center_axis',(0.99918899817157,0.,-0.0402659401094151));
#6998=DIRECTION('ref_axis',(-0.0402659401094151,0.,-0.99918899817157));
#6999=DIRECTION('',(0.,1.,0.));
#7000=DIRECTION('',(-0.0402659401094151,0.,-0.99918899817157));
#7001=DIRECTION('',(0.,-1.,0.));
#7002=DIRECTION('center_axis',(0.,1.,0.));
#7003=DIRECTION('ref_axis',(0.979790652042268,0.,-0.200025693776045));
#7004=DIRECTION('center_axis',(0.,-1.,0.));
#7005=DIRECTION('ref_axis',(0.499999999999999,0.,-0.866025403784439));
#7006=DIRECTION('',(-0.200025693776045,0.,-0.979790652042268));
#7007=DIRECTION('center_axis',(0.,1.,0.));
#7008=DIRECTION('ref_axis',(0.499999999999999,0.,-0.866025403784439));
#7009=DIRECTION('',(0.200025693776044,0.,0.979790652042268));
#7010=DIRECTION('center_axis',(-0.979790652042268,0.,0.200025693776045));
#7011=DIRECTION('ref_axis',(0.200025693776044,0.,0.979790652042268));
#7012=DIRECTION('',(0.,-1.,0.));
#7013=DIRECTION('',(0.,1.,0.));
#7014=DIRECTION('',(0.200025693776044,0.,0.979790652042268));
#7015=DIRECTION('center_axis',(0.979790652042268,0.,-0.200025693776045));
#7016=DIRECTION('ref_axis',(-0.200025693776045,0.,-0.979790652042268));
#7017=DIRECTION('',(0.,1.,0.));
#7018=DIRECTION('',(-0.200025693776045,0.,-0.979790652042268));
#7019=DIRECTION('',(0.,-1.,0.));
#7020=DIRECTION('center_axis',(0.,1.,0.));
#7021=DIRECTION('ref_axis',(0.935016242685415,0.,-0.354604887042536));
#7022=DIRECTION('center_axis',(0.,-1.,0.));
#7023=DIRECTION('ref_axis',(0.499999999999999,0.,-0.866025403784439));
#7024=DIRECTION('',(-0.354604887042536,0.,-0.935016242685415));
#7025=DIRECTION('center_axis',(0.,1.,0.));
#7026=DIRECTION('ref_axis',(0.499999999999999,0.,-0.866025403784439));
#7027=DIRECTION('',(0.354604887042536,0.,0.935016242685415));
#7028=DIRECTION('center_axis',(-0.935016242685415,0.,0.354604887042536));
#7029=DIRECTION('ref_axis',(0.354604887042536,0.,0.935016242685415));
#7030=DIRECTION('',(0.,-1.,0.));
#7031=DIRECTION('',(0.,1.,0.));
#7032=DIRECTION('',(0.354604887042536,0.,0.935016242685415));
#7033=DIRECTION('center_axis',(0.935016242685415,0.,-0.354604887042536));
#7034=DIRECTION('ref_axis',(-0.354604887042536,0.,-0.935016242685415));
#7035=DIRECTION('',(0.,1.,0.));
#7036=DIRECTION('',(-0.354604887042536,0.,-0.935016242685415));
#7037=DIRECTION('',(0.,-1.,0.));
#7038=DIRECTION('center_axis',(0.,1.,0.));
#7039=DIRECTION('ref_axis',(0.866025403784438,0.,-0.5));
#7040=DIRECTION('center_axis',(0.,-1.,0.));
#7041=DIRECTION('ref_axis',(0.499999999999999,0.,-0.866025403784439));
#7042=DIRECTION('',(-0.5,0.,-0.866025403784438));
#7043=DIRECTION('center_axis',(0.,1.,0.));
#7044=DIRECTION('ref_axis',(0.499999999999999,0.,-0.866025403784439));
#7045=DIRECTION('',(0.5,0.,0.866025403784438));
#7046=DIRECTION('center_axis',(-0.866025403784438,0.,0.5));
#7047=DIRECTION('ref_axis',(0.5,0.,0.866025403784438));
#7048=DIRECTION('',(0.,-1.,0.));
#7049=DIRECTION('',(0.,1.,0.));
#7050=DIRECTION('',(0.5,0.,0.866025403784438));
#7051=DIRECTION('center_axis',(0.866025403784438,0.,-0.500000000000001));
#7052=DIRECTION('ref_axis',(-0.5,0.,-0.866025403784438));
#7053=DIRECTION('',(0.,1.,0.));
#7054=DIRECTION('',(-0.5,0.,-0.866025403784438));
#7055=DIRECTION('',(0.,-1.,0.));
#7056=DIRECTION('center_axis',(0.,1.,0.));
#7057=DIRECTION('ref_axis',(0.774604961827654,0.,-0.632445375595378));
#7058=DIRECTION('center_axis',(0.,-1.,0.));
#7059=DIRECTION('ref_axis',(0.499999999999999,0.,-0.866025403784439));
#7060=DIRECTION('',(-0.632445375595378,0.,-0.774604961827654));
#7061=DIRECTION('center_axis',(0.,1.,0.));
#7062=DIRECTION('ref_axis',(0.499999999999999,0.,-0.866025403784439));
#7063=DIRECTION('',(0.632445375595378,0.,0.774604961827654));
#7064=DIRECTION('center_axis',(-0.774604961827654,0.,0.632445375595378));
#7065=DIRECTION('ref_axis',(0.632445375595378,0.,0.774604961827654));
#7066=DIRECTION('',(0.,-1.,0.));
#7067=DIRECTION('',(0.,1.,0.));
#7068=DIRECTION('',(0.632445375595378,0.,0.774604961827654));
#7069=DIRECTION('center_axis',(0.774604961827654,0.,-0.632445375595378));
#7070=DIRECTION('ref_axis',(-0.632445375595378,0.,-0.774604961827654));
#7071=DIRECTION('',(0.,1.,0.));
#7072=DIRECTION('',(-0.632445375595378,0.,-0.774604961827654));
#7073=DIRECTION('',(0.,-1.,0.));
#7074=DIRECTION('center_axis',(0.,1.,0.));
#7075=DIRECTION('ref_axis',(0.663122658240795,0.,-0.748510748171101));
#7076=DIRECTION('center_axis',(0.,-1.,0.));
#7077=DIRECTION('ref_axis',(0.499999999999999,0.,-0.866025403784439));
#7078=DIRECTION('',(-0.748510748171101,0.,-0.663122658240795));
#7079=DIRECTION('center_axis',(0.,1.,0.));
#7080=DIRECTION('ref_axis',(0.499999999999999,0.,-0.866025403784439));
#7081=DIRECTION('',(0.748510748171101,0.,0.663122658240795));
#7082=DIRECTION('center_axis',(-0.663122658240795,0.,0.748510748171101));
#7083=DIRECTION('ref_axis',(0.748510748171101,0.,0.663122658240795));
#7084=DIRECTION('',(0.,-1.,0.));
#7085=DIRECTION('',(0.,1.,0.));
#7086=DIRECTION('',(0.748510748171101,0.,0.663122658240795));
#7087=DIRECTION('center_axis',(0.663122658240795,0.,-0.748510748171101));
#7088=DIRECTION('ref_axis',(-0.748510748171101,0.,-0.663122658240795));
#7089=DIRECTION('',(0.,1.,0.));
#7090=DIRECTION('',(-0.748510748171101,0.,-0.663122658240795));
#7091=DIRECTION('',(0.,-1.,0.));
#7092=DIRECTION('center_axis',(0.,1.,0.));
#7093=DIRECTION('ref_axis',(0.534465826127801,0.,-0.845190085543795));
#7094=DIRECTION('center_axis',(0.,-1.,0.));
#7095=DIRECTION('ref_axis',(0.499999999999999,0.,-0.866025403784439));
#7096=DIRECTION('',(-0.845190085543795,0.,-0.534465826127801));
#7097=DIRECTION('center_axis',(0.,1.,0.));
#7098=DIRECTION('ref_axis',(0.499999999999999,0.,-0.866025403784439));
#7099=DIRECTION('',(0.845190085543795,0.,0.534465826127801));
#7100=DIRECTION('center_axis',(-0.534465826127801,0.,0.845190085543795));
#7101=DIRECTION('ref_axis',(0.845190085543795,0.,0.534465826127801));
#7102=DIRECTION('',(0.,-1.,0.));
#7103=DIRECTION('',(0.,1.,0.));
#7104=DIRECTION('',(0.845190085543795,0.,0.534465826127801));
#7105=DIRECTION('center_axis',(0.534465826127801,0.,-0.845190085543795));
#7106=DIRECTION('ref_axis',(-0.845190085543795,0.,-0.534465826127801));
#7107=DIRECTION('',(0.,1.,0.));
#7108=DIRECTION('',(-0.845190085543795,0.,-0.534465826127801));
#7109=DIRECTION('',(0.,-1.,0.));
#7110=DIRECTION('center_axis',(0.,1.,0.));
#7111=DIRECTION('ref_axis',(0.391966609860075,0.,-0.919979443658824));
#7112=DIRECTION('center_axis',(0.,-1.,0.));
#7113=DIRECTION('ref_axis',(0.499999999999999,0.,-0.866025403784439));
#7114=DIRECTION('',(-0.919979443658824,0.,-0.391966609860075));
#7115=DIRECTION('center_axis',(0.,1.,0.));
#7116=DIRECTION('ref_axis',(0.499999999999999,0.,-0.866025403784439));
#7117=DIRECTION('',(0.919979443658824,0.,0.391966609860075));
#7118=DIRECTION('center_axis',(-0.391966609860075,0.,0.919979443658824));
#7119=DIRECTION('ref_axis',(0.919979443658824,0.,0.391966609860075));
#7120=DIRECTION('',(0.,-1.,0.));
#7121=DIRECTION('',(0.,1.,0.));
#7122=DIRECTION('',(0.919979443658824,0.,0.391966609860075));
#7123=DIRECTION('center_axis',(0.391966609860075,0.,-0.919979443658824));
#7124=DIRECTION('ref_axis',(-0.919979443658824,0.,-0.391966609860075));
#7125=DIRECTION('',(0.,1.,0.));
#7126=DIRECTION('',(-0.919979443658824,0.,-0.391966609860075));
#7127=DIRECTION('',(0.,-1.,0.));
#7128=DIRECTION('center_axis',(0.,1.,0.));
#7129=DIRECTION('ref_axis',(0.239315664287557,0.,-0.970941817426052));
#7130=DIRECTION('center_axis',(0.,-1.,0.));
#7131=DIRECTION('ref_axis',(0.499999999999999,0.,-0.866025403784439));
#7132=DIRECTION('',(-0.970941817426052,0.,-0.239315664287557));
#7133=DIRECTION('center_axis',(0.,1.,0.));
#7134=DIRECTION('ref_axis',(0.499999999999999,0.,-0.866025403784439));
#7135=DIRECTION('',(0.970941817426052,0.,0.239315664287558));
#7136=DIRECTION('center_axis',(-0.239315664287558,0.,0.970941817426052));
#7137=DIRECTION('ref_axis',(0.970941817426052,0.,0.239315664287558));
#7138=DIRECTION('',(0.,-1.,0.));
#7139=DIRECTION('',(0.,1.,0.));
#7140=DIRECTION('',(0.970941817426052,0.,0.239315664287558));
#7141=DIRECTION('center_axis',(0.239315664287557,0.,-0.970941817426052));
#7142=DIRECTION('ref_axis',(-0.970941817426052,0.,-0.239315664287557));
#7143=DIRECTION('',(0.,1.,0.));
#7144=DIRECTION('',(-0.970941817426052,0.,-0.239315664287557));
#7145=DIRECTION('',(0.,-1.,0.));
#7146=DIRECTION('center_axis',(0.,1.,0.));
#7147=DIRECTION('ref_axis',(0.0804665687167254,0.,-0.99675730813421));
#7148=DIRECTION('center_axis',(0.,-1.,0.));
#7149=DIRECTION('ref_axis',(0.499999999999999,0.,-0.866025403784439));
#7150=DIRECTION('',(-0.99675730813421,0.,-0.0804665687167254));
#7151=DIRECTION('center_axis',(0.,1.,0.));
#7152=DIRECTION('ref_axis',(0.499999999999999,0.,-0.866025403784439));
#7153=DIRECTION('',(0.99675730813421,0.,0.0804665687167255));
#7154=DIRECTION('center_axis',(-0.0804665687167255,0.,0.99675730813421));
#7155=DIRECTION('ref_axis',(0.99675730813421,0.,0.0804665687167255));
#7156=DIRECTION('',(0.,-1.,0.));
#7157=DIRECTION('',(0.,1.,0.));
#7158=DIRECTION('',(0.99675730813421,0.,0.0804665687167255));
#7159=DIRECTION('center_axis',(0.0804665687167254,0.,-0.99675730813421));
#7160=DIRECTION('ref_axis',(-0.99675730813421,0.,-0.0804665687167254));
#7161=DIRECTION('',(0.,1.,0.));
#7162=DIRECTION('',(-0.99675730813421,0.,-0.0804665687167254));
#7163=DIRECTION('',(0.,-1.,0.));
#7164=DIRECTION('center_axis',(0.,1.,0.));
#7165=DIRECTION('ref_axis',(-0.0804665687167261,0.,-0.99675730813421));
#7166=DIRECTION('center_axis',(0.,-1.,0.));
#7167=DIRECTION('ref_axis',(0.499999999999999,0.,-0.866025403784439));
#7168=DIRECTION('',(-0.99675730813421,0.,0.0804665687167261));
#7169=DIRECTION('center_axis',(0.,1.,0.));
#7170=DIRECTION('ref_axis',(0.499999999999999,0.,-0.866025403784439));
#7171=DIRECTION('',(0.99675730813421,0.,-0.080466568716726));
#7172=DIRECTION('center_axis',(0.080466568716726,0.,0.99675730813421));
#7173=DIRECTION('ref_axis',(0.99675730813421,0.,-0.080466568716726));
#7174=DIRECTION('',(0.,-1.,0.));
#7175=DIRECTION('',(0.,1.,0.));
#7176=DIRECTION('',(0.99675730813421,0.,-0.080466568716726));
#7177=DIRECTION('center_axis',(-0.0804665687167261,0.,-0.99675730813421));
#7178=DIRECTION('ref_axis',(-0.99675730813421,0.,0.0804665687167261));
#7179=DIRECTION('',(0.,1.,0.));
#7180=DIRECTION('',(-0.99675730813421,0.,0.0804665687167261));
#7181=DIRECTION('',(0.,-1.,0.));
#7182=DIRECTION('center_axis',(0.,1.,0.));
#7183=DIRECTION('ref_axis',(-0.239315664287558,0.,-0.970941817426052));
#7184=DIRECTION('center_axis',(0.,-1.,0.));
#7185=DIRECTION('ref_axis',(0.499999999999999,0.,-0.866025403784439));
#7186=DIRECTION('',(-0.970941817426052,0.,0.239315664287558));
#7187=DIRECTION('center_axis',(0.,1.,0.));
#7188=DIRECTION('ref_axis',(0.499999999999999,0.,-0.866025403784439));
#7189=DIRECTION('',(0.970941817426052,0.,-0.239315664287558));
#7190=DIRECTION('center_axis',(0.239315664287558,0.,0.970941817426052));
#7191=DIRECTION('ref_axis',(0.970941817426052,0.,-0.239315664287558));
#7192=DIRECTION('',(0.,-1.,0.));
#7193=DIRECTION('',(0.,1.,0.));
#7194=DIRECTION('',(0.970941817426052,0.,-0.239315664287558));
#7195=DIRECTION('center_axis',(-0.239315664287558,0.,-0.970941817426052));
#7196=DIRECTION('ref_axis',(-0.970941817426052,0.,0.239315664287558));
#7197=DIRECTION('',(0.,1.,0.));
#7198=DIRECTION('',(-0.970941817426052,0.,0.239315664287558));
#7199=DIRECTION('',(0.,-1.,0.));
#7200=DIRECTION('center_axis',(0.,1.,0.));
#7201=DIRECTION('ref_axis',(-0.391966609860075,0.,-0.919979443658824));
#7202=DIRECTION('center_axis',(0.,-1.,0.));
#7203=DIRECTION('ref_axis',(0.499999999999999,0.,-0.866025403784439));
#7204=DIRECTION('',(-0.919979443658824,0.,0.391966609860075));
#7205=DIRECTION('center_axis',(0.,1.,0.));
#7206=DIRECTION('ref_axis',(0.499999999999999,0.,-0.866025403784439));
#7207=DIRECTION('',(0.919979443658824,0.,-0.391966609860075));
#7208=DIRECTION('center_axis',(0.391966609860075,0.,0.919979443658824));
#7209=DIRECTION('ref_axis',(0.919979443658824,0.,-0.391966609860075));
#7210=DIRECTION('',(0.,-1.,0.));
#7211=DIRECTION('',(0.,1.,0.));
#7212=DIRECTION('',(0.919979443658824,0.,-0.391966609860075));
#7213=DIRECTION('center_axis',(-0.391966609860075,0.,-0.919979443658824));
#7214=DIRECTION('ref_axis',(-0.919979443658824,0.,0.391966609860075));
#7215=DIRECTION('',(0.,1.,0.));
#7216=DIRECTION('',(-0.919979443658824,0.,0.391966609860075));
#7217=DIRECTION('',(0.,-1.,0.));
#7218=DIRECTION('center_axis',(0.,1.,0.));
#7219=DIRECTION('ref_axis',(-0.534465826127801,0.,-0.845190085543794));
#7220=DIRECTION('center_axis',(0.,-1.,0.));
#7221=DIRECTION('ref_axis',(0.499999999999999,0.,-0.866025403784439));
#7222=DIRECTION('',(-0.845190085543794,0.,0.534465826127801));
#7223=DIRECTION('center_axis',(0.,1.,0.));
#7224=DIRECTION('ref_axis',(0.499999999999999,0.,-0.866025403784439));
#7225=DIRECTION('',(0.845190085543795,0.,-0.534465826127801));
#7226=DIRECTION('center_axis',(0.534465826127801,0.,0.845190085543795));
#7227=DIRECTION('ref_axis',(0.845190085543795,0.,-0.534465826127801));
#7228=DIRECTION('',(0.,-1.,0.));
#7229=DIRECTION('',(0.,1.,0.));
#7230=DIRECTION('',(0.845190085543795,0.,-0.534465826127801));
#7231=DIRECTION('center_axis',(-0.534465826127801,0.,-0.845190085543795));
#7232=DIRECTION('ref_axis',(-0.845190085543794,0.,0.534465826127801));
#7233=DIRECTION('',(0.,1.,0.));
#7234=DIRECTION('',(-0.845190085543795,0.,0.534465826127801));
#7235=DIRECTION('',(0.,-1.,0.));
#7236=DIRECTION('center_axis',(0.,1.,0.));
#7237=DIRECTION('ref_axis',(-0.663122658240796,0.,-0.748510748171101));
#7238=DIRECTION('center_axis',(0.,-1.,0.));
#7239=DIRECTION('ref_axis',(0.499999999999999,0.,-0.866025403784439));
#7240=DIRECTION('',(-0.748510748171101,0.,0.663122658240796));
#7241=DIRECTION('center_axis',(0.,1.,0.));
#7242=DIRECTION('ref_axis',(0.499999999999999,0.,-0.866025403784439));
#7243=DIRECTION('',(0.748510748171101,0.,-0.663122658240795));
#7244=DIRECTION('center_axis',(0.663122658240796,0.,0.748510748171101));
#7245=DIRECTION('ref_axis',(0.748510748171101,0.,-0.663122658240795));
#7246=DIRECTION('',(0.,-1.,0.));
#7247=DIRECTION('',(0.,1.,0.));
#7248=DIRECTION('',(0.748510748171101,0.,-0.663122658240795));
#7249=DIRECTION('center_axis',(-0.663122658240796,0.,-0.748510748171101));
#7250=DIRECTION('ref_axis',(-0.748510748171101,0.,0.663122658240796));
#7251=DIRECTION('',(0.,1.,0.));
#7252=DIRECTION('',(-0.748510748171101,0.,0.663122658240796));
#7253=DIRECTION('',(0.,-1.,0.));
#7254=DIRECTION('center_axis',(0.,1.,0.));
#7255=DIRECTION('ref_axis',(-0.774604961827655,0.,-0.632445375595377));
#7256=DIRECTION('center_axis',(0.,-1.,0.));
#7257=DIRECTION('ref_axis',(0.499999999999999,0.,-0.866025403784439));
#7258=DIRECTION('',(-0.632445375595377,0.,0.774604961827655));
#7259=DIRECTION('center_axis',(0.,1.,0.));
#7260=DIRECTION('ref_axis',(0.499999999999999,0.,-0.866025403784439));
#7261=DIRECTION('',(0.632445375595377,0.,-0.774604961827654));
#7262=DIRECTION('center_axis',(0.774604961827655,0.,0.632445375595377));
#7263=DIRECTION('ref_axis',(0.632445375595377,0.,-0.774604961827654));
#7264=DIRECTION('',(0.,-1.,0.));
#7265=DIRECTION('',(0.,1.,0.));
#7266=DIRECTION('',(0.632445375595377,0.,-0.774604961827654));
#7267=DIRECTION('center_axis',(-0.774604961827655,0.,-0.632445375595377));
#7268=DIRECTION('ref_axis',(-0.632445375595377,0.,0.774604961827655));
#7269=DIRECTION('',(0.,1.,0.));
#7270=DIRECTION('',(-0.632445375595377,0.,0.774604961827655));
#7271=DIRECTION('',(0.,-1.,0.));
#7272=DIRECTION('center_axis',(0.,1.,0.));
#7273=DIRECTION('ref_axis',(-0.866025403784439,0.,-0.5));
#7274=DIRECTION('center_axis',(0.,-1.,0.));
#7275=DIRECTION('ref_axis',(0.499999999999999,0.,-0.866025403784439));
#7276=DIRECTION('',(-0.5,0.,0.866025403784439));
#7277=DIRECTION('center_axis',(0.,1.,0.));
#7278=DIRECTION('ref_axis',(0.499999999999999,0.,-0.866025403784439));
#7279=DIRECTION('',(0.5,0.,-0.866025403784439));
#7280=DIRECTION('center_axis',(0.866025403784439,0.,0.5));
#7281=DIRECTION('ref_axis',(0.5,0.,-0.866025403784439));
#7282=DIRECTION('',(0.,-1.,0.));
#7283=DIRECTION('',(0.,1.,0.));
#7284=DIRECTION('',(0.5,0.,-0.866025403784439));
#7285=DIRECTION('center_axis',(-0.866025403784439,0.,-0.5));
#7286=DIRECTION('ref_axis',(-0.5,0.,0.866025403784439));
#7287=DIRECTION('',(0.,1.,0.));
#7288=DIRECTION('',(-0.5,0.,0.866025403784439));
#7289=DIRECTION('',(0.,-1.,0.));
#7290=DIRECTION('center_axis',(0.,1.,0.));
#7291=DIRECTION('ref_axis',(-0.935016242685415,0.,-0.354604887042535));
#7292=DIRECTION('center_axis',(0.,-1.,0.));
#7293=DIRECTION('ref_axis',(0.499999999999999,0.,-0.866025403784439));
#7294=DIRECTION('',(-0.354604887042536,0.,0.935016242685415));
#7295=DIRECTION('center_axis',(0.,1.,0.));
#7296=DIRECTION('ref_axis',(0.499999999999999,0.,-0.866025403784439));
#7297=DIRECTION('',(0.354604887042536,0.,-0.935016242685415));
#7298=DIRECTION('center_axis',(0.935016242685415,0.,0.354604887042536));
#7299=DIRECTION('ref_axis',(0.354604887042536,0.,-0.935016242685415));
#7300=DIRECTION('',(0.,-1.,0.));
#7301=DIRECTION('',(0.,1.,0.));
#7302=DIRECTION('',(0.354604887042536,0.,-0.935016242685415));
#7303=DIRECTION('center_axis',(-0.935016242685415,0.,-0.354604887042536));
#7304=DIRECTION('ref_axis',(-0.354604887042536,0.,0.935016242685415));
#7305=DIRECTION('',(0.,1.,0.));
#7306=DIRECTION('',(-0.354604887042536,0.,0.935016242685415));
#7307=DIRECTION('',(0.,-1.,0.));
#7308=DIRECTION('center_axis',(0.,1.,0.));
#7309=DIRECTION('ref_axis',(-0.979790652042268,0.,-0.200025693776044));
#7310=DIRECTION('center_axis',(0.,-1.,0.));
#7311=DIRECTION('ref_axis',(0.499999999999999,0.,-0.866025403784439));
#7312=DIRECTION('',(-0.200025693776044,0.,0.979790652042268));
#7313=DIRECTION('center_axis',(0.,1.,0.));
#7314=DIRECTION('ref_axis',(0.499999999999999,0.,-0.866025403784439));
#7315=DIRECTION('',(0.200025693776045,0.,-0.979790652042268));
#7316=DIRECTION('center_axis',(0.979790652042268,0.,0.200025693776045));
#7317=DIRECTION('ref_axis',(0.200025693776045,0.,-0.979790652042268));
#7318=DIRECTION('',(0.,-1.,0.));
#7319=DIRECTION('',(0.,1.,0.));
#7320=DIRECTION('',(0.200025693776044,0.,-0.979790652042268));
#7321=DIRECTION('center_axis',(-0.979790652042268,0.,-0.200025693776044));
#7322=DIRECTION('ref_axis',(-0.200025693776044,0.,0.979790652042268));
#7323=DIRECTION('',(0.,1.,0.));
#7324=DIRECTION('',(-0.200025693776044,0.,0.979790652042268));
#7325=DIRECTION('',(0.,-1.,0.));
#7326=DIRECTION('center_axis',(0.,1.,0.));
#7327=DIRECTION('ref_axis',(-0.99918899817157,0.,-0.0402659401094149));
#7328=DIRECTION('center_axis',(0.,-1.,0.));
#7329=DIRECTION('ref_axis',(0.499999999999999,0.,-0.866025403784439));
#7330=DIRECTION('',(-0.0402659401094149,0.,0.99918899817157));
#7331=DIRECTION('center_axis',(0.,1.,0.));
#7332=DIRECTION('ref_axis',(0.499999999999999,0.,-0.866025403784439));
#7333=DIRECTION('',(0.040265940109415,0.,-0.99918899817157));
#7334=DIRECTION('center_axis',(0.99918899817157,0.,0.0402659401094151));
#7335=DIRECTION('ref_axis',(0.040265940109415,0.,-0.99918899817157));
#7336=DIRECTION('',(0.,-1.,0.));
#7337=DIRECTION('',(0.,1.,0.));
#7338=DIRECTION('',(0.040265940109415,0.,-0.99918899817157));
#7339=DIRECTION('center_axis',(-0.99918899817157,0.,-0.0402659401094149));
#7340=DIRECTION('ref_axis',(-0.0402659401094149,0.,0.99918899817157));
#7341=DIRECTION('',(0.,1.,0.));
#7342=DIRECTION('',(-0.0402659401094149,0.,0.99918899817157));
#7343=DIRECTION('',(0.,-1.,0.));
#7344=DIRECTION('center_axis',(0.,1.,0.));
#7345=DIRECTION('ref_axis',(-0.992708874098054,0.,0.120536680255323));
#7346=DIRECTION('center_axis',(0.,-1.,0.));
#7347=DIRECTION('ref_axis',(0.499999999999999,0.,-0.866025403784439));
#7348=DIRECTION('',(0.120536680255323,0.,0.992708874098054));
#7349=DIRECTION('center_axis',(0.,1.,0.));
#7350=DIRECTION('ref_axis',(0.499999999999999,0.,-0.866025403784439));
#7351=DIRECTION('',(-0.120536680255323,0.,-0.992708874098054));
#7352=DIRECTION('center_axis',(0.992708874098054,0.,-0.120536680255323));
#7353=DIRECTION('ref_axis',(-0.120536680255323,0.,-0.992708874098054));
#7354=DIRECTION('',(0.,-1.,0.));
#7355=DIRECTION('',(0.,1.,0.));
#7356=DIRECTION('',(-0.120536680255323,0.,-0.992708874098054));
#7357=DIRECTION('center_axis',(-0.992708874098054,0.,0.120536680255323));
#7358=DIRECTION('ref_axis',(0.120536680255323,0.,0.992708874098054));
#7359=DIRECTION('',(0.,1.,0.));
#7360=DIRECTION('',(0.120536680255323,0.,0.992708874098054));
#7361=DIRECTION('',(0.,-1.,0.));
#7362=DIRECTION('center_axis',(0.,1.,0.));
#7363=DIRECTION('ref_axis',(-0.960518111631372,0.,0.278217463916453));
#7364=DIRECTION('center_axis',(0.,-1.,0.));
#7365=DIRECTION('ref_axis',(0.499999999999999,0.,-0.866025403784439));
#7366=DIRECTION('',(0.278217463916453,0.,0.960518111631372));
#7367=DIRECTION('center_axis',(0.,1.,0.));
#7368=DIRECTION('ref_axis',(0.499999999999999,0.,-0.866025403784439));
#7369=DIRECTION('',(-0.278217463916453,0.,-0.960518111631372));
#7370=DIRECTION('center_axis',(0.960518111631372,0.,-0.278217463916453));
#7371=DIRECTION('ref_axis',(-0.278217463916453,0.,-0.960518111631372));
#7372=DIRECTION('',(0.,-1.,0.));
#7373=DIRECTION('',(0.,1.,0.));
#7374=DIRECTION('',(-0.278217463916453,0.,-0.960518111631372));
#7375=DIRECTION('center_axis',(-0.960518111631372,0.,0.278217463916453));
#7376=DIRECTION('ref_axis',(0.278217463916453,0.,0.960518111631372));
#7377=DIRECTION('',(0.,1.,0.));
#7378=DIRECTION('',(0.278217463916453,0.,0.960518111631372));
#7379=DIRECTION('',(0.,-1.,0.));
#7380=DIRECTION('center_axis',(0.,1.,0.));
#7381=DIRECTION('ref_axis',(-0.903450434610382,0.,0.428692561403054));
#7382=DIRECTION('center_axis',(0.,-1.,0.));
#7383=DIRECTION('ref_axis',(0.499999999999999,0.,-0.866025403784439));
#7384=DIRECTION('',(0.428692561403054,0.,0.903450434610382));
#7385=DIRECTION('center_axis',(0.,1.,0.));
#7386=DIRECTION('ref_axis',(0.499999999999999,0.,-0.866025403784439));
#7387=DIRECTION('',(-0.428692561403054,0.,-0.903450434610382));
#7388=DIRECTION('center_axis',(0.903450434610382,0.,-0.428692561403054));
#7389=DIRECTION('ref_axis',(-0.428692561403054,0.,-0.903450434610382));
#7390=DIRECTION('',(0.,-1.,0.));
#7391=DIRECTION('',(0.,1.,0.));
#7392=DIRECTION('',(-0.428692561403054,0.,-0.903450434610382));
#7393=DIRECTION('center_axis',(-0.903450434610382,0.,0.428692561403054));
#7394=DIRECTION('ref_axis',(0.428692561403054,0.,0.903450434610382));
#7395=DIRECTION('',(0.,1.,0.));
#7396=DIRECTION('',(0.428692561403054,0.,0.903450434610382));
#7397=DIRECTION('',(0.,-1.,0.));
#7398=DIRECTION('center_axis',(0.,1.,0.));
#7399=DIRECTION('ref_axis',(-0.822983865893656,0.,0.568064746731156));
#7400=DIRECTION('center_axis',(0.,-1.,0.));
#7401=DIRECTION('ref_axis',(0.499999999999999,0.,-0.866025403784439));
#7402=DIRECTION('',(0.568064746731156,0.,0.822983865893656));
#7403=DIRECTION('center_axis',(0.,1.,0.));
#7404=DIRECTION('ref_axis',(0.499999999999999,0.,-0.866025403784439));
#7405=DIRECTION('',(-0.568064746731156,0.,-0.822983865893656));
#7406=DIRECTION('center_axis',(0.822983865893656,0.,-0.568064746731156));
#7407=DIRECTION('ref_axis',(-0.568064746731156,0.,-0.822983865893656));
#7408=DIRECTION('',(0.,-1.,0.));
#7409=DIRECTION('',(0.,1.,0.));
#7410=DIRECTION('',(-0.568064746731156,0.,-0.822983865893656));
#7411=DIRECTION('center_axis',(-0.822983865893656,0.,0.568064746731156));
#7412=DIRECTION('ref_axis',(0.568064746731156,0.,0.822983865893656));
#7413=DIRECTION('',(0.,1.,0.));
#7414=DIRECTION('',(0.568064746731156,0.,0.822983865893656));
#7415=DIRECTION('',(0.,-1.,0.));
#7416=DIRECTION('center_axis',(0.,1.,0.));
#7417=DIRECTION('ref_axis',(-0.721202447343814,0.,0.692724353509599));
#7418=DIRECTION('center_axis',(0.,-1.,0.));
#7419=DIRECTION('ref_axis',(0.499999999999999,0.,-0.866025403784439));
#7420=DIRECTION('',(0.692724353509599,0.,0.721202447343814));
#7421=DIRECTION('center_axis',(0.,1.,0.));
#7422=DIRECTION('ref_axis',(0.499999999999999,0.,-0.866025403784439));
#7423=DIRECTION('',(-0.692724353509599,0.,-0.721202447343815));
#7424=DIRECTION('center_axis',(0.721202447343815,0.,-0.692724353509599));
#7425=DIRECTION('ref_axis',(-0.692724353509599,0.,-0.721202447343815));
#7426=DIRECTION('',(0.,-1.,0.));
#7427=DIRECTION('',(0.,1.,0.));
#7428=DIRECTION('',(-0.692724353509599,0.,-0.721202447343815));
#7429=DIRECTION('center_axis',(-0.721202447343815,0.,0.692724353509599));
#7430=DIRECTION('ref_axis',(0.692724353509599,0.,0.721202447343814));
#7431=DIRECTION('',(0.,1.,0.));
#7432=DIRECTION('',(0.692724353509599,0.,0.721202447343815));
#7433=DIRECTION('',(0.,-1.,0.));
#7434=DIRECTION('center_axis',(0.,1.,0.));
#7435=DIRECTION('ref_axis',(-0.600742264237979,0.,0.799442763403501));
#7436=DIRECTION('center_axis',(0.,-1.,0.));
#7437=DIRECTION('ref_axis',(0.499999999999999,0.,-0.866025403784439));
#7438=DIRECTION('',(0.799442763403501,0.,0.600742264237979));
#7439=DIRECTION('center_axis',(0.,1.,0.));
#7440=DIRECTION('ref_axis',(0.499999999999999,0.,-0.866025403784439));
#7441=DIRECTION('',(-0.799442763403501,0.,-0.600742264237979));
#7442=DIRECTION('center_axis',(0.600742264237979,0.,-0.799442763403501));
#7443=DIRECTION('ref_axis',(-0.799442763403501,0.,-0.600742264237979));
#7444=DIRECTION('',(0.,-1.,0.));
#7445=DIRECTION('',(0.,1.,0.));
#7446=DIRECTION('',(-0.799442763403501,0.,-0.600742264237979));
#7447=DIRECTION('center_axis',(-0.600742264237979,0.,0.799442763403501));
#7448=DIRECTION('ref_axis',(0.799442763403501,0.,0.600742264237979));
#7449=DIRECTION('',(0.,1.,0.));
#7450=DIRECTION('',(0.799442763403501,0.,0.600742264237979));
#7451=DIRECTION('',(0.,-1.,0.));
#7452=DIRECTION('center_axis',(0.,1.,0.));
#7453=DIRECTION('ref_axis',(-0.464723172043769,0.,0.88545602565321));
#7454=DIRECTION('center_axis',(0.,-1.,0.));
#7455=DIRECTION('ref_axis',(0.499999999999999,0.,-0.866025403784439));
#7456=DIRECTION('',(0.88545602565321,0.,0.464723172043769));
#7457=DIRECTION('center_axis',(0.,1.,0.));
#7458=DIRECTION('ref_axis',(0.499999999999999,0.,-0.866025403784439));
#7459=DIRECTION('',(-0.88545602565321,0.,-0.464723172043769));
#7460=DIRECTION('center_axis',(0.464723172043769,0.,-0.88545602565321));
#7461=DIRECTION('ref_axis',(-0.88545602565321,0.,-0.464723172043769));
#7462=DIRECTION('',(0.,-1.,0.));
#7463=DIRECTION('',(0.,1.,0.));
#7464=DIRECTION('',(-0.88545602565321,0.,-0.464723172043769));
#7465=DIRECTION('center_axis',(-0.464723172043769,0.,0.88545602565321));
#7466=DIRECTION('ref_axis',(0.88545602565321,0.,0.464723172043769));
#7467=DIRECTION('',(0.,1.,0.));
#7468=DIRECTION('',(0.88545602565321,0.,0.464723172043769));
#7469=DIRECTION('',(0.,-1.,0.));
#7470=DIRECTION('center_axis',(0.,1.,0.));
#7471=DIRECTION('ref_axis',(-0.316667993801473,0.,0.948536441947146));
#7472=DIRECTION('center_axis',(0.,-1.,0.));
#7473=DIRECTION('ref_axis',(0.499999999999999,0.,-0.866025403784439));
#7474=DIRECTION('',(0.948536441947146,0.,0.316667993801473));
#7475=DIRECTION('center_axis',(0.,1.,0.));
#7476=DIRECTION('ref_axis',(0.499999999999999,0.,-0.866025403784439));
#7477=DIRECTION('',(-0.948536441947146,0.,-0.316667993801473));
#7478=DIRECTION('center_axis',(0.316667993801473,0.,-0.948536441947145));
#7479=DIRECTION('ref_axis',(-0.948536441947146,0.,-0.316667993801473));
#7480=DIRECTION('',(0.,-1.,0.));
#7481=DIRECTION('',(0.,1.,0.));
#7482=DIRECTION('',(-0.948536441947146,0.,-0.316667993801473));
#7483=DIRECTION('center_axis',(-0.316667993801473,0.,0.948536441947146));
#7484=DIRECTION('ref_axis',(0.948536441947146,0.,0.316667993801473));
#7485=DIRECTION('',(0.,1.,0.));
#7486=DIRECTION('',(0.948536441947146,0.,0.316667993801473));
#7487=DIRECTION('',(0.,-1.,0.));
#7488=DIRECTION('center_axis',(0.,1.,0.));
#7489=DIRECTION('ref_axis',(-0.16041128085776,0.,0.987050262637913));
#7490=DIRECTION('center_axis',(0.,-1.,0.));
#7491=DIRECTION('ref_axis',(0.499999999999999,0.,-0.866025403784439));
#7492=DIRECTION('',(0.987050262637913,0.,0.16041128085776));
#7493=DIRECTION('center_axis',(0.,1.,0.));
#7494=DIRECTION('ref_axis',(0.499999999999999,0.,-0.866025403784439));
#7495=DIRECTION('',(-0.987050262637913,0.,-0.16041128085776));
#7496=DIRECTION('center_axis',(0.16041128085776,0.,-0.987050262637913));
#7497=DIRECTION('ref_axis',(-0.987050262637913,0.,-0.16041128085776));
#7498=DIRECTION('',(0.,-1.,0.));
#7499=DIRECTION('',(0.,1.,0.));
#7500=DIRECTION('',(-0.987050262637913,0.,-0.16041128085776));
#7501=DIRECTION('center_axis',(-0.16041128085776,0.,0.987050262637913));
#7502=DIRECTION('ref_axis',(0.987050262637913,0.,0.16041128085776));
#7503=DIRECTION('',(0.,1.,0.));
#7504=DIRECTION('',(0.987050262637913,0.,0.16041128085776));
#7505=DIRECTION('',(0.,-1.,0.));
#7506=DIRECTION('center_axis',(0.,-1.,0.));
#7507=DIRECTION('ref_axis',(0.499999999999999,0.,-0.866025403784439));
#7508=DIRECTION('center_axis',(0.,-1.,0.));
#7509=DIRECTION('ref_axis',(0.499999999999999,0.,-0.866025403784439));
#7510=DIRECTION('',(0.,1.,0.));
#7511=DIRECTION('center_axis',(0.,-1.,0.));
#7512=DIRECTION('ref_axis',(0.499999999999999,0.,-0.866025403784439));
#7513=DIRECTION('',(0.,-1.,0.));
#7514=DIRECTION('center_axis',(0.,-1.,0.));
#7515=DIRECTION('ref_axis',(0.499999999999999,0.,-0.866025403784439));
#7516=DIRECTION('center_axis',(0.,-1.,0.));
#7517=DIRECTION('ref_axis',(0.499999999999999,0.,-0.866025403784439));
#7518=DIRECTION('center_axis',(0.,-1.,0.));
#7519=DIRECTION('ref_axis',(0.499999999999999,0.,-0.866025403784439));
#7520=DIRECTION('center_axis',(0.,-1.,0.));
#7521=DIRECTION('ref_axis',(0.499999999999999,0.,-0.866025403784439));
#7522=DIRECTION('center_axis',(0.,-1.,0.));
#7523=DIRECTION('ref_axis',(0.499999999999999,0.,-0.866025403784439));
#7524=DIRECTION('center_axis',(0.,-1.,0.));
#7525=DIRECTION('ref_axis',(0.499999999999999,0.,-0.866025403784439));
#7526=DIRECTION('center_axis',(0.,-1.,0.));
#7527=DIRECTION('ref_axis',(0.499999999999999,0.,-0.866025403784439));
#7528=DIRECTION('center_axis',(0.,-1.,0.));
#7529=DIRECTION('ref_axis',(0.499999999999999,0.,-0.866025403784439));
#7530=DIRECTION('center_axis',(0.,-1.,0.));
#7531=DIRECTION('ref_axis',(0.499999999999999,0.,-0.866025403784439));
#7532=DIRECTION('center_axis',(0.,-1.,0.));
#7533=DIRECTION('ref_axis',(0.499999999999999,0.,-0.866025403784439));
#7534=DIRECTION('center_axis',(0.,-1.,0.));
#7535=DIRECTION('ref_axis',(0.499999999999999,0.,-0.866025403784439));
#7536=DIRECTION('center_axis',(0.,-1.,0.));
#7537=DIRECTION('ref_axis',(0.499999999999999,0.,-0.866025403784439));
#7538=DIRECTION('center_axis',(0.,-1.,0.));
#7539=DIRECTION('ref_axis',(0.499999999999999,0.,-0.866025403784439));
#7540=DIRECTION('center_axis',(0.,-1.,0.));
#7541=DIRECTION('ref_axis',(0.499999999999999,0.,-0.866025403784439));
#7542=DIRECTION('center_axis',(0.,-1.,0.));
#7543=DIRECTION('ref_axis',(0.499999999999999,0.,-0.866025403784439));
#7544=DIRECTION('center_axis',(0.,-1.,0.));
#7545=DIRECTION('ref_axis',(0.499999999999999,0.,-0.866025403784439));
#7546=DIRECTION('center_axis',(0.,-1.,0.));
#7547=DIRECTION('ref_axis',(0.499999999999999,0.,-0.866025403784439));
#7548=DIRECTION('center_axis',(0.,-1.,0.));
#7549=DIRECTION('ref_axis',(0.499999999999999,0.,-0.866025403784439));
#7550=DIRECTION('center_axis',(0.,-1.,0.));
#7551=DIRECTION('ref_axis',(0.499999999999999,0.,-0.866025403784439));
#7552=DIRECTION('center_axis',(0.,-1.,0.));
#7553=DIRECTION('ref_axis',(0.499999999999999,0.,-0.866025403784439));
#7554=DIRECTION('center_axis',(0.,-1.,0.));
#7555=DIRECTION('ref_axis',(0.499999999999999,0.,-0.866025403784439));
#7556=DIRECTION('center_axis',(0.,-1.,0.));
#7557=DIRECTION('ref_axis',(0.499999999999999,0.,-0.866025403784439));
#7558=DIRECTION('center_axis',(0.,-1.,0.));
#7559=DIRECTION('ref_axis',(0.499999999999999,0.,-0.866025403784439));
#7560=DIRECTION('center_axis',(0.,-1.,0.));
#7561=DIRECTION('ref_axis',(0.499999999999999,0.,-0.866025403784439));
#7562=DIRECTION('center_axis',(0.,-1.,0.));
#7563=DIRECTION('ref_axis',(0.499999999999999,0.,-0.866025403784439));
#7564=DIRECTION('center_axis',(0.,-1.,0.));
#7565=DIRECTION('ref_axis',(0.499999999999999,0.,-0.866025403784439));
#7566=DIRECTION('center_axis',(0.,-1.,0.));
#7567=DIRECTION('ref_axis',(0.499999999999999,0.,-0.866025403784439));
#7568=DIRECTION('center_axis',(0.,-1.,0.));
#7569=DIRECTION('ref_axis',(0.499999999999999,0.,-0.866025403784439));
#7570=DIRECTION('center_axis',(0.,-1.,0.));
#7571=DIRECTION('ref_axis',(0.499999999999999,0.,-0.866025403784439));
#7572=DIRECTION('center_axis',(0.,-1.,0.));
#7573=DIRECTION('ref_axis',(0.499999999999999,0.,-0.866025403784439));
#7574=DIRECTION('center_axis',(0.,-1.,0.));
#7575=DIRECTION('ref_axis',(0.499999999999999,0.,-0.866025403784439));
#7576=DIRECTION('center_axis',(0.,-1.,0.));
#7577=DIRECTION('ref_axis',(0.499999999999999,0.,-0.866025403784439));
#7578=DIRECTION('center_axis',(0.,-1.,0.));
#7579=DIRECTION('ref_axis',(0.499999999999999,0.,-0.866025403784439));
#7580=DIRECTION('',(0.,1.,0.));
#7581=DIRECTION('center_axis',(0.,-1.,0.));
#7582=DIRECTION('ref_axis',(0.692578306024204,0.,-0.721342699432554));
#7583=DIRECTION('',(0.,1.,0.));
#7584=DIRECTION('center_axis',(0.,-1.,0.));
#7585=DIRECTION('ref_axis',(-1.,0.,2.0231854662873E-16));
#7586=DIRECTION('',(0.,-1.,0.));
#7587=DIRECTION('center_axis',(0.,-1.,0.));
#7588=DIRECTION('ref_axis',(0.692578306024204,0.,-0.721342699432554));
#7589=DIRECTION('',(0.,1.,0.));
#7590=DIRECTION('center_axis',(0.,-1.,0.));
#7591=DIRECTION('ref_axis',(-0.5,0.,0.866025403784439));
#7592=DIRECTION('',(0.,-1.,0.));
#7593=DIRECTION('center_axis',(0.,-1.,0.));
#7594=DIRECTION('ref_axis',(0.692578306024204,0.,-0.721342699432554));
#7595=DIRECTION('',(0.,1.,0.));
#7596=DIRECTION('center_axis',(0.,-1.,0.));
#7597=DIRECTION('ref_axis',(-0.5,0.,0.866025403784439));
#7598=DIRECTION('',(0.,-1.,0.));
#7599=DIRECTION('center_axis',(0.,-1.,0.));
#7600=DIRECTION('ref_axis',(0.692578306024204,0.,-0.721342699432554));
#7601=DIRECTION('',(0.,1.,0.));
#7602=DIRECTION('center_axis',(0.,-1.,0.));
#7603=DIRECTION('ref_axis',(0.5,0.,0.866025403784438));
#7604=DIRECTION('',(0.,-1.,0.));
#7605=DIRECTION('center_axis',(0.,-1.,0.));
#7606=DIRECTION('ref_axis',(0.692578306024204,0.,-0.721342699432554));
#7607=DIRECTION('',(0.,1.,0.));
#7608=DIRECTION('center_axis',(0.,-1.,0.));
#7609=DIRECTION('ref_axis',(0.5,0.,0.866025403784438));
#7610=DIRECTION('',(0.,-1.,0.));
#7611=DIRECTION('center_axis',(0.,-1.,0.));
#7612=DIRECTION('ref_axis',(0.692578306024204,0.,-0.721342699432554));
#7613=DIRECTION('',(0.,1.,0.));
#7614=DIRECTION('center_axis',(0.,-1.,0.));
#7615=DIRECTION('ref_axis',(1.,0.,0.));
#7616=DIRECTION('',(0.,-1.,0.));
#7617=DIRECTION('center_axis',(0.,-1.,0.));
#7618=DIRECTION('ref_axis',(0.692578306024204,0.,-0.721342699432554));
#7619=DIRECTION('',(0.,1.,0.));
#7620=DIRECTION('center_axis',(0.,-1.,0.));
#7621=DIRECTION('ref_axis',(1.,0.,0.));
#7622=DIRECTION('',(0.,-1.,0.));
#7623=DIRECTION('center_axis',(0.,-1.,0.));
#7624=DIRECTION('ref_axis',(0.692578306024204,0.,-0.721342699432554));
#7625=DIRECTION('',(0.,1.,0.));
#7626=DIRECTION('center_axis',(0.,-1.,0.));
#7627=DIRECTION('ref_axis',(0.499999999999999,0.,-0.866025403784439));
#7628=DIRECTION('',(0.,-1.,0.));
#7629=DIRECTION('center_axis',(0.,-1.,0.));
#7630=DIRECTION('ref_axis',(0.692578306024204,0.,-0.721342699432554));
#7631=DIRECTION('',(0.,1.,0.));
#7632=DIRECTION('center_axis',(0.,-1.,0.));
#7633=DIRECTION('ref_axis',(0.499999999999999,0.,-0.866025403784439));
#7634=DIRECTION('',(0.,-1.,0.));
#7635=DIRECTION('center_axis',(0.,-1.,0.));
#7636=DIRECTION('ref_axis',(0.692578306024204,0.,-0.721342699432554));
#7637=DIRECTION('',(0.,1.,0.));
#7638=DIRECTION('center_axis',(0.,-1.,0.));
#7639=DIRECTION('ref_axis',(-0.5,0.,-0.866025403784438));
#7640=DIRECTION('',(0.,-1.,0.));
#7641=DIRECTION('center_axis',(0.,-1.,0.));
#7642=DIRECTION('ref_axis',(0.692578306024204,0.,-0.721342699432554));
#7643=DIRECTION('',(0.,1.,0.));
#7644=DIRECTION('center_axis',(0.,-1.,0.));
#7645=DIRECTION('ref_axis',(-0.5,0.,-0.866025403784438));
#7646=DIRECTION('',(0.,-1.,0.));
#7647=DIRECTION('center_axis',(0.,-1.,0.));
#7648=DIRECTION('ref_axis',(0.692578306024204,0.,-0.721342699432554));
#7649=DIRECTION('',(0.,1.,0.));
#7650=DIRECTION('center_axis',(0.,-1.,0.));
#7651=DIRECTION('ref_axis',(-1.,0.,2.0231854662873E-16));
#7652=DIRECTION('',(0.,-1.,0.));
#7653=DIRECTION('center_axis',(0.,-1.,0.));
#7654=DIRECTION('ref_axis',(0.692578306024204,0.,-0.721342699432554));
#7655=DIRECTION('center_axis',(0.,-1.,0.));
#7656=DIRECTION('ref_axis',(0.499999999999999,0.,-0.866025403784439));
#7657=DIRECTION('center_axis',(0.,-1.,0.));
#7658=DIRECTION('ref_axis',(0.499999999999999,0.,-0.866025403784439));
#7659=DIRECTION('center_axis',(0.,-1.,0.));
#7660=DIRECTION('ref_axis',(0.499999999999999,0.,-0.866025403784439));
#7661=DIRECTION('center_axis',(0.,-1.,0.));
#7662=DIRECTION('ref_axis',(0.499999999999999,0.,-0.866025403784439));
#7663=DIRECTION('center_axis',(0.,-1.,0.));
#7664=DIRECTION('ref_axis',(0.499999999999999,0.,-0.866025403784439));
#7665=DIRECTION('center_axis',(0.,-1.,0.));
#7666=DIRECTION('ref_axis',(0.499999999999999,0.,-0.866025403784439));
#7667=DIRECTION('center_axis',(0.,-1.,0.));
#7668=DIRECTION('ref_axis',(-0.866025403784439,0.,-0.499999999999999));
#7669=DIRECTION('center_axis',(0.,-1.,0.));
#7670=DIRECTION('ref_axis',(0.499999999999999,0.,-0.866025403784439));
#7671=DIRECTION('',(1.,0.,3.34955936707705E-17));
#7672=DIRECTION('center_axis',(0.,-1.,0.));
#7673=DIRECTION('ref_axis',(-0.866025403784439,0.,-0.499999999999999));
#7674=DIRECTION('',(-1.,0.,-1.33982374683082E-16));
#7675=DIRECTION('center_axis',(0.,-1.,0.));
#7676=DIRECTION('ref_axis',(0.499999999999999,0.,-0.866025403784439));
#7677=DIRECTION('center_axis',(0.,-1.,0.));
#7678=DIRECTION('ref_axis',(-0.866025403784439,0.,-0.499999999999999));
#7679=DIRECTION('center_axis',(0.,-1.,0.));
#7680=DIRECTION('ref_axis',(0.499999999999999,0.,-0.866025403784439));
#7681=DIRECTION('center_axis',(0.,-1.,0.));
#7682=DIRECTION('ref_axis',(-0.866025403784439,0.,-0.499999999999999));
#7683=DIRECTION('center_axis',(0.,-1.,0.));
#7684=DIRECTION('ref_axis',(0.499999999999999,0.,-0.866025403784439));
#7685=DIRECTION('center_axis',(0.,-1.,0.));
#7686=DIRECTION('ref_axis',(-0.866025403784439,0.,-0.499999999999999));
#7687=DIRECTION('center_axis',(0.,-1.,0.));
#7688=DIRECTION('ref_axis',(0.499999999999999,0.,-0.866025403784439));
#7689=DIRECTION('center_axis',(0.,-1.,0.));
#7690=DIRECTION('ref_axis',(-0.866025403784439,0.,-0.499999999999999));
#7691=DIRECTION('center_axis',(0.,-1.,0.));
#7692=DIRECTION('ref_axis',(0.499999999999999,0.,-0.866025403784439));
#7693=DIRECTION('center_axis',(0.,-1.,0.));
#7694=DIRECTION('ref_axis',(-0.866025403784439,0.,-0.499999999999999));
#7695=DIRECTION('center_axis',(0.,-1.,0.));
#7696=DIRECTION('ref_axis',(0.499999999999999,0.,-0.866025403784439));
#7697=DIRECTION('center_axis',(0.,-1.,0.));
#7698=DIRECTION('ref_axis',(-0.866025403784439,0.,-0.499999999999999));
#7699=DIRECTION('center_axis',(0.,-1.,0.));
#7700=DIRECTION('ref_axis',(0.499999999999999,0.,-0.866025403784439));
#7701=DIRECTION('center_axis',(0.,-1.,0.));
#7702=DIRECTION('ref_axis',(-0.866025403784439,0.,-0.499999999999999));
#7703=DIRECTION('center_axis',(0.,-1.,0.));
#7704=DIRECTION('ref_axis',(0.499999999999999,0.,-0.866025403784439));
#7705=DIRECTION('center_axis',(0.,-1.,0.));
#7706=DIRECTION('ref_axis',(-0.866025403784439,0.,-0.499999999999999));
#7707=DIRECTION('center_axis',(0.,-1.,0.));
#7708=DIRECTION('ref_axis',(0.499999999999999,0.,-0.866025403784439));
#7709=DIRECTION('center_axis',(0.,-1.,0.));
#7710=DIRECTION('ref_axis',(-0.866025403784439,0.,-0.499999999999999));
#7711=DIRECTION('center_axis',(0.,-1.,0.));
#7712=DIRECTION('ref_axis',(0.499999999999999,0.,-0.866025403784439));
#7713=DIRECTION('center_axis',(0.,-1.,0.));
#7714=DIRECTION('ref_axis',(-0.866025403784439,0.,-0.499999999999999));
#7715=DIRECTION('center_axis',(0.,-1.,0.));
#7716=DIRECTION('ref_axis',(0.499999999999999,0.,-0.866025403784439));
#7717=DIRECTION('center_axis',(0.,-1.,0.));
#7718=DIRECTION('ref_axis',(-0.866025403784439,0.,-0.499999999999999));
#7719=DIRECTION('center_axis',(0.,-1.,0.));
#7720=DIRECTION('ref_axis',(0.499999999999999,0.,-0.866025403784439));
#7721=DIRECTION('center_axis',(0.,-1.,0.));
#7722=DIRECTION('ref_axis',(-0.866025403784439,0.,-0.499999999999999));
#7723=DIRECTION('center_axis',(0.,-1.,0.));
#7724=DIRECTION('ref_axis',(0.499999999999999,0.,-0.866025403784439));
#7725=DIRECTION('center_axis',(0.,-1.,0.));
#7726=DIRECTION('ref_axis',(-0.866025403784439,0.,-0.499999999999999));
#7727=DIRECTION('center_axis',(0.,-1.,0.));
#7728=DIRECTION('ref_axis',(0.499999999999999,0.,-0.866025403784439));
#7729=DIRECTION('center_axis',(0.,-1.,0.));
#7730=DIRECTION('ref_axis',(-0.866025403784439,0.,-0.499999999999999));
#7731=DIRECTION('center_axis',(0.,-1.,0.));
#7732=DIRECTION('ref_axis',(0.499999999999999,0.,-0.866025403784439));
#7733=DIRECTION('center_axis',(0.,-1.,0.));
#7734=DIRECTION('ref_axis',(-0.866025403784439,0.,-0.499999999999999));
#7735=DIRECTION('center_axis',(0.,-1.,0.));
#7736=DIRECTION('ref_axis',(0.499999999999999,0.,-0.866025403784439));
#7737=DIRECTION('center_axis',(0.,-1.,0.));
#7738=DIRECTION('ref_axis',(-0.866025403784439,0.,-0.499999999999999));
#7739=DIRECTION('center_axis',(0.,-1.,0.));
#7740=DIRECTION('ref_axis',(0.499999999999999,0.,-0.866025403784439));
#7741=DIRECTION('center_axis',(0.,-1.,0.));
#7742=DIRECTION('ref_axis',(-0.866025403784439,0.,-0.499999999999999));
#7743=DIRECTION('center_axis',(0.,-1.,0.));
#7744=DIRECTION('ref_axis',(0.499999999999999,0.,-0.866025403784439));
#7745=DIRECTION('center_axis',(0.,-1.,0.));
#7746=DIRECTION('ref_axis',(-0.866025403784439,0.,-0.499999999999999));
#7747=DIRECTION('center_axis',(0.,-1.,0.));
#7748=DIRECTION('ref_axis',(0.499999999999999,0.,-0.866025403784439));
#7749=DIRECTION('center_axis',(0.,-1.,0.));
#7750=DIRECTION('ref_axis',(-0.866025403784439,0.,-0.499999999999999));
#7751=DIRECTION('center_axis',(0.,-1.,0.));
#7752=DIRECTION('ref_axis',(0.499999999999999,0.,-0.866025403784439));
#7753=DIRECTION('center_axis',(0.,-1.,0.));
#7754=DIRECTION('ref_axis',(-0.866025403784439,0.,-0.499999999999999));
#7755=DIRECTION('center_axis',(0.,-1.,0.));
#7756=DIRECTION('ref_axis',(0.499999999999999,0.,-0.866025403784439));
#7757=DIRECTION('center_axis',(0.,-1.,0.));
#7758=DIRECTION('ref_axis',(-0.866025403784439,0.,-0.499999999999999));
#7759=DIRECTION('center_axis',(0.,-1.,0.));
#7760=DIRECTION('ref_axis',(0.499999999999999,0.,-0.866025403784439));
#7761=DIRECTION('center_axis',(0.,-1.,0.));
#7762=DIRECTION('ref_axis',(-0.866025403784439,0.,-0.499999999999999));
#7763=DIRECTION('center_axis',(0.,-1.,0.));
#7764=DIRECTION('ref_axis',(0.499999999999999,0.,-0.866025403784439));
#7765=DIRECTION('center_axis',(0.,-1.,0.));
#7766=DIRECTION('ref_axis',(-0.866025403784439,0.,-0.499999999999999));
#7767=DIRECTION('center_axis',(0.,-1.,0.));
#7768=DIRECTION('ref_axis',(0.499999999999999,0.,-0.866025403784439));
#7769=DIRECTION('center_axis',(0.,-1.,0.));
#7770=DIRECTION('ref_axis',(-0.866025403784439,0.,-0.499999999999999));
#7771=DIRECTION('center_axis',(0.,-1.,0.));
#7772=DIRECTION('ref_axis',(0.499999999999999,0.,-0.866025403784439));
#7773=DIRECTION('center_axis',(0.,-1.,0.));
#7774=DIRECTION('ref_axis',(-0.866025403784439,0.,-0.499999999999999));
#7775=DIRECTION('center_axis',(0.,-1.,0.));
#7776=DIRECTION('ref_axis',(0.499999999999999,0.,-0.866025403784439));
#7777=DIRECTION('center_axis',(0.,-1.,0.));
#7778=DIRECTION('ref_axis',(-0.866025403784439,0.,-0.499999999999999));
#7779=DIRECTION('center_axis',(0.,-1.,0.));
#7780=DIRECTION('ref_axis',(0.499999999999999,0.,-0.866025403784439));
#7781=DIRECTION('center_axis',(0.,-1.,0.));
#7782=DIRECTION('ref_axis',(-0.866025403784439,0.,-0.499999999999999));
#7783=DIRECTION('center_axis',(0.,-1.,0.));
#7784=DIRECTION('ref_axis',(0.499999999999999,0.,-0.866025403784439));
#7785=DIRECTION('center_axis',(0.,-1.,0.));
#7786=DIRECTION('ref_axis',(-0.866025403784439,0.,-0.499999999999999));
#7787=DIRECTION('center_axis',(0.,-1.,0.));
#7788=DIRECTION('ref_axis',(0.499999999999999,0.,-0.866025403784439));
#7789=DIRECTION('center_axis',(0.,-1.,0.));
#7790=DIRECTION('ref_axis',(-0.866025403784439,0.,-0.499999999999999));
#7791=DIRECTION('center_axis',(0.,-1.,0.));
#7792=DIRECTION('ref_axis',(0.499999999999999,0.,-0.866025403784439));
#7793=DIRECTION('center_axis',(0.,-1.,0.));
#7794=DIRECTION('ref_axis',(-0.866025403784439,0.,-0.499999999999999));
#7795=DIRECTION('center_axis',(0.,-1.,0.));
#7796=DIRECTION('ref_axis',(0.499999999999999,0.,-0.866025403784439));
#7797=DIRECTION('center_axis',(0.,-1.,0.));
#7798=DIRECTION('ref_axis',(-0.866025403784439,0.,-0.499999999999999));
#7799=DIRECTION('center_axis',(0.,-1.,0.));
#7800=DIRECTION('ref_axis',(0.499999999999999,0.,-0.866025403784439));
#7801=DIRECTION('center_axis',(0.,-1.,0.));
#7802=DIRECTION('ref_axis',(-0.866025403784439,0.,-0.499999999999999));
#7803=DIRECTION('center_axis',(0.,-1.,0.));
#7804=DIRECTION('ref_axis',(0.499999999999999,0.,-0.866025403784439));
#7805=DIRECTION('center_axis',(0.,-1.,0.));
#7806=DIRECTION('ref_axis',(0.499999999999999,0.,-0.866025403784439));
#7807=DIRECTION('center_axis',(0.,-1.,0.));
#7808=DIRECTION('ref_axis',(-0.866025403784439,0.,-0.499999999999999));
#7809=DIRECTION('center_axis',(0.,-1.,0.));
#7810=DIRECTION('ref_axis',(0.499999999999999,0.,-0.866025403784439));
#7811=DIRECTION('center_axis',(0.,-1.,0.));
#7812=DIRECTION('ref_axis',(-0.866025403784439,0.,-0.499999999999999));
#7813=DIRECTION('center_axis',(0.,-1.,0.));
#7814=DIRECTION('ref_axis',(0.499999999999999,0.,-0.866025403784439));
#7815=DIRECTION('center_axis',(0.,-1.,0.));
#7816=DIRECTION('ref_axis',(-0.866025403784439,0.,-0.499999999999999));
#7817=DIRECTION('center_axis',(0.,-1.,0.));
#7818=DIRECTION('ref_axis',(0.499999999999999,0.,-0.866025403784439));
#7819=DIRECTION('center_axis',(0.,-1.,0.));
#7820=DIRECTION('ref_axis',(-0.866025403784439,0.,-0.499999999999999));
#7821=DIRECTION('center_axis',(0.,-1.,0.));
#7822=DIRECTION('ref_axis',(0.499999999999999,0.,-0.866025403784439));
#7823=DIRECTION('center_axis',(0.,-1.,0.));
#7824=DIRECTION('ref_axis',(0.,0.,-1.));
#7825=DIRECTION('center_axis',(0.,-1.,0.));
#7826=DIRECTION('ref_axis',(1.,0.,0.));
#7827=DIRECTION('center_axis',(0.,-1.,0.));
#7828=DIRECTION('ref_axis',(1.,0.,0.));
#7829=DIRECTION('center_axis',(0.,-1.,0.));
#7830=DIRECTION('ref_axis',(0.,0.,-1.));
#7831=DIRECTION('center_axis',(0.,1.,0.));
#7832=DIRECTION('ref_axis',(1.,0.,0.));
#7833=DIRECTION('',(0.5,0.,-0.866025403784439));
#7834=DIRECTION('center_axis',(0.,1.,0.));
#7835=DIRECTION('ref_axis',(0.880180253232241,0.,0.474639570432163));
#7836=DIRECTION('center_axis',(0.,-1.,0.));
#7837=DIRECTION('ref_axis',(-1.,0.,1.28721510101467E-16));
#7838=DIRECTION('center_axis',(0.,-1.,0.));
#7839=DIRECTION('ref_axis',(-0.869036772898142,0.,-0.494747498579612));
#7840=DIRECTION('center_axis',(0.,-1.,0.));
#7841=DIRECTION('ref_axis',(-1.,0.,1.28721510101467E-16));
#7842=DIRECTION('center_axis',(0.,1.,0.));
#7843=DIRECTION('ref_axis',(0.880180253232241,0.,0.474639570432163));
#7844=DIRECTION('',(-0.5,0.,0.866025403784439));
#7845=DIRECTION('center_axis',(0.,-1.,0.));
#7846=DIRECTION('ref_axis',(0.,0.,-1.));
#7847=DIRECTION('center_axis',(0.,1.,0.));
#7848=DIRECTION('ref_axis',(1.,0.,0.));
#7849=DIRECTION('center_axis',(0.,1.,0.));
#7850=DIRECTION('ref_axis',(1.,0.,0.));
#7851=DIRECTION('',(1.,0.,-3.88578058618805E-16));
#7852=DIRECTION('center_axis',(0.,1.,0.));
#7853=DIRECTION('ref_axis',(0.0290402009805348,0.,0.999578244424622));
#7854=DIRECTION('center_axis',(0.,-1.,0.));
#7855=DIRECTION('ref_axis',(-0.500000000000001,0.,-0.866025403784438));
#7856=DIRECTION('center_axis',(0.,-1.,0.));
#7857=DIRECTION('ref_axis',(-0.00605448422032171,0.,-0.999981671442445));
#7858=DIRECTION('center_axis',(0.,-1.,0.));
#7859=DIRECTION('ref_axis',(-0.500000000000001,0.,-0.866025403784438));
#7860=DIRECTION('center_axis',(0.,1.,0.));
#7861=DIRECTION('ref_axis',(0.0290402009805348,0.,0.999578244424622));
#7862=DIRECTION('',(-1.,0.,3.88578058618805E-16));
#7863=DIRECTION('center_axis',(0.,-1.,0.));
#7864=DIRECTION('ref_axis',(0.,0.,-1.));
#7865=DIRECTION('center_axis',(0.,1.,0.));
#7866=DIRECTION('ref_axis',(1.,0.,0.));
#7867=DIRECTION('',(0.500000000000001,0.,0.866025403784438));
#7868=DIRECTION('center_axis',(0.,1.,0.));
#7869=DIRECTION('ref_axis',(-0.851140052251706,0.,0.52493867399246));
#7870=DIRECTION('center_axis',(0.,-1.,0.));
#7871=DIRECTION('ref_axis',(0.499999999999999,0.,-0.866025403784439));
#7872=DIRECTION('center_axis',(0.,-1.,0.));
#7873=DIRECTION('ref_axis',(0.86298228867782,0.,-0.505234172862833));
#7874=DIRECTION('center_axis',(0.,-1.,0.));
#7875=DIRECTION('ref_axis',(0.499999999999999,0.,-0.866025403784439));
#7876=DIRECTION('center_axis',(0.,1.,0.));
#7877=DIRECTION('ref_axis',(-0.851140052251706,0.,0.52493867399246));
#7878=DIRECTION('',(-0.500000000000001,0.,-0.866025403784438));
#7879=DIRECTION('center_axis',(0.,-1.,0.));
#7880=DIRECTION('ref_axis',(0.,0.,-1.));
#7881=DIRECTION('center_axis',(0.,1.,0.));
#7882=DIRECTION('ref_axis',(1.,0.,0.));
#7883=DIRECTION('',(-0.5,0.,-0.866025403784439));
#7884=DIRECTION('center_axis',(0.,1.,0.));
#7885=DIRECTION('ref_axis',(0.851140052251707,0.,-0.52493867399246));
#7886=DIRECTION('center_axis',(0.,-1.,0.));
#7887=DIRECTION('ref_axis',(-0.5,0.,0.866025403784439));
#7888=DIRECTION('center_axis',(0.,-1.,0.));
#7889=DIRECTION('ref_axis',(-0.86298228867782,0.,0.505234172862833));
#7890=DIRECTION('center_axis',(0.,-1.,0.));
#7891=DIRECTION('ref_axis',(-0.5,0.,0.866025403784439));
#7892=DIRECTION('center_axis',(0.,1.,0.));
#7893=DIRECTION('ref_axis',(0.851140052251707,0.,-0.52493867399246));
#7894=DIRECTION('',(0.5,0.,0.866025403784439));
#7895=DIRECTION('center_axis',(0.,-1.,0.));
#7896=DIRECTION('ref_axis',(0.,0.,-1.));
#7897=DIRECTION('center_axis',(0.,1.,0.));
#7898=DIRECTION('ref_axis',(1.,0.,0.));
#7899=DIRECTION('',(-0.5,0.,0.866025403784439));
#7900=DIRECTION('center_axis',(0.,1.,0.));
#7901=DIRECTION('ref_axis',(-0.880180253232241,0.,-0.474639570432163));
#7902=DIRECTION('center_axis',(0.,-1.,0.));
#7903=DIRECTION('ref_axis',(1.,0.,0.));
#7904=DIRECTION('center_axis',(0.,-1.,0.));
#7905=DIRECTION('ref_axis',(0.869036772898142,0.,0.494747498579612));
#7906=DIRECTION('center_axis',(0.,-1.,0.));
#7907=DIRECTION('ref_axis',(1.,0.,0.));
#7908=DIRECTION('center_axis',(0.,1.,0.));
#7909=DIRECTION('ref_axis',(-0.880180253232241,0.,-0.474639570432163));
#7910=DIRECTION('',(0.5,0.,-0.866025403784439));
#7911=DIRECTION('center_axis',(0.,1.,0.));
#7912=DIRECTION('ref_axis',(0.,0.,1.));
#7913=DIRECTION('',(1.,0.,3.34955936707705E-17));
#7914=DIRECTION('center_axis',(0.,1.,0.));
#7915=DIRECTION('ref_axis',(0.499999999999999,0.,-0.866025403784439));
#7916=DIRECTION('',(-1.,0.,-1.33982374683082E-16));
#7917=DIRECTION('center_axis',(1.33982374683082E-16,0.,-1.));
#7918=DIRECTION('ref_axis',(-1.,0.,-1.33982374683082E-16));
#7919=DIRECTION('',(0.,1.,0.));
#7920=DIRECTION('center_axis',(-3.34955936707705E-17,0.,1.));
#7921=DIRECTION('ref_axis',(1.,0.,3.34955936707705E-17));
#7922=DIRECTION('',(0.,-1.,0.));
#7923=DIRECTION('center_axis',(0.,1.,0.));
#7924=DIRECTION('ref_axis',(-0.712311464052288,0.,-0.701863503951934));
#7925=DIRECTION('',(0.,1.,0.));
#7926=DIRECTION('center_axis',(0.,1.,0.));
#7927=DIRECTION('ref_axis',(0.717693644635946,0.,-0.696358982457448));
#7928=DIRECTION('',(0.,-1.,0.));
#7929=DIRECTION('center_axis',(0.,-1.,0.));
#7930=DIRECTION('ref_axis',(-0.712311464052288,0.,-0.701863503951934));
#7931=DIRECTION('center_axis',(0.,1.,0.));
#7932=DIRECTION('ref_axis',(-0.712311464052288,0.,-0.701863503951934));
#7933=DIRECTION('',(0.,-1.,0.));
#7934=DIRECTION('center_axis',(0.,-1.,0.));
#7935=DIRECTION('ref_axis',(-0.712311464052288,0.,-0.701863503951934));
#7936=DIRECTION('',(0.,1.,0.));
#7937=DIRECTION('center_axis',(0.,1.,0.));
#7938=DIRECTION('ref_axis',(0.717693644635946,0.,-0.696358982457448));
#7939=DIRECTION('center_axis',(0.,1.,0.));
#7940=DIRECTION('ref_axis',(-0.712311464052288,0.,-0.701863503951934));
#7941=DIRECTION('',(0.,1.,0.));
#7942=DIRECTION('center_axis',(0.,1.,0.));
#7943=DIRECTION('ref_axis',(0.717693644635946,0.,-0.696358982457448));
#7944=DIRECTION('',(0.,-1.,0.));
#7945=DIRECTION('center_axis',(0.,-1.,0.));
#7946=DIRECTION('ref_axis',(-0.712311464052288,0.,-0.701863503951934));
#7947=DIRECTION('center_axis',(0.,1.,0.));
#7948=DIRECTION('ref_axis',(-0.712311464052288,0.,-0.701863503951934));
#7949=DIRECTION('',(0.,-1.,0.));
#7950=DIRECTION('center_axis',(0.,-1.,0.));
#7951=DIRECTION('ref_axis',(-0.712311464052288,0.,-0.701863503951934));
#7952=DIRECTION('',(0.,1.,0.));
#7953=DIRECTION('center_axis',(0.,1.,0.));
#7954=DIRECTION('ref_axis',(0.717693644635946,0.,-0.696358982457448));
#7955=DIRECTION('center_axis',(0.,1.,0.));
#7956=DIRECTION('ref_axis',(-0.712311464052288,0.,-0.701863503951934));
#7957=DIRECTION('',(0.,1.,0.));
#7958=DIRECTION('center_axis',(0.,1.,0.));
#7959=DIRECTION('ref_axis',(0.717693644635946,0.,-0.696358982457448));
#7960=DIRECTION('',(0.,-1.,0.));
#7961=DIRECTION('center_axis',(0.,-1.,0.));
#7962=DIRECTION('ref_axis',(-0.712311464052288,0.,-0.701863503951934));
#7963=DIRECTION('center_axis',(0.,1.,0.));
#7964=DIRECTION('ref_axis',(-0.712311464052288,0.,-0.701863503951934));
#7965=DIRECTION('',(0.,-1.,0.));
#7966=DIRECTION('center_axis',(0.,-1.,0.));
#7967=DIRECTION('ref_axis',(-0.712311464052288,0.,-0.701863503951934));
#7968=DIRECTION('',(0.,1.,0.));
#7969=DIRECTION('center_axis',(0.,1.,0.));
#7970=DIRECTION('ref_axis',(0.717693644635946,0.,-0.696358982457448));
#7971=DIRECTION('center_axis',(0.,1.,0.));
#7972=DIRECTION('ref_axis',(-0.712311464052288,0.,-0.701863503951934));
#7973=DIRECTION('',(0.,1.,0.));
#7974=DIRECTION('center_axis',(0.,1.,0.));
#7975=DIRECTION('ref_axis',(0.717693644635946,0.,-0.696358982457448));
#7976=DIRECTION('',(0.,-1.,0.));
#7977=DIRECTION('center_axis',(0.,-1.,0.));
#7978=DIRECTION('ref_axis',(-0.712311464052288,0.,-0.701863503951934));
#7979=DIRECTION('center_axis',(0.,1.,0.));
#7980=DIRECTION('ref_axis',(-0.712311464052288,0.,-0.701863503951934));
#7981=DIRECTION('',(0.,-1.,0.));
#7982=DIRECTION('center_axis',(0.,-1.,0.));
#7983=DIRECTION('ref_axis',(-0.712311464052288,0.,-0.701863503951934));
#7984=DIRECTION('',(0.,1.,0.));
#7985=DIRECTION('center_axis',(0.,1.,0.));
#7986=DIRECTION('ref_axis',(0.717693644635946,0.,-0.696358982457448));
#7987=DIRECTION('center_axis',(0.,1.,0.));
#7988=DIRECTION('ref_axis',(-0.712311464052288,0.,-0.701863503951934));
#7989=DIRECTION('',(0.,1.,0.));
#7990=DIRECTION('center_axis',(0.,1.,0.));
#7991=DIRECTION('ref_axis',(0.717693644635946,0.,-0.696358982457448));
#7992=DIRECTION('',(0.,-1.,0.));
#7993=DIRECTION('center_axis',(0.,-1.,0.));
#7994=DIRECTION('ref_axis',(-0.712311464052288,0.,-0.701863503951934));
#7995=DIRECTION('center_axis',(0.,1.,0.));
#7996=DIRECTION('ref_axis',(-0.712311464052288,0.,-0.701863503951934));
#7997=DIRECTION('',(0.,-1.,0.));
#7998=DIRECTION('center_axis',(0.,-1.,0.));
#7999=DIRECTION('ref_axis',(-0.712311464052288,0.,-0.701863503951934));
#8000=DIRECTION('',(0.,1.,0.));
#8001=DIRECTION('center_axis',(0.,1.,0.));
#8002=DIRECTION('ref_axis',(0.717693644635946,0.,-0.696358982457448));
#8003=DIRECTION('center_axis',(0.,1.,0.));
#8004=DIRECTION('ref_axis',(-0.712311464052288,0.,-0.701863503951934));
#8005=DIRECTION('',(0.,1.,0.));
#8006=DIRECTION('center_axis',(0.,1.,0.));
#8007=DIRECTION('ref_axis',(0.717693644635946,0.,-0.696358982457448));
#8008=DIRECTION('center_axis',(0.,1.,0.));
#8009=DIRECTION('ref_axis',(0.717693644635946,0.,-0.696358982457448));
#8010=DIRECTION('',(0.,-1.,0.));
#8011=DIRECTION('center_axis',(0.,-1.,0.));
#8012=DIRECTION('ref_axis',(-0.712311464052288,0.,-0.701863503951934));
#8013=DIRECTION('center_axis',(0.,-1.,0.));
#8014=DIRECTION('ref_axis',(0.,0.,-1.));
#8015=DIRECTION('center_axis',(0.,1.,0.));
#8016=DIRECTION('ref_axis',(-0.851140052251706,0.,0.52493867399246));
#8017=DIRECTION('center_axis',(0.,1.,0.));
#8018=DIRECTION('ref_axis',(-0.880180253232241,0.,-0.474639570432163));
#8019=DIRECTION('center_axis',(0.,1.,0.));
#8020=DIRECTION('ref_axis',(0.712311464052288,0.,0.701863503951934));
#8021=DIRECTION('center_axis',(0.,-1.,0.));
#8022=DIRECTION('ref_axis',(0.,0.,-1.));
#8023=DIRECTION('center_axis',(0.,-1.,0.));
#8024=DIRECTION('ref_axis',(0.869036772898142,0.,0.494747498579612));
#8025=DIRECTION('center_axis',(0.,1.,0.));
#8026=DIRECTION('ref_axis',(0.712311464052288,0.,0.701863503951934));
#8027=DIRECTION('center_axis',(0.,-1.,0.));
#8028=DIRECTION('ref_axis',(0.869036772898142,0.,0.494747498579612));
#8029=DIRECTION('center_axis',(0.,-1.,0.));
#8030=DIRECTION('ref_axis',(0.,0.,-1.));
#8031=DIRECTION('center_axis',(0.,-1.,0.));
#8032=DIRECTION('ref_axis',(0.86298228867782,0.,-0.505234172862833));
#8033=DIRECTION('center_axis',(0.,-1.,0.));
#8034=DIRECTION('ref_axis',(0.86298228867782,0.,-0.505234172862833));
#8035=DIRECTION('center_axis',(0.,1.,0.));
#8036=DIRECTION('ref_axis',(0.712311464052288,0.,0.701863503951934));
#8037=DIRECTION('center_axis',(0.,-1.,0.));
#8038=DIRECTION('ref_axis',(0.,0.,-1.));
#8039=DIRECTION('center_axis',(0.,1.,0.));
#8040=DIRECTION('ref_axis',(-0.0290402009805344,0.,-0.999578244424622));
#8041=DIRECTION('center_axis',(0.,1.,0.));
#8042=DIRECTION('ref_axis',(0.712311464052288,0.,0.701863503951934));
#8043=DIRECTION('center_axis',(0.,1.,0.));
#8044=DIRECTION('ref_axis',(-0.880180253232241,0.,-0.474639570432163));
#8045=DIRECTION('center_axis',(0.,-1.,0.));
#8046=DIRECTION('ref_axis',(0.,0.,-1.));
#8047=DIRECTION('center_axis',(0.,1.,0.));
#8048=DIRECTION('ref_axis',(0.0290402009805348,0.,0.999578244424622));
#8049=DIRECTION('center_axis',(0.,1.,0.));
#8050=DIRECTION('ref_axis',(-0.851140052251706,0.,0.52493867399246));
#8051=DIRECTION('center_axis',(0.,1.,0.));
#8052=DIRECTION('ref_axis',(0.712311464052288,0.,0.701863503951934));
#8053=DIRECTION('center_axis',(0.,-1.,0.));
#8054=DIRECTION('ref_axis',(0.,0.,-1.));
#8055=DIRECTION('center_axis',(0.,-1.,0.));
#8056=DIRECTION('ref_axis',(0.00605448422032135,0.,0.999981671442445));
#8057=DIRECTION('center_axis',(0.,1.,0.));
#8058=DIRECTION('ref_axis',(0.712311464052288,0.,0.701863503951934));
#8059=DIRECTION('center_axis',(0.,1.,0.));
#8060=DIRECTION('ref_axis',(0.712311464052288,0.,0.701863503951934));
#8061=DIRECTION('center_axis',(0.,-1.,0.));
#8062=DIRECTION('ref_axis',(0.00605448422032135,0.,0.999981671442445));
#8063=DIRECTION('center_axis',(0.,-1.,0.));
#8064=DIRECTION('ref_axis',(0.,0.,-1.));
#8065=DIRECTION('center_axis',(0.,-1.,0.));
#8066=DIRECTION('ref_axis',(-0.00605448422032171,0.,-0.999981671442445));
#8067=DIRECTION('center_axis',(0.,-1.,0.));
#8068=DIRECTION('ref_axis',(-0.00605448422032171,0.,-0.999981671442445));
#8069=DIRECTION('center_axis',(0.,1.,0.));
#8070=DIRECTION('ref_axis',(0.712311464052288,0.,0.701863503951934));
#8071=DIRECTION('center_axis',(0.,-1.,0.));
#8072=DIRECTION('ref_axis',(0.,0.,-1.));
#8073=DIRECTION('center_axis',(0.,1.,0.));
#8074=DIRECTION('ref_axis',(0.851140052251707,0.,-0.52493867399246));
#8075=DIRECTION('center_axis',(0.,1.,0.));
#8076=DIRECTION('ref_axis',(0.712311464052288,0.,0.701863503951934));
#8077=DIRECTION('center_axis',(0.,1.,0.));
#8078=DIRECTION('ref_axis',(-0.0290402009805344,0.,-0.999578244424622));
#8079=DIRECTION('center_axis',(0.,-1.,0.));
#8080=DIRECTION('ref_axis',(0.,0.,-1.));
#8081=DIRECTION('center_axis',(0.,1.,0.));
#8082=DIRECTION('ref_axis',(0.880180253232241,0.,0.474639570432163));
#8083=DIRECTION('center_axis',(0.,1.,0.));
#8084=DIRECTION('ref_axis',(0.0290402009805348,0.,0.999578244424622));
#8085=DIRECTION('center_axis',(0.,1.,0.));
#8086=DIRECTION('ref_axis',(0.712311464052288,0.,0.701863503951934));
#8087=DIRECTION('center_axis',(0.,-1.,0.));
#8088=DIRECTION('ref_axis',(0.,0.,-1.));
#8089=DIRECTION('center_axis',(0.,-1.,0.));
#8090=DIRECTION('ref_axis',(-0.86298228867782,0.,0.505234172862833));
#8091=DIRECTION('center_axis',(0.,1.,0.));
#8092=DIRECTION('ref_axis',(0.712311464052288,0.,0.701863503951934));
#8093=DIRECTION('center_axis',(0.,-1.,0.));
#8094=DIRECTION('ref_axis',(-0.86298228867782,0.,0.505234172862833));
#8095=DIRECTION('center_axis',(0.,-1.,0.));
#8096=DIRECTION('ref_axis',(0.,0.,-1.));
#8097=DIRECTION('center_axis',(0.,-1.,0.));
#8098=DIRECTION('ref_axis',(-0.869036772898142,0.,-0.494747498579612));
#8099=DIRECTION('center_axis',(0.,-1.,0.));
#8100=DIRECTION('ref_axis',(-0.869036772898142,0.,-0.494747498579612));
#8101=DIRECTION('center_axis',(0.,1.,0.));
#8102=DIRECTION('ref_axis',(0.712311464052288,0.,0.701863503951934));
#8103=DIRECTION('center_axis',(0.,1.,0.));
#8104=DIRECTION('ref_axis',(-0.712311464052288,0.,-0.701863503951934));
#8105=DIRECTION('',(0.,-1.,0.));
#8106=DIRECTION('center_axis',(0.,-1.,0.));
#8107=DIRECTION('ref_axis',(-0.712311464052288,0.,-0.701863503951934));
#8108=DIRECTION('',(0.,1.,0.));
#8109=DIRECTION('center_axis',(0.,1.,0.));
#8110=DIRECTION('ref_axis',(0.717693644635946,0.,-0.696358982457448));
#8111=DIRECTION('center_axis',(0.,-1.,0.));
#8112=DIRECTION('ref_axis',(0.,0.,-1.));
#8113=DIRECTION('center_axis',(0.,1.,0.));
#8114=DIRECTION('ref_axis',(0.880180253232241,0.,0.474639570432163));
#8115=DIRECTION('center_axis',(0.,1.,0.));
#8116=DIRECTION('ref_axis',(0.712311464052288,0.,0.701863503951934));
#8117=DIRECTION('center_axis',(0.,1.,0.));
#8118=DIRECTION('ref_axis',(0.851140052251707,0.,-0.52493867399246));
#8119=DIRECTION('center_axis',(0.,-1.,0.));
#8120=DIRECTION('ref_axis',(0.880180253232241,0.,0.474639570432163));
#8121=DIRECTION('center_axis',(0.,1.,0.));
#8122=DIRECTION('ref_axis',(0.880180253232241,0.,0.474639570432163));
#8123=DIRECTION('',(0.,-1.,0.));
#8124=DIRECTION('center_axis',(0.,-1.,0.));
#8125=DIRECTION('ref_axis',(0.880180253232241,0.,0.474639570432163));
#8126=DIRECTION('center_axis',(0.,-1.,0.));
#8127=DIRECTION('ref_axis',(-0.86298228867782,0.,0.505234172862833));
#8128=DIRECTION('center_axis',(0.,-1.,0.));
#8129=DIRECTION('ref_axis',(-0.86298228867782,0.,0.505234172862833));
#8130=DIRECTION('center_axis',(0.,-1.,0.));
#8131=DIRECTION('ref_axis',(-0.86298228867782,0.,0.505234172862833));
#8132=DIRECTION('center_axis',(0.,1.,0.));
#8133=DIRECTION('ref_axis',(-0.86298228867782,0.,0.505234172862833));
#8134=DIRECTION('center_axis',(0.,-1.,0.));
#8135=DIRECTION('ref_axis',(0.0290402009805348,0.,0.999578244424622));
#8136=DIRECTION('center_axis',(0.,1.,0.));
#8137=DIRECTION('ref_axis',(0.0290402009805348,0.,0.999578244424622));
#8138=DIRECTION('',(0.,-1.,0.));
#8139=DIRECTION('center_axis',(0.,-1.,0.));
#8140=DIRECTION('ref_axis',(0.0290402009805348,0.,0.999578244424622));
#8141=DIRECTION('center_axis',(0.,-1.,0.));
#8142=DIRECTION('ref_axis',(0.851140052251707,0.,-0.52493867399246));
#8143=DIRECTION('center_axis',(0.,1.,0.));
#8144=DIRECTION('ref_axis',(0.851140052251707,0.,-0.52493867399246));
#8145=DIRECTION('',(0.,-1.,0.));
#8146=DIRECTION('center_axis',(0.,-1.,0.));
#8147=DIRECTION('ref_axis',(0.851140052251707,0.,-0.52493867399246));
#8148=DIRECTION('center_axis',(0.,-1.,0.));
#8149=DIRECTION('ref_axis',(0.00605448422032135,0.,0.999981671442445));
#8150=DIRECTION('center_axis',(0.,-1.,0.));
#8151=DIRECTION('ref_axis',(0.00605448422032135,0.,0.999981671442445));
#8152=DIRECTION('center_axis',(0.,-1.,0.));
#8153=DIRECTION('ref_axis',(0.00605448422032135,0.,0.999981671442445));
#8154=DIRECTION('center_axis',(0.,-1.,0.));
#8155=DIRECTION('ref_axis',(0.00605448422032135,0.,0.999981671442445));
#8156=DIRECTION('center_axis',(0.,1.,0.));
#8157=DIRECTION('ref_axis',(0.00605448422032135,0.,0.999981671442445));
#8158=DIRECTION('center_axis',(0.,-1.,0.));
#8159=DIRECTION('ref_axis',(-0.851140052251706,0.,0.52493867399246));
#8160=DIRECTION('center_axis',(0.,1.,0.));
#8161=DIRECTION('ref_axis',(-0.851140052251706,0.,0.52493867399246));
#8162=DIRECTION('',(0.,-1.,0.));
#8163=DIRECTION('center_axis',(0.,-1.,0.));
#8164=DIRECTION('ref_axis',(-0.851140052251706,0.,0.52493867399246));
#8165=DIRECTION('center_axis',(0.,-1.,0.));
#8166=DIRECTION('ref_axis',(-0.0290402009805344,0.,-0.999578244424622));
#8167=DIRECTION('center_axis',(0.,1.,0.));
#8168=DIRECTION('ref_axis',(-0.0290402009805344,0.,-0.999578244424622));
#8169=DIRECTION('center_axis',(0.,1.,0.));
#8170=DIRECTION('ref_axis',(-0.0290402009805344,0.,-0.999578244424622));
#8171=DIRECTION('',(0.,-1.,0.));
#8172=DIRECTION('center_axis',(0.,-1.,0.));
#8173=DIRECTION('ref_axis',(-0.0290402009805344,0.,-0.999578244424622));
#8174=DIRECTION('center_axis',(0.,-1.,0.));
#8175=DIRECTION('ref_axis',(0.869036772898142,0.,0.494747498579612));
#8176=DIRECTION('center_axis',(0.,-1.,0.));
#8177=DIRECTION('ref_axis',(0.869036772898142,0.,0.494747498579612));
#8178=DIRECTION('center_axis',(0.,-1.,0.));
#8179=DIRECTION('ref_axis',(0.869036772898142,0.,0.494747498579612));
#8180=DIRECTION('center_axis',(0.,1.,0.));
#8181=DIRECTION('ref_axis',(0.869036772898142,0.,0.494747498579612));
#8182=DIRECTION('center_axis',(0.,-1.,0.));
#8183=DIRECTION('ref_axis',(0.,0.,-1.));
#8184=DIRECTION('center_axis',(0.,1.,0.));
#8185=DIRECTION('ref_axis',(0.717693644635946,0.,-0.696358982457448));
#8186=DIRECTION('center_axis',(0.,-1.,0.));
#8187=DIRECTION('ref_axis',(0.,0.,-1.));
#8188=DIRECTION('center_axis',(0.,1.,0.));
#8189=DIRECTION('ref_axis',(0.717693644635946,0.,-0.696358982457448));
#8190=DIRECTION('center_axis',(0.,1.,0.));
#8191=DIRECTION('ref_axis',(-0.880180253232241,0.,-0.474639570432163));
#8192=DIRECTION('center_axis',(0.,-1.,0.));
#8193=DIRECTION('ref_axis',(0.,0.,-1.));
#8194=DIRECTION('center_axis',(0.,1.,0.));
#8195=DIRECTION('ref_axis',(0.717693644635946,0.,-0.696358982457448));
#8196=DIRECTION('center_axis',(0.,-1.,0.));
#8197=DIRECTION('ref_axis',(0.,0.,-1.));
#8198=DIRECTION('center_axis',(0.,1.,0.));
#8199=DIRECTION('ref_axis',(0.717693644635946,0.,-0.696358982457448));
#8200=DIRECTION('center_axis',(0.,1.,0.));
#8201=DIRECTION('ref_axis',(-0.0290402009805344,0.,-0.999578244424622));
#8202=DIRECTION('center_axis',(0.,-1.,0.));
#8203=DIRECTION('ref_axis',(0.,0.,-1.));
#8204=DIRECTION('center_axis',(0.,1.,0.));
#8205=DIRECTION('ref_axis',(0.717693644635946,0.,-0.696358982457448));
#8206=DIRECTION('center_axis',(0.,-1.,0.));
#8207=DIRECTION('ref_axis',(0.,0.,-1.));
#8208=DIRECTION('center_axis',(0.,1.,0.));
#8209=DIRECTION('ref_axis',(0.717693644635946,0.,-0.696358982457448));
#8210=DIRECTION('center_axis',(0.,1.,0.));
#8211=DIRECTION('ref_axis',(0.851140052251707,0.,-0.52493867399246));
#8212=DIRECTION('center_axis',(0.,-1.,0.));
#8213=DIRECTION('ref_axis',(0.,0.,-1.));
#8214=DIRECTION('center_axis',(0.,-1.,0.));
#8215=DIRECTION('ref_axis',(-0.869036772898142,0.,-0.494747498579612));
#8216=DIRECTION('center_axis',(0.,1.,0.));
#8217=DIRECTION('ref_axis',(0.717693644635946,0.,-0.696358982457448));
#8218=DIRECTION('center_axis',(0.,1.,0.));
#8219=DIRECTION('ref_axis',(0.717693644635946,0.,-0.696358982457448));
#8220=DIRECTION('center_axis',(0.,-1.,0.));
#8221=DIRECTION('ref_axis',(-0.869036772898142,0.,-0.494747498579612));
#8222=DIRECTION('center_axis',(0.,-1.,0.));
#8223=DIRECTION('ref_axis',(0.,0.,-1.));
#8224=DIRECTION('center_axis',(0.,1.,0.));
#8225=DIRECTION('ref_axis',(0.717693644635946,0.,-0.696358982457448));
#8226=DIRECTION('center_axis',(0.,1.,0.));
#8227=DIRECTION('ref_axis',(0.880180253232241,0.,0.474639570432163));
#8228=DIRECTION('center_axis',(0.,-1.,0.));
#8229=DIRECTION('ref_axis',(0.,0.,-1.));
#8230=DIRECTION('center_axis',(0.,-1.,0.));
#8231=DIRECTION('ref_axis',(-0.00605448422032171,0.,-0.999981671442445));
#8232=DIRECTION('center_axis',(0.,1.,0.));
#8233=DIRECTION('ref_axis',(0.717693644635946,0.,-0.696358982457448));
#8234=DIRECTION('center_axis',(0.,-1.,0.));
#8235=DIRECTION('ref_axis',(-0.00605448422032171,0.,-0.999981671442445));
#8236=DIRECTION('center_axis',(0.,-1.,0.));
#8237=DIRECTION('ref_axis',(0.,0.,-1.));
#8238=DIRECTION('center_axis',(0.,1.,0.));
#8239=DIRECTION('ref_axis',(0.717693644635946,0.,-0.696358982457448));
#8240=DIRECTION('center_axis',(0.,1.,0.));
#8241=DIRECTION('ref_axis',(0.0290402009805348,0.,0.999578244424622));
#8242=DIRECTION('center_axis',(0.,-1.,0.));
#8243=DIRECTION('ref_axis',(0.,0.,-1.));
#8244=DIRECTION('center_axis',(0.,-1.,0.));
#8245=DIRECTION('ref_axis',(0.86298228867782,0.,-0.505234172862833));
#8246=DIRECTION('center_axis',(0.,1.,0.));
#8247=DIRECTION('ref_axis',(0.717693644635946,0.,-0.696358982457448));
#8248=DIRECTION('center_axis',(0.,-1.,0.));
#8249=DIRECTION('ref_axis',(0.86298228867782,0.,-0.505234172862833));
#8250=DIRECTION('center_axis',(0.,-1.,0.));
#8251=DIRECTION('ref_axis',(0.,0.,-1.));
#8252=DIRECTION('center_axis',(0.,1.,0.));
#8253=DIRECTION('ref_axis',(-0.851140052251706,0.,0.52493867399246));
#8254=DIRECTION('center_axis',(0.,1.,0.));
#8255=DIRECTION('ref_axis',(-0.880180253232241,0.,-0.474639570432163));
#8256=DIRECTION('center_axis',(0.,1.,0.));
#8257=DIRECTION('ref_axis',(0.717693644635946,0.,-0.696358982457448));
#8258=DIRECTION('center_axis',(0.,-1.,0.));
#8259=DIRECTION('ref_axis',(-0.851140052251706,0.,0.52493867399246));
#8260=DIRECTION('center_axis',(0.,-1.,0.));
#8261=DIRECTION('ref_axis',(-0.851140052251706,0.,0.52493867399246));
#8262=DIRECTION('',(0.,-1.,0.));
#8263=DIRECTION('center_axis',(0.,-1.,0.));
#8264=DIRECTION('ref_axis',(0.0290402009805348,0.,0.999578244424622));
#8265=DIRECTION('center_axis',(0.,-1.,0.));
#8266=DIRECTION('ref_axis',(0.0290402009805348,0.,0.999578244424622));
#8267=DIRECTION('',(0.,-1.,0.));
#8268=DIRECTION('center_axis',(0.,-1.,0.));
#8269=DIRECTION('ref_axis',(0.880180253232241,0.,0.474639570432163));
#8270=DIRECTION('center_axis',(0.,-1.,0.));
#8271=DIRECTION('ref_axis',(0.880180253232241,0.,0.474639570432163));
#8272=DIRECTION('',(0.,-1.,0.));
#8273=DIRECTION('center_axis',(0.,-1.,0.));
#8274=DIRECTION('ref_axis',(0.851140052251707,0.,-0.52493867399246));
#8275=DIRECTION('center_axis',(0.,-1.,0.));
#8276=DIRECTION('ref_axis',(0.851140052251707,0.,-0.52493867399246));
#8277=DIRECTION('',(0.,-1.,0.));
#8278=DIRECTION('center_axis',(0.,-1.,0.));
#8279=DIRECTION('ref_axis',(-0.0290402009805344,0.,-0.999578244424622));
#8280=DIRECTION('center_axis',(0.,-1.,0.));
#8281=DIRECTION('ref_axis',(-0.0290402009805344,0.,-0.999578244424622));
#8282=DIRECTION('',(0.,-1.,0.));
#8283=DIRECTION('center_axis',(0.,1.,0.));
#8284=DIRECTION('ref_axis',(-0.0290402009805344,0.,-0.999578244424622));
#8285=DIRECTION('center_axis',(0.,-1.,0.));
#8286=DIRECTION('ref_axis',(-0.880180253232241,0.,-0.474639570432163));
#8287=DIRECTION('center_axis',(0.,-1.,0.));
#8288=DIRECTION('ref_axis',(-0.880180253232241,0.,-0.474639570432163));
#8289=DIRECTION('',(0.,-1.,0.));
#8290=DIRECTION('center_axis',(0.,-1.,0.));
#8291=DIRECTION('ref_axis',(0.86298228867782,0.,-0.505234172862833));
#8292=DIRECTION('center_axis',(0.,1.,0.));
#8293=DIRECTION('ref_axis',(0.86298228867782,0.,-0.505234172862833));
#8294=DIRECTION('center_axis',(-0.866025403784438,0.,0.500000000000001));
#8295=DIRECTION('ref_axis',(-0.500000000000001,0.,-0.866025403784438));
#8296=DIRECTION('',(0.,-1.,0.));
#8297=DIRECTION('',(-0.500000000000001,0.,-0.866025403784438));
#8298=DIRECTION('center_axis',(0.866025403784438,0.,-0.500000000000001));
#8299=DIRECTION('ref_axis',(0.500000000000001,0.,0.866025403784438));
#8300=DIRECTION('',(0.500000000000001,0.,0.866025403784438));
#8301=DIRECTION('',(0.,1.,0.));
#8302=DIRECTION('center_axis',(0.,-1.,0.));
#8303=DIRECTION('ref_axis',(-0.866025403784439,0.,-0.499999999999999));
#8304=DIRECTION('center_axis',(0.,-1.,0.));
#8305=DIRECTION('ref_axis',(-0.866025403784439,0.,-0.499999999999999));
#8306=DIRECTION('center_axis',(0.,-1.,0.));
#8307=DIRECTION('ref_axis',(0.499999999999999,0.,-0.866025403784439));
#8308=DIRECTION('center_axis',(0.,-1.,0.));
#8309=DIRECTION('ref_axis',(0.499999999999999,0.,-0.866025403784439));
#8310=DIRECTION('center_axis',(0.,-1.,0.));
#8311=DIRECTION('ref_axis',(-0.866025403784439,0.,-0.499999999999999));
#8312=DIRECTION('center_axis',(0.,-1.,0.));
#8313=DIRECTION('ref_axis',(0.499999999999999,0.,-0.866025403784439));
#8314=DIRECTION('center_axis',(0.,-1.,0.));
#8315=DIRECTION('ref_axis',(0.499999999999999,0.,-0.866025403784439));
#8316=DIRECTION('center_axis',(0.,-1.,0.));
#8317=DIRECTION('ref_axis',(0.499999999999999,0.,-0.866025403784439));
#8318=DIRECTION('center_axis',(0.,-1.,0.));
#8319=DIRECTION('ref_axis',(0.499999999999999,0.,-0.866025403784439));
#8320=DIRECTION('',(0.,1.,0.));
#8321=DIRECTION('center_axis',(0.,-1.,0.));
#8322=DIRECTION('ref_axis',(-1.,0.,1.48359424226079E-16));
#8323=DIRECTION('center_axis',(0.,-1.,0.));
#8324=DIRECTION('ref_axis',(-0.5,0.,-0.866025403784438));
#8325=DIRECTION('center_axis',(0.,-1.,0.));
#8326=DIRECTION('ref_axis',(-0.5,0.,-0.866025403784438));
#8327=DIRECTION('center_axis',(0.,-1.,0.));
#8328=DIRECTION('ref_axis',(0.499999999999999,0.,-0.866025403784439));
#8329=DIRECTION('center_axis',(0.,-1.,0.));
#8330=DIRECTION('ref_axis',(0.499999999999999,0.,-0.866025403784439));
#8331=DIRECTION('center_axis',(0.,-1.,0.));
#8332=DIRECTION('ref_axis',(1.,0.,0.));
#8333=DIRECTION('center_axis',(0.,-1.,0.));
#8334=DIRECTION('ref_axis',(1.,0.,0.));
#8335=DIRECTION('center_axis',(0.,-1.,0.));
#8336=DIRECTION('ref_axis',(0.5,0.,0.866025403784439));
#8337=DIRECTION('center_axis',(0.,-1.,0.));
#8338=DIRECTION('ref_axis',(0.5,0.,0.866025403784439));
#8339=DIRECTION('center_axis',(0.,-1.,0.));
#8340=DIRECTION('ref_axis',(-0.5,0.,0.866025403784439));
#8341=DIRECTION('center_axis',(0.,-1.,0.));
#8342=DIRECTION('ref_axis',(-0.5,0.,0.866025403784439));
#8343=DIRECTION('center_axis',(0.,-1.,0.));
#8344=DIRECTION('ref_axis',(-1.,0.,1.48359424226079E-16));
#8345=DIRECTION('center_axis',(0.,-1.,0.));
#8346=DIRECTION('ref_axis',(-0.866025403784439,0.,-0.499999999999999));
#8347=DIRECTION('center_axis',(0.,-1.,0.));
#8348=DIRECTION('ref_axis',(-0.866025403784439,0.,-0.499999999999999));
#8349=DIRECTION('center_axis',(0.,-1.,0.));
#8350=DIRECTION('ref_axis',(-0.00605448422032171,0.,-0.999981671442445));
#8351=DIRECTION('center_axis',(0.,1.,0.));
#8352=DIRECTION('ref_axis',(-0.00605448422032171,0.,-0.999981671442445));
#8353=DIRECTION('center_axis',(3.88578058618805E-16,0.,1.));
#8354=DIRECTION('ref_axis',(-1.,0.,3.88578058618805E-16));
#8355=DIRECTION('',(0.,-1.,0.));
#8356=DIRECTION('',(-1.,0.,3.88578058618805E-16));
#8357=DIRECTION('center_axis',(-3.88578058618805E-16,0.,-1.));
#8358=DIRECTION('ref_axis',(1.,0.,-3.88578058618805E-16));
#8359=DIRECTION('',(1.,0.,-3.88578058618805E-16));
#8360=DIRECTION('',(0.,1.,0.));
#8361=DIRECTION('center_axis',(0.,-1.,0.));
#8362=DIRECTION('ref_axis',(-0.866025403784438,0.,0.5));
#8363=DIRECTION('center_axis',(0.,-1.,0.));
#8364=DIRECTION('ref_axis',(-0.866025403784438,0.,0.5));
#8365=DIRECTION('center_axis',(0.,-1.,0.));
#8366=DIRECTION('ref_axis',(-0.5,0.,-0.866025403784438));
#8367=DIRECTION('center_axis',(0.,-1.,0.));
#8368=DIRECTION('ref_axis',(-0.500000000000001,0.,-0.866025403784438));
#8369=DIRECTION('center_axis',(0.,-1.,0.));
#8370=DIRECTION('ref_axis',(-0.866025403784438,0.,0.5));
#8371=DIRECTION('center_axis',(0.,-1.,0.));
#8372=DIRECTION('ref_axis',(-0.5,0.,-0.866025403784438));
#8373=DIRECTION('center_axis',(0.,-1.,0.));
#8374=DIRECTION('ref_axis',(-0.500000000000001,0.,-0.866025403784438));
#8375=DIRECTION('center_axis',(0.,-1.,0.));
#8376=DIRECTION('ref_axis',(-0.866025403784438,0.,0.5));
#8377=DIRECTION('center_axis',(0.,-1.,0.));
#8378=DIRECTION('ref_axis',(-0.869036772898142,0.,-0.494747498579612));
#8379=DIRECTION('center_axis',(0.,1.,0.));
#8380=DIRECTION('ref_axis',(-0.869036772898142,0.,-0.494747498579612));
#8381=DIRECTION('center_axis',(0.866025403784439,0.,0.5));
#8382=DIRECTION('ref_axis',(-0.5,0.,0.866025403784439));
#8383=DIRECTION('',(0.,-1.,0.));
#8384=DIRECTION('',(-0.5,0.,0.866025403784439));
#8385=DIRECTION('center_axis',(-0.866025403784439,0.,-0.5));
#8386=DIRECTION('ref_axis',(0.5,0.,-0.866025403784439));
#8387=DIRECTION('',(0.5,0.,-0.866025403784439));
#8388=DIRECTION('',(0.,1.,0.));
#8389=DIRECTION('center_axis',(0.,-1.,0.));
#8390=DIRECTION('ref_axis',(1.66533453693773E-16,0.,1.));
#8391=DIRECTION('center_axis',(0.,-1.,0.));
#8392=DIRECTION('ref_axis',(1.66533453693773E-16,0.,1.));
#8393=DIRECTION('center_axis',(0.,-1.,0.));
#8394=DIRECTION('ref_axis',(-1.,0.,1.45127192761458E-16));
#8395=DIRECTION('center_axis',(0.,-1.,0.));
#8396=DIRECTION('ref_axis',(-1.,0.,1.45127192761458E-16));
#8397=DIRECTION('center_axis',(0.,-1.,0.));
#8398=DIRECTION('ref_axis',(-1.,0.,1.45127192761458E-16));
#8399=DIRECTION('',(0.,1.,0.));
#8400=DIRECTION('center_axis',(0.,-1.,0.));
#8401=DIRECTION('ref_axis',(0.5,0.,0.866025403784439));
#8402=DIRECTION('center_axis',(0.,-1.,0.));
#8403=DIRECTION('ref_axis',(-0.5,0.,0.866025403784439));
#8404=DIRECTION('center_axis',(0.,-1.,0.));
#8405=DIRECTION('ref_axis',(-0.5,0.,0.866025403784439));
#8406=DIRECTION('center_axis',(0.,-1.,0.));
#8407=DIRECTION('ref_axis',(-1.,0.,1.45127192761458E-16));
#8408=DIRECTION('center_axis',(0.,-1.,0.));
#8409=DIRECTION('ref_axis',(-1.,0.,1.45127192761458E-16));
#8410=DIRECTION('center_axis',(0.,-1.,0.));
#8411=DIRECTION('ref_axis',(1.,0.,0.));
#8412=DIRECTION('center_axis',(0.,-1.,0.));
#8413=DIRECTION('ref_axis',(1.,0.,0.));
#8414=DIRECTION('center_axis',(0.,-1.,0.));
#8415=DIRECTION('ref_axis',(0.5,0.,0.866025403784439));
#8416=DIRECTION('center_axis',(0.,-1.,0.));
#8417=DIRECTION('ref_axis',(1.66533453693773E-16,0.,1.));
#8418=DIRECTION('center_axis',(0.,-1.,0.));
#8419=DIRECTION('ref_axis',(-1.,0.,1.28721510101467E-16));
#8420=DIRECTION('center_axis',(0.,-1.,0.));
#8421=DIRECTION('ref_axis',(1.66533453693773E-16,0.,1.));
#8422=DIRECTION('center_axis',(0.,-1.,0.));
#8423=DIRECTION('ref_axis',(-1.,0.,1.28721510101467E-16));
#8424=DIRECTION('center_axis',(0.,-1.,0.));
#8425=DIRECTION('ref_axis',(1.66533453693773E-16,0.,1.));
#8426=DIRECTION('center_axis',(0.866025403784439,0.,-0.5));
#8427=DIRECTION('ref_axis',(0.5,0.,0.866025403784439));
#8428=DIRECTION('',(0.,-1.,0.));
#8429=DIRECTION('',(0.5,0.,0.866025403784439));
#8430=DIRECTION('center_axis',(-0.866025403784439,0.,0.5));
#8431=DIRECTION('ref_axis',(-0.5,0.,-0.866025403784439));
#8432=DIRECTION('',(-0.5,0.,-0.866025403784439));
#8433=DIRECTION('',(0.,1.,0.));
#8434=DIRECTION('center_axis',(0.,-1.,0.));
#8435=DIRECTION('ref_axis',(0.866025403784439,0.,0.5));
#8436=DIRECTION('center_axis',(0.,-1.,0.));
#8437=DIRECTION('ref_axis',(0.866025403784439,0.,0.5));
#8438=DIRECTION('center_axis',(0.,-1.,0.));
#8439=DIRECTION('ref_axis',(-0.5,0.,0.866025403784439));
#8440=DIRECTION('center_axis',(0.,-1.,0.));
#8441=DIRECTION('ref_axis',(0.866025403784439,0.,0.5));
#8442=DIRECTION('center_axis',(0.,-1.,0.));
#8443=DIRECTION('ref_axis',(-0.5,0.,0.866025403784439));
#8444=DIRECTION('center_axis',(0.,-1.,0.));
#8445=DIRECTION('ref_axis',(0.866025403784439,0.,0.5));
#8446=DIRECTION('center_axis',(0.,0.,-1.));
#8447=DIRECTION('ref_axis',(1.,0.,0.));
#8448=DIRECTION('',(-1.,0.,0.));
#8449=DIRECTION('',(0.,-1.,0.));
#8450=DIRECTION('',(1.,0.,0.));
#8451=DIRECTION('center_axis',(0.,0.,1.));
#8452=DIRECTION('ref_axis',(-1.,0.,0.));
#8453=DIRECTION('',(1.,0.,0.));
#8454=DIRECTION('',(-1.,0.,0.));
#8455=DIRECTION('',(0.,1.,0.));
#8456=DIRECTION('center_axis',(0.,-1.,0.));
#8457=DIRECTION('ref_axis',(0.866025403784439,0.,-0.5));
#8458=DIRECTION('center_axis',(0.,-1.,0.));
#8459=DIRECTION('ref_axis',(0.5,0.,0.866025403784439));
#8460=DIRECTION('center_axis',(0.,-1.,0.));
#8461=DIRECTION('ref_axis',(0.866025403784439,0.,-0.5));
#8462=DIRECTION('center_axis',(0.,-1.,0.));
#8463=DIRECTION('ref_axis',(0.5,0.,0.866025403784439));
#8464=DIRECTION('center_axis',(0.,-1.,0.));
#8465=DIRECTION('ref_axis',(0.866025403784439,0.,-0.5));
#8466=DIRECTION('center_axis',(0.,-1.,0.));
#8467=DIRECTION('ref_axis',(0.5,0.,0.866025403784439));
#8468=DIRECTION('center_axis',(0.,-1.,0.));
#8469=DIRECTION('ref_axis',(0.866025403784439,0.,-0.5));
#8470=DIRECTION('center_axis',(0.,-1.,0.));
#8471=DIRECTION('ref_axis',(0.5,0.,0.866025403784439));
#8472=DIRECTION('center_axis',(0.,1.,0.));
#8473=DIRECTION('ref_axis',(0.,0.,1.));
#8474=DIRECTION('',(-0.5,0.,0.866025403784439));
#8475=DIRECTION('center_axis',(0.,-1.,0.));
#8476=DIRECTION('ref_axis',(1.,0.,0.));
#8477=DIRECTION('center_axis',(0.,-1.,0.));
#8478=DIRECTION('ref_axis',(1.,0.,0.));
#8479=DIRECTION('center_axis',(0.,-1.,0.));
#8480=DIRECTION('ref_axis',(-0.880180253232241,0.,-0.474639570432163));
#8481=DIRECTION('',(0.5,0.,-0.866025403784439));
#8482=DIRECTION('center_axis',(0.,-1.,0.));
#8483=DIRECTION('ref_axis',(1.,0.,0.));
#8484=DIRECTION('center_axis',(0.,-1.,0.));
#8485=DIRECTION('ref_axis',(1.,0.,0.));
#8486=DIRECTION('center_axis',(0.,-1.,0.));
#8487=DIRECTION('ref_axis',(1.,0.,0.));
#8488=DIRECTION('center_axis',(0.,-1.,0.));
#8489=DIRECTION('ref_axis',(1.,0.,0.));
#8490=DIRECTION('center_axis',(0.,-1.,0.));
#8491=DIRECTION('ref_axis',(1.,0.,0.));
#8492=DIRECTION('center_axis',(0.,-1.,0.));
#8493=DIRECTION('ref_axis',(1.,0.,0.));
#8494=DIRECTION('center_axis',(0.,-1.,0.));
#8495=DIRECTION('ref_axis',(1.,0.,0.));
#8496=DIRECTION('center_axis',(0.,-1.,0.));
#8497=DIRECTION('ref_axis',(1.,0.,0.));
#8498=DIRECTION('center_axis',(0.,-1.,0.));
#8499=DIRECTION('ref_axis',(1.,0.,0.));
#8500=DIRECTION('',(0.,1.,0.));
#8501=DIRECTION('',(0.,-1.,0.));
#8502=DIRECTION('',(0.,-1.,0.));
#8503=DIRECTION('center_axis',(0.,1.,0.));
#8504=DIRECTION('ref_axis',(1.,0.,0.));
#8505=DIRECTION('center_axis',(0.,-1.,0.));
#8506=DIRECTION('ref_axis',(-0.880180253232241,0.,-0.474639570432163));
#8507=DIRECTION('',(0.,-1.,0.));
#8508=DIRECTION('center_axis',(-0.866025403784439,0.,-0.5));
#8509=DIRECTION('ref_axis',(0.5,0.,-0.866025403784439));
#8510=DIRECTION('center_axis',(0.866025403784439,0.,0.5));
#8511=DIRECTION('ref_axis',(-0.5,0.,0.866025403784439));
#8512=DIRECTION('center_axis',(0.,-1.,0.));
#8513=DIRECTION('ref_axis',(0.,0.,-1.));
#8514=DIRECTION('center_axis',(0.,-1.,0.));
#8515=DIRECTION('ref_axis',(0.,0.,-1.));
#8516=DIRECTION('center_axis',(0.,-1.,0.));
#8517=DIRECTION('ref_axis',(0.,0.,-1.));
#8518=DIRECTION('center_axis',(0.,-1.,0.));
#8519=DIRECTION('ref_axis',(0.,0.,-1.));
#8520=DIRECTION('center_axis',(0.,-1.,0.));
#8521=DIRECTION('ref_axis',(0.,0.,-1.));
#8522=DIRECTION('center_axis',(0.,-1.,0.));
#8523=DIRECTION('ref_axis',(1.,0.,0.));
#8524=DIRECTION('',(0.,1.,0.));
#8525=CARTESIAN_POINT('',(0.,0.,0.));
#8526=CARTESIAN_POINT('Origin',(88.9684443778349,7.5,51.3659553109252));
#8527=CARTESIAN_POINT('',(-18.0326466098809,7.5,-8.99144906247883));
#8528=CARTESIAN_POINT('',(-17.4504118862565,8.72950000000001,-10.075));
#8529=CARTESIAN_POINT('Ctrl Pts',(-18.0326466098809,7.5,-8.99144906247883));
#8530=CARTESIAN_POINT('Ctrl Pts',(-18.0326466098809,7.34558005195004,-8.99144906247883));
#8531=CARTESIAN_POINT('Ctrl Pts',(-18.0189109081488,7.18089349792179,-9.0191628756744));
#8532=CARTESIAN_POINT('Ctrl Pts',(-17.9623033891455,6.87798146454379,-9.13138030331036));
#8533=CARTESIAN_POINT('Ctrl Pts',(-17.9193441051024,6.73975272917827,-9.2158309832003));
#8534=CARTESIAN_POINT('Ctrl Pts',(-17.8183673626994,6.52147174707609,-9.4095812013434));
#8535=CARTESIAN_POINT('Ctrl Pts',(-17.7535982029026,6.4268556319073,-9.53179953120467));
#8536=CARTESIAN_POINT('Ctrl Pts',(-17.6082699971812,6.30136869749961,-9.79766702635718));
#8537=CARTESIAN_POINT('Ctrl Pts',(-17.5276218240663,6.2705,-9.94126846486411));
#8538=CARTESIAN_POINT('Ctrl Pts',(-17.3732019484466,6.2705,-10.2087315351359));
#8539=CARTESIAN_POINT('Ctrl Pts',(-17.2891635412371,6.3013686974996,-10.3503756210757));
#8540=CARTESIAN_POINT('Ctrl Pts',(-17.1315796392551,6.4268556319073,-10.609167286693));
#8541=CARTESIAN_POINT('Ctrl Pts',(-17.0581200406856,6.52147174707609,-10.7263681893895));
#8542=CARTESIAN_POINT('Ctrl Pts',(-16.9408158009864,6.73975272917827,-10.9106917225734));
#8543=CARTESIAN_POINT('Ctrl Pts',(-16.8891590088564,6.87798146454378,-10.9901208938281));
#8544=CARTESIAN_POINT('Ctrl Pts',(-16.8202796252779,7.18089349792178,-11.0952531571482));
#8545=CARTESIAN_POINT('Ctrl Pts',(-16.8031466098809,7.34558005195004,-11.1210055303848));
#8546=CARTESIAN_POINT('Ctrl Pts',(-16.8031466098809,7.65441994804997,-11.1210055303848));
#8547=CARTESIAN_POINT('Ctrl Pts',(-16.8202796252779,7.81910650207823,-11.0952531571482));
#8548=CARTESIAN_POINT('Ctrl Pts',(-16.8891590088564,8.12201853545623,-10.9901208938281));
#8549=CARTESIAN_POINT('Ctrl Pts',(-16.9408158009864,8.26024727082173,-10.9106917225734));
#8550=CARTESIAN_POINT('Ctrl Pts',(-17.0581200406856,8.47852825292392,-10.7263681893895));
#8551=CARTESIAN_POINT('Ctrl Pts',(-17.1315796392551,8.57314436809271,-10.609167286693));
#8552=CARTESIAN_POINT('Ctrl Pts',(-17.2891635412371,8.6986313025004,-10.3503756210757));
#8553=CARTESIAN_POINT('Ctrl Pts',(-17.3732019484466,8.72950000000001,-10.2087315351359));
#8554=CARTESIAN_POINT('Ctrl Pts',(-17.4504118862564,8.72950000000001,-10.075));
#8555=CARTESIAN_POINT('Ctrl Pts',(-17.4504118862564,8.7295,-10.075));
#8556=CARTESIAN_POINT('Ctrl Pts',(-17.5276218240663,8.7295,-9.94126846486411));
#8557=CARTESIAN_POINT('Ctrl Pts',(-17.6082699971812,8.6986313025004,-9.79766702635718));
#8558=CARTESIAN_POINT('Ctrl Pts',(-17.7535982029026,8.57314436809271,-9.53179953120467));
#8559=CARTESIAN_POINT('Ctrl Pts',(-17.8183673626994,8.47852825292392,-9.4095812013434));
#8560=CARTESIAN_POINT('Ctrl Pts',(-17.9193441051024,8.26024727082173,-9.2158309832003));
#8561=CARTESIAN_POINT('Ctrl Pts',(-17.9623033891455,8.12201853545622,-9.13138030331036));
#8562=CARTESIAN_POINT('Ctrl Pts',(-18.0189109081488,7.81910650207822,-9.0191628756744));
#8563=CARTESIAN_POINT('Ctrl Pts',(-18.0326466098809,7.65441994804997,-8.99144906247883));
#8564=CARTESIAN_POINT('Ctrl Pts',(-18.0326466098809,7.50000000000001,-8.99144906247883));
#8565=CARTESIAN_POINT('',(-6.92820323027551,8.72950000000001,-4.));
#8566=CARTESIAN_POINT('',(88.9684443778349,8.72950000000001,51.3659553109252));
#8567=CARTESIAN_POINT('',(-7.46064273305535,7.5,-2.88769977831984));
#8568=CARTESIAN_POINT('Ctrl Pts',(-7.46064273305535,7.5,-2.88769977831984));
#8569=CARTESIAN_POINT('Ctrl Pts',(-7.46064273305535,7.65464382788477,-2.88769977831984));
#8570=CARTESIAN_POINT('Ctrl Pts',(-7.44950091787012,7.81942497433316,-2.91701180793489));
#8571=CARTESIAN_POINT('Ctrl Pts',(-7.40232014572236,8.12227404920374,-3.03474516753302));
#8572=CARTESIAN_POINT('Ctrl Pts',(-7.36605520686591,8.26036334249156,-3.12302082498725));
#8573=CARTESIAN_POINT('Ctrl Pts',(-7.27767532506009,8.47841013532962,-3.32377342551768));
#8574=CARTESIAN_POINT('Ctrl Pts',(-7.21959890546897,8.57299321170818,-3.44969581405231));
#8575=CARTESIAN_POINT('Ctrl Pts',(-7.08363628103067,8.69854487449314,-3.720901315872));
#8576=CARTESIAN_POINT('Ctrl Pts',(-7.00552365690865,8.72950000000001,-3.8660770926085));
#8577=CARTESIAN_POINT('Ctrl Pts',(-6.92820323027551,8.72950000000001,-4.));
#8578=CARTESIAN_POINT('Ctrl Pts',(-6.92820323027551,8.72950000000001,-4.));
#8579=CARTESIAN_POINT('Ctrl Pts',(-6.85088280364237,8.72950000000001,-4.1339229073915));
#8580=CARTESIAN_POINT('Ctrl Pts',(-6.76421320503544,8.69854487449314,-4.27415831260569));
#8581=CARTESIAN_POINT('Ctrl Pts',(-6.59732366303262,8.57299321170818,-4.5275081502443));
#8582=CARTESIAN_POINT('Ctrl Pts',(-6.51730988545198,8.47841013532962,-4.64076499923837));
#8583=CARTESIAN_POINT('Ctrl Pts',(-6.38764297441974,8.26036334249156,-4.81768052233089));
#8584=CARTESIAN_POINT('Ctrl Pts',(-6.32932648195684,8.12227404920374,-4.89322470937438));
#8585=CARTESIAN_POINT('Ctrl Pts',(-6.25095678774585,7.81942497433316,-4.99295113642357));
#8586=CARTESIAN_POINT('Ctrl Pts',(-6.23114273305536,7.65464382788477,-5.01725624622578));
#8587=CARTESIAN_POINT('Ctrl Pts',(-6.23114273305536,7.34535617211523,-5.01725624622578));
#8588=CARTESIAN_POINT('Ctrl Pts',(-6.25095678774586,7.18057502566685,-4.99295113642357));
#8589=CARTESIAN_POINT('Ctrl Pts',(-6.32932648195684,6.87772595079626,-4.89322470937438));
#8590=CARTESIAN_POINT('Ctrl Pts',(-6.38764297441974,6.73963665750844,-4.81768052233089));
#8591=CARTESIAN_POINT('Ctrl Pts',(-6.51730988545198,6.52158986467039,-4.64076499923837));
#8592=CARTESIAN_POINT('Ctrl Pts',(-6.59732366303262,6.42700678829182,-4.5275081502443));
#8593=CARTESIAN_POINT('Ctrl Pts',(-6.76421320503544,6.30145512550687,-4.27415831260569));
#8594=CARTESIAN_POINT('Ctrl Pts',(-6.85088280364238,6.2705,-4.13392290739151));
#8595=CARTESIAN_POINT('Ctrl Pts',(-7.00552365690866,6.27050000000001,-3.86607709260851));
#8596=CARTESIAN_POINT('Ctrl Pts',(-7.08363628103067,6.30145512550687,-3.720901315872));
#8597=CARTESIAN_POINT('Ctrl Pts',(-7.21959890546897,6.42700678829183,-3.44969581405231));
#8598=CARTESIAN_POINT('Ctrl Pts',(-7.27767532506009,6.52158986467039,-3.32377342551768));
#8599=CARTESIAN_POINT('Ctrl Pts',(-7.36605520686591,6.73963665750844,-3.12302082498725));
#8600=CARTESIAN_POINT('Ctrl Pts',(-7.40232014572236,6.87772595079626,-3.03474516753302));
#8601=CARTESIAN_POINT('Ctrl Pts',(-7.44950091787012,7.18057502566685,-2.91701180793489));
#8602=CARTESIAN_POINT('Ctrl Pts',(-7.46064273305535,7.34535617211524,-2.88769977831984));
#8603=CARTESIAN_POINT('Ctrl Pts',(-7.46064273305535,7.5,-2.88769977831984));
#8604=CARTESIAN_POINT('Origin',(88.9684443778349,7.5,51.3659553109252));
#8605=CARTESIAN_POINT('',(6.23114273305535,7.5,5.01725624622577));
#8606=CARTESIAN_POINT('',(6.92820323027551,8.7295,3.99999999999999));
#8607=CARTESIAN_POINT('Ctrl Pts',(6.23114273305535,7.5,5.01725624622577));
#8608=CARTESIAN_POINT('Ctrl Pts',(6.23114273305535,7.34535617211524,5.01725624622577));
#8609=CARTESIAN_POINT('Ctrl Pts',(6.25095678774586,7.18057502566685,4.99295113642357));
#8610=CARTESIAN_POINT('Ctrl Pts',(6.32932648195684,6.87772595079627,4.89322470937437));
#8611=CARTESIAN_POINT('Ctrl Pts',(6.38764297441973,6.73963665750844,4.81768052233088));
#8612=CARTESIAN_POINT('Ctrl Pts',(6.51730988545197,6.52158986467039,4.64076499923836));
#8613=CARTESIAN_POINT('Ctrl Pts',(6.59732366303262,6.42700678829183,4.52750815024429));
#8614=CARTESIAN_POINT('Ctrl Pts',(6.76421320503544,6.30145512550687,4.27415831260568));
#8615=CARTESIAN_POINT('Ctrl Pts',(6.85088280364236,6.2705,4.13392290739149));
#8616=CARTESIAN_POINT('Ctrl Pts',(7.00552365690864,6.2705,3.86607709260849));
#8617=CARTESIAN_POINT('Ctrl Pts',(7.08363628103068,6.30145512550687,3.72090131587199));
#8618=CARTESIAN_POINT('Ctrl Pts',(7.21959890546897,6.42700678829183,3.4496958140523));
#8619=CARTESIAN_POINT('Ctrl Pts',(7.27767532506008,6.52158986467039,3.32377342551767));
#8620=CARTESIAN_POINT('Ctrl Pts',(7.3660552068659,6.73963665750844,3.12302082498723));
#8621=CARTESIAN_POINT('Ctrl Pts',(7.40232014572236,6.87772595079626,3.03474516753301));
#8622=CARTESIAN_POINT('Ctrl Pts',(7.44950091787013,7.18057502566685,2.91701180793489));
#8623=CARTESIAN_POINT('Ctrl Pts',(7.46064273305534,7.34535617211523,2.88769977831983));
#8624=CARTESIAN_POINT('Ctrl Pts',(7.46064273305534,7.65464382788477,2.88769977831983));
#8625=CARTESIAN_POINT('Ctrl Pts',(7.44950091787013,7.81942497433316,2.91701180793489));
#8626=CARTESIAN_POINT('Ctrl Pts',(7.40232014572236,8.12227404920374,3.03474516753301));
#8627=CARTESIAN_POINT('Ctrl Pts',(7.3660552068659,8.26036334249156,3.12302082498723));
#8628=CARTESIAN_POINT('Ctrl Pts',(7.27767532506008,8.47841013532962,3.32377342551767));
#8629=CARTESIAN_POINT('Ctrl Pts',(7.21959890546897,8.57299321170818,3.4496958140523));
#8630=CARTESIAN_POINT('Ctrl Pts',(7.08363628103068,8.69854487449314,3.72090131587199));
#8631=CARTESIAN_POINT('Ctrl Pts',(7.00552365690865,8.72950000000001,3.86607709260849));
#8632=CARTESIAN_POINT('Ctrl Pts',(6.92820323027551,8.72950000000001,3.99999999999999));
#8633=CARTESIAN_POINT('Ctrl Pts',(6.92820323027551,8.7295,3.99999999999999));
#8634=CARTESIAN_POINT('Ctrl Pts',(6.85088280364237,8.7295,4.13392290739149));
#8635=CARTESIAN_POINT('Ctrl Pts',(6.76421320503544,8.69854487449314,4.27415831260568));
#8636=CARTESIAN_POINT('Ctrl Pts',(6.59732366303262,8.57299321170818,4.52750815024429));
#8637=CARTESIAN_POINT('Ctrl Pts',(6.51730988545197,8.47841013532962,4.64076499923836));
#8638=CARTESIAN_POINT('Ctrl Pts',(6.38764297441974,8.26036334249156,4.81768052233088));
#8639=CARTESIAN_POINT('Ctrl Pts',(6.32932648195684,8.12227404920374,4.89322470937437));
#8640=CARTESIAN_POINT('Ctrl Pts',(6.25095678774586,7.81942497433316,4.99295113642357));
#8641=CARTESIAN_POINT('Ctrl Pts',(6.23114273305535,7.65464382788477,5.01725624622577));
#8642=CARTESIAN_POINT('Ctrl Pts',(6.23114273305535,7.5,5.01725624622577));
#8643=CARTESIAN_POINT('',(17.4504118862564,8.72950000000001,10.075));
#8644=CARTESIAN_POINT('',(88.9684443778349,8.72950000000001,51.3659553109252));
#8645=CARTESIAN_POINT('',(16.8031466098809,7.5,11.1210055303848));
#8646=CARTESIAN_POINT('Ctrl Pts',(16.8031466098809,7.5,11.1210055303848));
#8647=CARTESIAN_POINT('Ctrl Pts',(16.8031466098809,7.65441994804997,11.1210055303848));
#8648=CARTESIAN_POINT('Ctrl Pts',(16.8202796252779,7.81910650207822,11.0952531571482));
#8649=CARTESIAN_POINT('Ctrl Pts',(16.8891590088564,8.12201853545622,10.9901208938281));
#8650=CARTESIAN_POINT('Ctrl Pts',(16.9408158009864,8.26024727082173,10.9106917225734));
#8651=CARTESIAN_POINT('Ctrl Pts',(17.0581200406856,8.47852825292392,10.7263681893895));
#8652=CARTESIAN_POINT('Ctrl Pts',(17.1315796392551,8.57314436809271,10.609167286693));
#8653=CARTESIAN_POINT('Ctrl Pts',(17.2891635412371,8.6986313025004,10.3503756210757));
#8654=CARTESIAN_POINT('Ctrl Pts',(17.3732019484466,8.72950000000001,10.2087315351359));
#8655=CARTESIAN_POINT('Ctrl Pts',(17.4504118862564,8.72950000000001,10.075));
#8656=CARTESIAN_POINT('Ctrl Pts',(17.4504118862564,8.7295,10.075));
#8657=CARTESIAN_POINT('Ctrl Pts',(17.5276218240663,8.72950000000001,9.9412684648641));
#8658=CARTESIAN_POINT('Ctrl Pts',(17.6082699971812,8.6986313025004,9.79766702635718));
#8659=CARTESIAN_POINT('Ctrl Pts',(17.7535982029026,8.57314436809271,9.53179953120467));
#8660=CARTESIAN_POINT('Ctrl Pts',(17.8183673626994,8.47852825292392,9.4095812013434));
#8661=CARTESIAN_POINT('Ctrl Pts',(17.9193441051024,8.26024727082173,9.2158309832003));
#8662=CARTESIAN_POINT('Ctrl Pts',(17.9623033891455,8.12201853545622,9.13138030331035));
#8663=CARTESIAN_POINT('Ctrl Pts',(18.0189109081488,7.81910650207822,9.01916287567439));
#8664=CARTESIAN_POINT('Ctrl Pts',(18.0326466098809,7.65441994804997,8.99144906247882));
#8665=CARTESIAN_POINT('Ctrl Pts',(18.0326466098809,7.34558005195004,8.99144906247882));
#8666=CARTESIAN_POINT('Ctrl Pts',(18.0189109081488,7.18089349792179,9.01916287567439));
#8667=CARTESIAN_POINT('Ctrl Pts',(17.9623033891455,6.87798146454378,9.13138030331035));
#8668=CARTESIAN_POINT('Ctrl Pts',(17.9193441051024,6.73975272917827,9.2158309832003));
#8669=CARTESIAN_POINT('Ctrl Pts',(17.8183673626994,6.52147174707609,9.4095812013434));
#8670=CARTESIAN_POINT('Ctrl Pts',(17.7535982029026,6.4268556319073,9.53179953120467));
#8671=CARTESIAN_POINT('Ctrl Pts',(17.6082699971812,6.3013686974996,9.79766702635718));
#8672=CARTESIAN_POINT('Ctrl Pts',(17.5276218240663,6.2705,9.94126846486411));
#8673=CARTESIAN_POINT('Ctrl Pts',(17.3732019484466,6.27050000000001,10.2087315351359));
#8674=CARTESIAN_POINT('Ctrl Pts',(17.2891635412371,6.30136869749961,10.3503756210757));
#8675=CARTESIAN_POINT('Ctrl Pts',(17.1315796392551,6.4268556319073,10.609167286693));
#8676=CARTESIAN_POINT('Ctrl Pts',(17.0581200406856,6.52147174707609,10.7263681893895));
#8677=CARTESIAN_POINT('Ctrl Pts',(16.9408158009864,6.73975272917827,10.9106917225734));
#8678=CARTESIAN_POINT('Ctrl Pts',(16.8891590088564,6.87798146454379,10.9901208938281));
#8679=CARTESIAN_POINT('Ctrl Pts',(16.8202796252779,7.18089349792179,11.0952531571482));
#8680=CARTESIAN_POINT('Ctrl Pts',(16.8031466098809,7.34558005195004,11.1210055303848));
#8681=CARTESIAN_POINT('Ctrl Pts',(16.8031466098809,7.5,11.1210055303848));
#8682=CARTESIAN_POINT('Origin',(0.,-2.25,0.));
#8683=CARTESIAN_POINT('',(8.5,-3.,-1.04094977927525E-15));
#8684=CARTESIAN_POINT('Origin',(0.,-3.,0.));
#8685=CARTESIAN_POINT('',(10.5,-1.5,1.28587913910472E-15));
#8686=CARTESIAN_POINT('',(9.5,-2.25,1.16341445918999E-15));
#8687=CARTESIAN_POINT('',(-10.5,-1.5,-1.28587913910472E-15));
#8688=CARTESIAN_POINT('Origin',(0.,-1.5,0.));
#8689=CARTESIAN_POINT('Origin',(0.,-1.5,0.));
#8690=CARTESIAN_POINT('Origin',(0.,4.5,0.));
#8691=CARTESIAN_POINT('',(-10.5,4.5,-1.28587913910472E-15));
#8692=CARTESIAN_POINT('',(-10.5,4.5,-1.28587913910472E-15));
#8693=CARTESIAN_POINT('',(10.5,4.5,0.));
#8694=CARTESIAN_POINT('Origin',(0.,4.5,0.));
#8695=CARTESIAN_POINT('Origin',(0.,4.5,0.));
#8696=CARTESIAN_POINT('Origin',(0.,-3.,0.));
#8697=CARTESIAN_POINT('',(7.5,-3.,9.18485099360515E-16));
#8698=CARTESIAN_POINT('Origin',(0.,-3.,0.));
#8699=CARTESIAN_POINT('Origin',(0.,4.5,0.));
#8700=CARTESIAN_POINT('',(8.,4.5,9.79717439317883E-16));
#8701=CARTESIAN_POINT('',(-8.,4.5,-9.79717439317883E-16));
#8702=CARTESIAN_POINT('Origin',(0.,4.5,0.));
#8703=CARTESIAN_POINT('Origin',(0.,4.5,0.));
#8704=CARTESIAN_POINT('',(7.5,4.5,9.18485099360515E-16));
#8705=CARTESIAN_POINT('Origin',(0.,4.5,0.));
#8706=CARTESIAN_POINT('Origin',(0.,4.5,0.));
#8707=CARTESIAN_POINT('',(7.5,4.5,9.18485099360515E-16));
#8708=CARTESIAN_POINT('Origin',(15.5,9.53350000000001,-4.38431343594229E-16));
#8709=CARTESIAN_POINT('',(18.5,10.,-8.90683062743769E-16));
#8710=CARTESIAN_POINT('',(12.5,10.,3.81214415299518E-16));
#8711=CARTESIAN_POINT('Origin',(15.5,10.,-4.38431343594229E-16));
#8712=CARTESIAN_POINT('Origin',(15.5,10.,-4.38431343594229E-16));
#8713=CARTESIAN_POINT('',(13.433,9.06700000000001,1.26304584283564E-16));
#8714=CARTESIAN_POINT('',(12.9665,9.53350000000001,2.5375949979154E-16));
#8715=CARTESIAN_POINT('',(17.567,9.067,-7.50032778088262E-16));
#8716=CARTESIAN_POINT('Origin',(15.5,9.06700000000001,-4.38431343594229E-16));
#8717=CARTESIAN_POINT('Origin',(15.5,9.06700000000001,-4.38431343594229E-16));
#8718=CARTESIAN_POINT('Origin',(15.5,-120.933516240515,-4.38431343594229E-16));
#8719=CARTESIAN_POINT('',(13.433,4.50000000000001,1.26304584283563E-16));
#8720=CARTESIAN_POINT('',(13.433,-120.933516240515,1.26304584283563E-16));
#8721=CARTESIAN_POINT('Origin',(15.5,4.50000000000001,-4.38431343594229E-16));
#8722=CARTESIAN_POINT('Origin',(-15.5,9.53350000000001,2.33663388227263E-15));
#8723=CARTESIAN_POINT('',(-12.5,10.,1.88438216312309E-15));
#8724=CARTESIAN_POINT('',(-18.5,10.,3.15627964116637E-15));
#8725=CARTESIAN_POINT('Origin',(-15.5,10.,2.33663388227263E-15));
#8726=CARTESIAN_POINT('Origin',(-15.5,10.,2.33663388227263E-15));
#8727=CARTESIAN_POINT('',(-17.567,9.06700000000001,2.90136981015042E-15));
#8728=CARTESIAN_POINT('',(-18.0335,9.53350000000001,3.0288247256584E-15));
#8729=CARTESIAN_POINT('',(-13.433,9.067,2.02503244777859E-15));
#8730=CARTESIAN_POINT('Origin',(-15.5,9.06700000000001,2.33663388227263E-15));
#8731=CARTESIAN_POINT('Origin',(-15.5,9.06700000000001,2.33663388227263E-15));
#8732=CARTESIAN_POINT('Origin',(-15.5,-120.933516240515,2.33663388227263E-15));
#8733=CARTESIAN_POINT('',(-17.567,4.50000000000001,2.90136981015042E-15));
#8734=CARTESIAN_POINT('',(-17.567,-120.933516240515,2.90136981015042E-15));
#8735=CARTESIAN_POINT('Origin',(-15.5,4.50000000000001,2.33663388227263E-15));
#8736=CARTESIAN_POINT('Origin',(5.1066992574497E-16,9.53350000000001,-15.5));
#8737=CARTESIAN_POINT('',(3.,10.,-15.5));
#8738=CARTESIAN_POINT('',(-3.,10.,-15.5));
#8739=CARTESIAN_POINT('Origin',(5.1066992574497E-16,10.,-15.5));
#8740=CARTESIAN_POINT('Origin',(5.1066992574497E-16,10.,-15.5));
#8741=CARTESIAN_POINT('',(-2.067,9.06700000000001,-15.5));
#8742=CARTESIAN_POINT('',(-2.5335,9.53350000000001,-15.5));
#8743=CARTESIAN_POINT('',(2.067,9.067,-15.5));
#8744=CARTESIAN_POINT('Origin',(5.1066992574497E-16,9.06700000000001,-15.5));
#8745=CARTESIAN_POINT('Origin',(5.1066992574497E-16,9.06700000000001,-15.5));
#8746=CARTESIAN_POINT('Origin',(5.1066992574497E-16,-120.933516240515,-15.5));
#8747=CARTESIAN_POINT('',(-2.067,4.50000000000001,-15.5));
#8748=CARTESIAN_POINT('',(-2.067,-120.933516240515,-15.5));
#8749=CARTESIAN_POINT('Origin',(5.1066992574497E-16,4.50000000000001,-15.5));
#8750=CARTESIAN_POINT('Origin',(1.38753261293343E-15,9.53350000000001,15.5));
#8751=CARTESIAN_POINT('',(3.,10.,15.5));
#8752=CARTESIAN_POINT('',(-3.,10.,15.5));
#8753=CARTESIAN_POINT('Origin',(1.38753261293343E-15,10.,15.5));
#8754=CARTESIAN_POINT('Origin',(1.38753261293343E-15,10.,15.5));
#8755=CARTESIAN_POINT('',(-2.067,9.06700000000001,15.5));
#8756=CARTESIAN_POINT('',(-2.5335,9.53350000000001,15.5));
#8757=CARTESIAN_POINT('',(2.067,9.067,15.5));
#8758=CARTESIAN_POINT('Origin',(1.38753261293343E-15,9.06700000000001,15.5));
#8759=CARTESIAN_POINT('Origin',(1.38753261293343E-15,9.06700000000001,15.5));
#8760=CARTESIAN_POINT('Origin',(1.38753261293343E-15,-120.933516240515,
15.5));
#8761=CARTESIAN_POINT('',(-2.067,4.50000000000001,15.5));
#8762=CARTESIAN_POINT('',(-2.067,-120.933516240515,15.5));
#8763=CARTESIAN_POINT('Origin',(1.38753261293343E-15,4.50000000000001,15.5));
#8764=CARTESIAN_POINT('Origin',(-42.4890777457807,-3.00000000000001,6.90514722669793));
#8765=CARTESIAN_POINT('',(-42.8601585795586,-3.00000000000001,9.49825281486494));
#8766=CARTESIAN_POINT('',(-43.6622149838474,-3.00000000000001,4.56300150167537));
#8767=CARTESIAN_POINT('Origin',(0.,-3.00000000000001,0.));
#8768=CARTESIAN_POINT('',(-43.8487774447039,-3.00000000000001,9.65891901844233));
#8769=CARTESIAN_POINT('',(-37.9985342971907,-3.00000000000001,8.70816196771836));
#8770=CARTESIAN_POINT('',(-44.6508338489927,-3.00000000000001,4.72366770525276));
#8771=CARTESIAN_POINT('Origin',(0.,-3.00000000000001,0.));
#8772=CARTESIAN_POINT('',(-46.9796211943708,-3.00000000000001,5.1021324856775));
#8773=CARTESIAN_POINT('Origin',(-38.8005907014795,-7.00000000000001,3.7729106545288));
#8774=CARTESIAN_POINT('',(-43.6622149838474,-7.00000000000001,4.56300150167537));
#8775=CARTESIAN_POINT('',(-43.6622149838474,-4.25000000000001,4.56300150167537));
#8776=CARTESIAN_POINT('',(-44.6508338489927,-7.00000000000001,4.72366770525276));
#8777=CARTESIAN_POINT('',(-44.6508338489927,-3.50000000000001,4.72366770525277));
#8778=CARTESIAN_POINT('',(-5.8984039906341,-7.00000000000001,-1.57421513337448));
#8779=CARTESIAN_POINT('Origin',(-46.177564790082,-7.00000000000001,10.0373837988671));
#8780=CARTESIAN_POINT('',(-42.8601585795586,-7.00000000000001,9.49825281486494));
#8781=CARTESIAN_POINT('',(-42.8601585795586,-4.25000000000001,9.49825281486493));
#8782=CARTESIAN_POINT('',(-43.8487774447039,-7.00000000000001,9.65891901844233));
#8783=CARTESIAN_POINT('',(-9.18586283279096,-7.00000000000001,4.02564709538944));
#8784=CARTESIAN_POINT('',(-43.8487774447039,-3.50000000000001,9.65891901844233));
#8785=CARTESIAN_POINT('Origin',(-40.8311918370695,-3.00000000000001,13.6314547673313));
#8786=CARTESIAN_POINT('',(-40.7815038827126,-3.00000000000001,16.2505058710275));
#8787=CARTESIAN_POINT('',(-42.36484385172,-3.00000000000001,11.5078236612917));
#8788=CARTESIAN_POINT('Origin',(0.,-3.00000000000001,0.));
#8789=CARTESIAN_POINT('',(-41.7315477216967,-3.00000000000001,16.5676771079037));
#8790=CARTESIAN_POINT('',(-36.1095758427392,-3.00000000000001,14.6907871146598));
#8791=CARTESIAN_POINT('',(-43.314887690704,-3.00000000000001,11.8249948981679));
#8792=CARTESIAN_POINT('Origin',(0.,-3.00000000000001,0.));
#8793=CARTESIAN_POINT('',(-45.5528078313998,-3.00000000000001,12.5721224200028));
#8794=CARTESIAN_POINT('Origin',(-37.6929158117466,-7.00000000000001,9.94810490492406));
#8795=CARTESIAN_POINT('',(-42.36484385172,-7.00000000000001,11.5078236612917));
#8796=CARTESIAN_POINT('',(-42.36484385172,-4.25000000000001,11.5078236612917));
#8797=CARTESIAN_POINT('',(-43.314887690704,-7.00000000000001,11.8249948981679));
#8798=CARTESIAN_POINT('',(-43.314887690704,-3.50000000000001,11.8249948981679));
#8799=CARTESIAN_POINT('',(-3.65801850396955,-7.00000000000001,-1.41441336329179));
#8800=CARTESIAN_POINT('Origin',(-43.9694678623924,-7.00000000000001,17.3148046297385));
#8801=CARTESIAN_POINT('',(-40.7815038827126,-7.00000000000001,16.2505058710275));
#8802=CARTESIAN_POINT('',(-40.7815038827126,-4.25000000000001,16.2505058710275));
#8803=CARTESIAN_POINT('',(-41.7315477216967,-7.00000000000001,16.5676771079037));
#8804=CARTESIAN_POINT('',(-6.00462454478879,-7.00000000000001,4.64027760398331));
#8805=CARTESIAN_POINT('',(-41.7315477216967,-3.50000000000001,16.5676771079037));
#8806=CARTESIAN_POINT('Origin',(-38.1157995074162,-3.00000000000001,20.0047147897644));
#8807=CARTESIAN_POINT('',(-37.6466296568425,-3.00000000000001,22.5818793611283));
#8808=CARTESIAN_POINT('',(-39.9702455170613,-3.00000000000001,18.1545992328622));
#8809=CARTESIAN_POINT('Origin',(0.,-3.00000000000001,0.));
#8810=CARTESIAN_POINT('',(-38.5334928332707,-3.00000000000001,23.0473410628706));
#8811=CARTESIAN_POINT('',(-33.2853983414481,-3.00000000000001,20.2929285920468));
#8812=CARTESIAN_POINT('',(-40.8571086934895,-3.00000000000001,18.6200609346045));
#8813=CARTESIAN_POINT('Origin',(0.,-3.00000000000001,0.));
#8814=CARTESIAN_POINT('',(-42.9462006733843,-3.00000000000001,19.716500987482));
#8815=CARTESIAN_POINT('Origin',(-35.609014201667,-7.00000000000001,15.8656484637808));
#8816=CARTESIAN_POINT('',(-39.9702455170613,-7.00000000000001,18.1545992328622));
#8817=CARTESIAN_POINT('',(-39.9702455170613,-4.25000000000001,18.1545992328622));
#8818=CARTESIAN_POINT('',(-40.8571086934895,-7.00000000000001,18.6200609346045));
#8819=CARTESIAN_POINT('',(-40.8571086934895,-3.50000000000001,18.6200609346045));
#8820=CARTESIAN_POINT('',(-1.95849960911525,-7.00000000000001,-1.79550401504427));
#8821=CARTESIAN_POINT('Origin',(-40.6225848131655,-7.00000000000001,24.1437811157481));
#8822=CARTESIAN_POINT('',(-37.6466296568425,-7.00000000000001,22.5818793611283));
#8823=CARTESIAN_POINT('',(-37.6466296568425,-4.25000000000001,22.5818793611283));
#8824=CARTESIAN_POINT('',(-38.5334928332707,-7.00000000000001,23.0473410628706));
#8825=CARTESIAN_POINT('',(-3.30347698475509,-7.00000000000001,4.55720237507239));
#8826=CARTESIAN_POINT('',(-38.5334928332707,-3.50000000000001,23.0473410628706));
#8827=CARTESIAN_POINT('Origin',(-34.4132279918289,-3.00000000000001,25.8598632071358));
#8828=CARTESIAN_POINT('',(-33.5367274977246,-3.00000000000001,28.3283940374912));
#8829=CARTESIAN_POINT('',(-36.5404388189145,-3.00000000000001,24.3311802204737));
#8830=CARTESIAN_POINT('Origin',(0.,-3.00000000000001,0.));
#8831=CARTESIAN_POINT('',(-34.3374407211752,-3.00000000000001,28.9300909905202));
#8832=CARTESIAN_POINT('',(-29.5991465071286,-3.00000000000001,25.3694938782847));
#8833=CARTESIAN_POINT('',(-37.3411520423651,-3.00000000000001,24.9328771735027));
#8834=CARTESIAN_POINT('Origin',(0.,-3.00000000000001,0.));
#8835=CARTESIAN_POINT('',(-39.2273094765292,-3.00000000000001,26.3502325359868));
#8836=CARTESIAN_POINT('Origin',(-32.6028578283185,-7.00000000000001,21.3722800612672));
#8837=CARTESIAN_POINT('',(-36.5404388189145,-7.00000000000001,24.3311802204737));
#8838=CARTESIAN_POINT('',(-36.5404388189145,-4.25000000000001,24.3311802204736));
#8839=CARTESIAN_POINT('',(-37.3411520423651,-7.00000000000001,24.9328771735027));
#8840=CARTESIAN_POINT('',(-37.3411520423651,-3.50000000000001,24.9328771735027));
#8841=CARTESIAN_POINT('',(-0.908770298205824,-7.00000000000001,-2.44428164571094));
#8842=CARTESIAN_POINT('Origin',(-36.2235981553393,-7.00000000000001,30.3474463530043));
#8843=CARTESIAN_POINT('',(-33.5367274977246,-7.00000000000001,28.3283940374912));
#8844=CARTESIAN_POINT('',(-33.5367274977246,-4.25000000000001,28.3283940374912));
#8845=CARTESIAN_POINT('',(-34.3374407211752,-7.00000000000001,28.9300909905202));
#8846=CARTESIAN_POINT('',(-1.21728480112127,-7.00000000000001,4.04190840866636));
#8847=CARTESIAN_POINT('',(-34.3374407211752,-3.50000000000001,28.9300909905202));
#8848=CARTESIAN_POINT('Origin',(-29.81937194769,-3.00000000000001,31.0452547510032));
#8849=CARTESIAN_POINT('',(-28.5582417124479,-3.00000000000001,33.3412181885036));
#8850=CARTESIAN_POINT('',(-32.164253949167,-3.00000000000001,29.8775964209556));
#8851=CARTESIAN_POINT('Origin',(0.,-3.00000000000001,0.));
#8852=CARTESIAN_POINT('',(-29.2520669310289,-3.00000000000001,34.0635667577928));
#8853=CARTESIAN_POINT('',(-25.1462923259906,-3.00000000000001,29.7890025990568));
#8854=CARTESIAN_POINT('',(-32.858079167748,-3.00000000000001,30.5999449902448));
#8855=CARTESIAN_POINT('Origin',(0.,-3.00000000000001,0.));
#8856=CARTESIAN_POINT('',(-34.4924515693894,-3.00000000000001,32.3015069029496));
#8857=CARTESIAN_POINT('Origin',(-28.7523045627097,-7.00000000000001,26.3253808315088));
#8858=CARTESIAN_POINT('',(-32.164253949167,-7.00000000000001,29.8775964209556));
#8859=CARTESIAN_POINT('',(-32.164253949167,-4.25000000000001,29.8775964209556));
#8860=CARTESIAN_POINT('',(-32.858079167748,-7.00000000000001,30.5999449902448));
#8861=CARTESIAN_POINT('',(-32.858079167748,-3.50000000000001,30.5999449902448));
#8862=CARTESIAN_POINT('',(-0.514194151691475,-7.00000000000001,-3.0736062744194));
#8863=CARTESIAN_POINT('Origin',(-30.8864393326704,-7.00000000000001,35.7651286704976));
#8864=CARTESIAN_POINT('',(-28.5582417124479,-7.00000000000001,33.3412181885036));
#8865=CARTESIAN_POINT('',(-28.5582417124479,-4.25000000000001,33.3412181885036));
#8866=CARTESIAN_POINT('',(-29.2520669310289,-7.00000000000001,34.0635667577928));
#8867=CARTESIAN_POINT('',(0.221744581687734,-7.00000000000001,3.37807852884898));
#8868=CARTESIAN_POINT('',(-29.2520669310289,-3.50000000000001,34.0635667577928));
#8869=CARTESIAN_POINT('Origin',(-24.4532098335012,-3.00000000000001,35.4265905041416));
#8870=CARTESIAN_POINT('',(-22.8401124677728,-3.00000000000001,37.4905223017697));
#8871=CARTESIAN_POINT('',(-26.9550317972411,-3.00000000000001,34.6501985681139));
#8872=CARTESIAN_POINT('Origin',(0.,-3.00000000000001,0.));
#8873=CARTESIAN_POINT('',(-23.4090799727725,-3.00000000000001,38.3148140388067));
#8874=CARTESIAN_POINT('',(-20.0421623823489,-3.00000000000001,33.4369917999564));
#8875=CARTESIAN_POINT('',(-27.5239993022408,-3.00000000000001,35.474490305151));
#8876=CARTESIAN_POINT('Origin',(0.,-3.00000000000001,0.));
#8877=CARTESIAN_POINT('',(-28.8642572846534,-3.00000000000001,37.4161892083268));
#8878=CARTESIAN_POINT('Origin',(-24.1570817118172,-7.00000000000001,30.5966680663006));
#8879=CARTESIAN_POINT('',(-26.9550317972411,-7.00000000000001,34.6501985681139));
#8880=CARTESIAN_POINT('',(-26.9550317972411,-4.25000000000001,34.6501985681139));
#8881=CARTESIAN_POINT('',(-27.5239993022408,-7.00000000000001,35.474490305151));
#8882=CARTESIAN_POINT('',(-27.5239993022408,-3.50000000000001,35.474490305151));
#8883=CARTESIAN_POINT('',(-0.678682691116416,-7.00000000000001,-3.41766516285639));
#8884=CARTESIAN_POINT('Origin',(-24.7493379551851,-7.00000000000001,40.2565129419826));
#8885=CARTESIAN_POINT('',(-22.8401124677728,-7.00000000000001,37.4905223017697));
#8886=CARTESIAN_POINT('',(-22.8401124677728,-4.25000000000001,37.4905223017697));
#8887=CARTESIAN_POINT('',(-23.4090799727725,-7.00000000000001,38.3148140388067));
#8888=CARTESIAN_POINT('',(1.08264885193378,-7.00000000000001,2.83241914181251));
#8889=CARTESIAN_POINT('',(-23.4090799727725,-3.50000000000001,38.3148140388067));
#8890=CARTESIAN_POINT('Origin',(-18.4537224293046,-3.00000000000001,38.8903961719542));
#8891=CARTESIAN_POINT('',(-16.5304363075413,-3.00000000000001,40.6688415802851));
#8892=CARTESIAN_POINT('',(-21.0476884805932,-3.00000000000001,38.5253787732698));
#8893=CARTESIAN_POINT('Origin',(0.,-3.00000000000001,0.));
#8894=CARTESIAN_POINT('',(-16.9598101394451,-3.00000000000001,41.5737277620612));
#8895=CARTESIAN_POINT('',(-14.4189509606678,-3.00000000000001,36.2189804768805));
#8896=CARTESIAN_POINT('',(-21.477062312497,-3.00000000000001,39.4302649550459));
#8897=CARTESIAN_POINT('Origin',(0.,-3.00000000000001,0.));
#8898=CARTESIAN_POINT('',(-22.4884938979414,-3.00000000000001,41.561811867028));
#8899=CARTESIAN_POINT('Origin',(-18.9362031337197,-7.00000000000001,34.0755176698652));
#8900=CARTESIAN_POINT('',(-21.0476884805932,-7.00000000000001,38.5253787732698));
#8901=CARTESIAN_POINT('',(-21.0476884805932,-4.25000000000001,38.5253787732698));
#8902=CARTESIAN_POINT('',(-21.477062312497,-7.00000000000001,39.4302649550459));
#8903=CARTESIAN_POINT('',(-21.477062312497,-3.50000000000001,39.4302649550459));
#8904=CARTESIAN_POINT('',(-1.218125974831,-7.00000000000001,-3.26453893682787));
#8905=CARTESIAN_POINT('Origin',(-17.9712417248895,-7.00000000000001,43.7052746740433));
#8906=CARTESIAN_POINT('',(-16.5304363075413,-7.00000000000001,40.6688415802851));
#8907=CARTESIAN_POINT('',(-16.5304363075413,-4.25000000000001,40.668841580285));
#8908=CARTESIAN_POINT('',(-16.9598101394451,-7.00000000000001,41.5737277620612));
#8909=CARTESIAN_POINT('',(1.52298081611006,-7.00000000000001,2.6220709687688));
#8910=CARTESIAN_POINT('',(-16.9598101394451,-3.50000000000001,41.5737277620612));
#8911=CARTESIAN_POINT('Origin',(-11.9762933074833,-3.00000000000001,41.3469610070982));
#8912=CARTESIAN_POINT('',(-9.79263052998305,-3.00000000000001,42.7938592242304));
#8913=CARTESIAN_POINT('',(-14.5952210881399,-3.00000000000001,41.4027719046481));
#8914=CARTESIAN_POINT('Origin',(0.,-3.00000000000001,0.));
#8915=CARTESIAN_POINT('',(-10.0712901320844,-3.00000000000001,43.7559037739524));
#8916=CARTESIAN_POINT('',(-8.4222962830317,-3.00000000000001,38.0629165844083));
#8917=CARTESIAN_POINT('',(-14.8738806902412,-3.00000000000001,42.3648164543701));
#8918=CARTESIAN_POINT('Origin',(0.,-3.00000000000001,0.));
#8919=CARTESIAN_POINT('',(-15.5302903319349,-3.00000000000001,44.6310054297882));
#8920=CARTESIAN_POINT('Origin',(-13.2248868411886,-7.00000000000001,36.671829264826));
#8921=CARTESIAN_POINT('',(-14.5952210881399,-7.00000000000001,41.4027719046481));
#8922=CARTESIAN_POINT('',(-14.5952210881399,-4.25000000000001,41.4027719046481));
#8923=CARTESIAN_POINT('',(-14.8738806902412,-7.00000000000001,42.3648164543701));
#8924=CARTESIAN_POINT('',(-14.8738806902412,-3.50000000000001,42.3648164543701));
#8925=CARTESIAN_POINT('',(-1.88367236743268,-7.00000000000001,-2.48258525894977));
#8926=CARTESIAN_POINT('Origin',(-10.7276997737781,-7.00000000000001,46.0220927493705));
#8927=CARTESIAN_POINT('',(-9.79263052998305,-7.00000000000001,42.7938592242304));
#8928=CARTESIAN_POINT('',(-9.79263052998305,-4.25000000000001,42.7938592242304));
#8929=CARTESIAN_POINT('',(-10.0712901320844,-7.00000000000001,43.7559037739524));
#8930=CARTESIAN_POINT('',(1.766216445351,-7.00000000000001,2.88809014311361));
#8931=CARTESIAN_POINT('',(-10.0712901320844,-3.50000000000001,43.7559037739524));
#8932=CARTESIAN_POINT('Origin',(-5.18868447985558,-3.00000000000001,42.7326612707175));
#8933=CARTESIAN_POINT('',(-2.80120076553034,-3.00000000000001,43.8105383928478));
#8934=CARTESIAN_POINT('',(-7.76474513602061,-3.00000000000001,43.2078549915712));
#8935=CARTESIAN_POINT('Origin',(0.,-3.00000000000001,0.));
#8936=CARTESIAN_POINT('',(-2.92192900050788,-3.00000000000001,44.8048248620167));
#8937=CARTESIAN_POINT('',(-2.20750855569374,-3.00000000000001,38.9210431459298));
#8938=CARTESIAN_POINT('',(-7.88547337099815,-3.00000000000001,44.2021414607401));
#8939=CARTESIAN_POINT('Origin',(0.,-3.00000000000001,0.));
#8940=CARTESIAN_POINT('',(-8.16986040401741,-3.00000000000001,46.5442793955052));
#8941=CARTESIAN_POINT('Origin',(-7.17105292618401,-7.00000000000001,38.3183597446532));
#8942=CARTESIAN_POINT('',(-7.76474513602061,-7.00000000000001,43.2078549915712));
#8943=CARTESIAN_POINT('',(-7.76474513602061,-4.25000000000001,43.2078549915712));
#8944=CARTESIAN_POINT('',(-7.88547337099815,-7.00000000000001,44.2021414607401));
#8945=CARTESIAN_POINT('',(-7.88547337099816,-3.50000000000001,44.2021414607401));
#8946=CARTESIAN_POINT('',(-2.39234922219766,-7.00000000000001,-1.03780605968109));
#8947=CARTESIAN_POINT('Origin',(-3.20631603352714,-7.00000000000001,47.1469627967818));
#8948=CARTESIAN_POINT('',(-2.80120076553034,-7.00000000000001,43.8105383928478));
#8949=CARTESIAN_POINT('',(-2.80120076553034,-4.25000000000001,43.8105383928478));
#8950=CARTESIAN_POINT('',(-2.92192900050788,-7.00000000000001,44.8048248620167));
#8951=CARTESIAN_POINT('',(2.07179140937591,-7.00000000000001,3.67783716702151));
#8952=CARTESIAN_POINT('',(-2.92192900050788,-3.50000000000001,44.8048248620167));
#8953=CARTESIAN_POINT('Origin',(1.73330855030985,-3.00000000000001,43.0116080538591));
#8954=CARTESIAN_POINT('',(4.26277862734653,-3.00000000000001,43.6925476297073));
#8955=CARTESIAN_POINT('',(-0.733166363511324,-3.00000000000001,43.8938773302544));
#8956=CARTESIAN_POINT('Origin',(0.,-3.00000000000001,0.));
#8957=CARTESIAN_POINT('',(4.30310855736305,-3.00000000000001,44.6933245210462));
#8958=CARTESIAN_POINT('',(4.06445248368578,-3.00000000000001,38.7711351342549));
#8959=CARTESIAN_POINT('',(-0.6928364334948,-3.00000000000001,44.8946542215933));
#8960=CARTESIAN_POINT('Origin',(0.,-3.00000000000001,0.));
#8961=CARTESIAN_POINT('',(-0.597835383066069,-3.00000000000001,47.2520809734633));
#8962=CARTESIAN_POINT('Origin',(-0.931492507172071,-7.00000000000001,38.9724648348019));
#8963=CARTESIAN_POINT('',(-0.733166363511324,-7.00000000000001,43.8938773302544));
#8964=CARTESIAN_POINT('',(-0.733166363511323,-4.25000000000001,43.8938773302544));
#8965=CARTESIAN_POINT('',(-0.6928364334948,-7.00000000000001,44.8946542215933));
#8966=CARTESIAN_POINT('',(-0.692836433494799,-3.50000000000001,44.8946542215933));
#8967=CARTESIAN_POINT('',(-2.46174309667494,-7.00000000000001,0.999688107820628));
#8968=CARTESIAN_POINT('Origin',(4.39810960779178,-7.00000000000001,47.0507512729162));
#8969=CARTESIAN_POINT('',(4.26277862734653,-7.00000000000001,43.6925476297073));
#8970=CARTESIAN_POINT('',(4.26277862734653,-4.25000000000001,43.6925476297073));
#8971=CARTESIAN_POINT('',(4.30310855736305,-7.00000000000001,44.6933245210462));
#8972=CARTESIAN_POINT('',(2.70103045623591,-7.00000000000001,4.93816647660424));
#8973=CARTESIAN_POINT('',(4.30310855736305,-3.50000000000001,44.6933245210462));
#8974=CARTESIAN_POINT('Origin',(8.61040979948738,-3.00000000000001,42.1765767813637));
#8975=CARTESIAN_POINT('',(11.2163542929097,-3.00000000000001,42.4429428335963));
#8976=CARTESIAN_POINT('',(6.31740103269838,-3.00000000000001,43.4430713024766));
#8977=CARTESIAN_POINT('Origin',(0.,-3.00000000000001,0.));
#8978=CARTESIAN_POINT('',(11.4166978639172,-3.00000000000001,43.4242905513035));
#8979=CARTESIAN_POINT('',(10.2311463386965,-3.00000000000001,37.6170750881427));
#8980=CARTESIAN_POINT('',(6.51774460370589,-3.00000000000001,44.4244190201837));
#8981=CARTESIAN_POINT('Origin',(0.,-3.00000000000001,0.));
#8982=CARTESIAN_POINT('',(6.98967326027826,-3.00000000000001,46.7360784745846));
#8983=CARTESIAN_POINT('Origin',(5.33219307848516,-7.00000000000001,38.6172035570229));
#8984=CARTESIAN_POINT('',(6.31740103269838,-7.00000000000001,43.4430713024766));
#8985=CARTESIAN_POINT('',(6.31740103269838,-4.25000000000001,43.4430713024766));
#8986=CARTESIAN_POINT('',(6.51774460370589,-7.00000000000001,44.4244190201837));
#8987=CARTESIAN_POINT('',(6.51774460370588,-3.50000000000001,44.4244190201837));
#8988=CARTESIAN_POINT('',(-1.84502610416369,-7.00000000000001,3.46085873918548));
#8989=CARTESIAN_POINT('Origin',(11.8886265204896,-7.00000000000001,45.7359500057044));
#8990=CARTESIAN_POINT('',(11.2163542929097,-7.00000000000001,42.4429428335963));
#8991=CARTESIAN_POINT('',(11.2163542929097,-4.25000000000001,42.4429428335963));
#8992=CARTESIAN_POINT('',(11.4166978639172,-7.00000000000001,43.4242905513035));
#8993=CARTESIAN_POINT('',(3.8826672469442,-7.00000000000001,6.52016772908608));
#8994=CARTESIAN_POINT('',(11.4166978639172,-3.50000000000001,43.4242905513035));
#8995=CARTESIAN_POINT('Origin',(15.2645059576983,-3.00000000000001,40.2491943245671));
#8996=CARTESIAN_POINT('',(17.8794322739663,-3.00000000000001,40.0940881123471));
#8997=CARTESIAN_POINT('',(13.2043510605392,-3.00000000000001,41.8671125475598));
#8998=CARTESIAN_POINT('Origin',(0.,-3.00000000000001,0.));
#8999=CARTESIAN_POINT('',(18.2346006927113,-3.00000000000001,41.0305902660122));
#9000=CARTESIAN_POINT('',(16.1328588777088,-3.00000000000001,35.4887525565879));
#9001=CARTESIAN_POINT('',(13.5595194792843,-3.00000000000001,42.8036147012249));
#9002=CARTESIAN_POINT('Origin',(0.,-3.00000000000001,0.));
#9003=CARTESIAN_POINT('',(14.3961530376878,-3.00000000000001,45.0096360925464));
#9004=CARTESIAN_POINT('Origin',(11.4577776642818,-7.00000000000001,37.2617769918006));
#9005=CARTESIAN_POINT('',(13.2043510605392,-7.00000000000001,41.8671125475598));
#9006=CARTESIAN_POINT('',(13.2043510605392,-4.25000000000001,41.8671125475598));
#9007=CARTESIAN_POINT('',(13.5595194792843,-7.00000000000001,42.8036147012249));
#9008=CARTESIAN_POINT('',(13.5595194792843,-3.50000000000001,42.8036147012249));
#9009=CARTESIAN_POINT('',(-0.362568921585831,-7.00000000000001,6.09408456619806));
#9010=CARTESIAN_POINT('Origin',(19.0712342511148,-7.00000000000001,43.2366116573337));
#9011=CARTESIAN_POINT('',(17.8794322739663,-7.00000000000001,40.0940881123471));
#9012=CARTESIAN_POINT('',(17.8794322739663,-4.25000000000001,40.0940881123471));
#9013=CARTESIAN_POINT('',(18.2346006927113,-7.00000000000001,41.0305902660122));
#9014=CARTESIAN_POINT('',(5.78169997854425,-7.00000000000001,8.19498968135829));
#9015=CARTESIAN_POINT('',(18.2346006927113,-3.50000000000001,41.0305902660122));
#9016=CARTESIAN_POINT('Origin',(21.5232594296808,-3.00000000000001,37.2793788766931));
#9017=CARTESIAN_POINT('',(24.0794423507607,-3.00000000000001,36.7068175694433));
#9018=CARTESIAN_POINT('',(19.7493153318385,-3.00000000000001,39.2068175694433));
#9019=CARTESIAN_POINT('Origin',(0.,-3.00000000000001,0.));
#9020=CARTESIAN_POINT('',(24.5802369417592,-3.00000000000001,37.5742192452083));
#9021=CARTESIAN_POINT('',(21.6167388459893,-3.00000000000001,32.4412899752012));
#9022=CARTESIAN_POINT('',(20.250109922837,-3.00000000000001,40.0742192452083));
#9023=CARTESIAN_POINT('Origin',(0.,-3.00000000000001,0.));
#9024=CARTESIAN_POINT('',(21.4297800133723,-3.00000000000001,42.1174677781849));
#9025=CARTESIAN_POINT('Origin',(17.2866118270671,-7.00000000000001,34.9412899752012));
#9026=CARTESIAN_POINT('',(19.7493153318385,-7.00000000000001,39.2068175694433));
#9027=CARTESIAN_POINT('',(19.7493153318385,-4.25000000000001,39.2068175694433));
#9028=CARTESIAN_POINT('',(20.250109922837,-7.00000000000001,40.0742192452083));
#9029=CARTESIAN_POINT('',(20.250109922837,-3.50000000000001,40.0742192452083));
#9030=CARTESIAN_POINT('',(2.07327415880297,-7.00000000000001,8.59101618106638));
#9031=CARTESIAN_POINT('Origin',(25.7599070322945,-7.00000000000001,39.6174677781849));
#9032=CARTESIAN_POINT('',(24.0794423507607,-7.00000000000001,36.7068175694433));
#9033=CARTESIAN_POINT('',(24.0794423507607,-4.25000000000001,36.7068175694433));
#9034=CARTESIAN_POINT('',(24.5802369417592,-7.00000000000001,37.5742192452083));
#9035=CARTESIAN_POINT('',(8.4749852708778,-7.00000000000001,9.67910508255824));
#9036=CARTESIAN_POINT('',(24.5802369417592,-3.50000000000001,37.5742192452083));
#9037=CARTESIAN_POINT('Origin',(27.2245717880824,-3.00000000000001,33.3440470978692));
#9038=CARTESIAN_POINT('',(29.6558075190194,-3.00000000000001,32.3688597326948));
#9039=CARTESIAN_POINT('',(25.7827827098811,-3.00000000000001,35.5310866106717));
#9040=CARTESIAN_POINT('Origin',(0.,-3.00000000000001,0.));
#9041=CARTESIAN_POINT('',(30.2892579654197,-3.00000000000001,33.1446956827825));
#9042=CARTESIAN_POINT('',(26.5407566329089,-3.00000000000001,28.5536150240822));
#9043=CARTESIAN_POINT('',(26.4162331562814,-3.00000000000001,36.3069225607594));
#9044=CARTESIAN_POINT('Origin',(0.,-3.00000000000001,0.));
#9045=CARTESIAN_POINT('',(27.908386943256,-3.00000000000001,38.1344791716562));
#9046=CARTESIAN_POINT('Origin',(22.6677318237706,-7.00000000000001,31.7158419020591));
#9047=CARTESIAN_POINT('',(25.7827827098811,-7.00000000000001,35.5310866106717));
#9048=CARTESIAN_POINT('',(25.7827827098811,-4.25000000000001,35.5310866106717));
#9049=CARTESIAN_POINT('',(26.4162331562814,-7.00000000000001,36.3069225607594));
#9050=CARTESIAN_POINT('',(26.4162331562814,-3.50000000000001,36.3069225607594));
#9051=CARTESIAN_POINT('',(5.44292225923082,-7.00000000000001,10.6192800959607));
#9052=CARTESIAN_POINT('Origin',(31.7814117523942,-7.00000000000001,34.9722522936793));
#9053=CARTESIAN_POINT('',(29.6558075190194,-7.00000000000001,32.3688597326948));
#9054=CARTESIAN_POINT('',(29.6558075190194,-4.25000000000001,32.3688597326948));
#9055=CARTESIAN_POINT('',(30.2892579654197,-7.00000000000001,33.1446956827825));
#9056=CARTESIAN_POINT('',(11.9362746281118,-7.00000000000001,10.6663718527824));
#9057=CARTESIAN_POINT('',(30.2892579654197,-3.50000000000001,33.1446956827825));
#9058=CARTESIAN_POINT('Origin',(32.2207820375821,-3.00000000000001,28.5451220140324));
#9059=CARTESIAN_POINT('',(34.4641028500142,-3.00000000000001,27.1925654314491));
#9060=CARTESIAN_POINT('',(31.1484895588103,-3.00000000000001,30.9351191723046));
#9061=CARTESIAN_POINT('Origin',(0.,-3.00000000000001,0.));
#9062=CARTESIAN_POINT('',(35.2138031179908,-3.00000000000001,27.8567419122801));
#9063=CARTESIAN_POINT('',(30.7773827642541,-3.00000000000001,23.9264164423632));
#9064=CARTESIAN_POINT('',(31.8981898267868,-3.00000000000001,31.5992956531356));
#9065=CARTESIAN_POINT('Origin',(0.,-3.00000000000001,0.));
#9066=CARTESIAN_POINT('',(33.6641813109102,-3.00000000000001,33.1638275857016));
#9067=CARTESIAN_POINT('Origin',(27.4617694730501,-7.00000000000001,27.6689701832187));
#9068=CARTESIAN_POINT('',(31.1484895588103,-7.00000000000001,30.9351191723046));
#9069=CARTESIAN_POINT('',(31.1484895588103,-4.25000000000001,30.9351191723046));
#9070=CARTESIAN_POINT('',(31.8981898267868,-7.00000000000001,31.5992956531356));
#9071=CARTESIAN_POINT('',(31.8981898267868,-3.50000000000001,31.5992956531356));
#9072=CARTESIAN_POINT('',(9.61559708537062,-7.00000000000001,11.8586410703008));
#9073=CARTESIAN_POINT('Origin',(36.9797946021142,-7.00000000000001,29.4212738448461));
#9074=CARTESIAN_POINT('',(34.4641028500142,-7.00000000000001,27.1925654314491));
#9075=CARTESIAN_POINT('',(34.4641028500142,-4.25000000000001,27.1925654314491));
#9076=CARTESIAN_POINT('',(35.2138031179908,-7.00000000000001,27.8567419122801));
#9077=CARTESIAN_POINT('',(16.0324162955047,-7.00000000000001,10.8635160306868));
#9078=CARTESIAN_POINT('',(35.2138031179908,-3.50000000000001,27.8567419122801));
#9079=CARTESIAN_POINT('Origin',(36.3824909571064,-3.00000000000001,23.0068932640946));
#9080=CARTESIAN_POINT('',(38.3797960203538,-3.00000000000001,21.3119979691261));
#9081=CARTESIAN_POINT('',(35.7074668897148,-3.00000000000001,25.5379483968451));
#9082=CARTESIAN_POINT('Origin',(0.,-3.00000000000001,0.));
#9083=CARTESIAN_POINT('',(39.2263292667655,-3.00000000000001,21.8473131587227));
#9084=CARTESIAN_POINT('',(34.2168908486202,-3.00000000000001,18.6795362427551));
#9085=CARTESIAN_POINT('',(36.5540001361265,-3.00000000000001,26.0732635864417));
#9086=CARTESIAN_POINT('Origin',(0.,-3.00000000000001,0.));
#9087=CARTESIAN_POINT('',(38.5480910655926,-3.00000000000001,27.3342502854342));
#9088=CARTESIAN_POINT('Origin',(31.5445617179812,-7.00000000000001,22.9054866704741));
#9089=CARTESIAN_POINT('',(35.7074668897148,-7.00000000000001,25.5379483968451));
#9090=CARTESIAN_POINT('',(35.7074668897148,-4.25000000000001,25.5379483968451));
#9091=CARTESIAN_POINT('',(36.5540001361265,-7.00000000000001,26.0732635864417));
#9092=CARTESIAN_POINT('',(36.5540001361265,-3.50000000000001,26.0732635864417));
#9093=CARTESIAN_POINT('',(14.3571879809564,-7.00000000000001,12.0368500638155));
#9094=CARTESIAN_POINT('Origin',(41.2204201962316,-7.00000000000001,23.1082998577152));
#9095=CARTESIAN_POINT('',(38.3797960203538,-7.00000000000001,21.3119979691261));
#9096=CARTESIAN_POINT('',(38.3797960203538,-4.25000000000001,21.3119979691261));
#9097=CARTESIAN_POINT('',(39.2263292667655,-7.00000000000001,21.8473131587227));
#9098=CARTESIAN_POINT('',(20.5312817854011,-7.00000000000001,10.0252814435765));
#9099=CARTESIAN_POINT('',(39.2263292667655,-3.50000000000001,21.8473131587227));
#9100=CARTESIAN_POINT('Origin',(39.6019124716845,-3.00000000000001,16.8727980635817));
#9101=CARTESIAN_POINT('',(41.3014726337452,-3.00000000000001,14.8794609540801));
#9102=CARTESIAN_POINT('',(39.3416395844449,-3.00000000000001,19.4793581723742));
#9103=CARTESIAN_POINT('Origin',(0.,-3.00000000000001,0.));
#9104=CARTESIAN_POINT('',(42.2229140921734,-3.00000000000001,15.2720504702199));
#9105=CARTESIAN_POINT('',(36.7701994333127,-3.00000000000001,12.9488658663685));
#9106=CARTESIAN_POINT('',(40.263081042873,-3.00000000000001,19.871947688514));
#9107=CARTESIAN_POINT('Origin',(0.,-3.00000000000001,0.));
#9108=CARTESIAN_POINT('',(42.4336255100564,-3.00000000000001,20.796730260795));
#9109=CARTESIAN_POINT('Origin',(34.8103663840123,-7.00000000000001,17.5487630846626));
#9110=CARTESIAN_POINT('',(39.3416395844449,-7.00000000000001,19.4793581723742));
#9111=CARTESIAN_POINT('',(39.3416395844449,-4.25000000000001,19.4793581723742));
#9112=CARTESIAN_POINT('',(40.263081042873,-7.00000000000001,19.871947688514));
#9113=CARTESIAN_POINT('',(40.263081042873,-3.50000000000001,19.871947688514));
#9114=CARTESIAN_POINT('',(19.349288263198,-7.00000000000001,10.9614133155249));
#9115=CARTESIAN_POINT('Origin',(44.3934585593568,-7.00000000000001,16.1968330425009));
#9116=CARTESIAN_POINT('',(41.3014726337452,-7.00000000000001,14.8794609540801));
#9117=CARTESIAN_POINT('',(41.3014726337452,-4.25000000000001,14.8794609540801));
#9118=CARTESIAN_POINT('',(42.2229140921734,-7.00000000000001,15.2720504702199));
#9119=CARTESIAN_POINT('',(25.1207508755204,-7.00000000000001,7.98549968529701));
#9120=CARTESIAN_POINT('',(42.2229140921734,-3.50000000000001,15.2720504702199));
#9121=CARTESIAN_POINT('Origin',(41.7956652551734,-3.00000000000001,10.301706256095));
#9122=CARTESIAN_POINT('',(43.1534628005878,-3.00000000000001,8.0615537161445));
#9123=CARTESIAN_POINT('',(41.95688447915,-3.00000000000001,12.9162628032748));
#9124=CARTESIAN_POINT('Origin',(0.,-3.00000000000001,0.));
#9125=CARTESIAN_POINT('',(44.1259476212701,-3.00000000000001,8.30124969657731));
#9126=CARTESIAN_POINT('',(38.3711791671792,-3.00000000000001,6.88282666576914));
#9127=CARTESIAN_POINT('',(42.9293692998324,-3.00000000000001,13.1559587837076));
#9128=CARTESIAN_POINT('Origin',(0.,-3.00000000000001,0.));
#9129=CARTESIAN_POINT('',(45.2201513431675,-3.00000000000001,13.7205858464208));
#9130=CARTESIAN_POINT('Origin',(37.1746008457414,-7.00000000000001,11.7375357528994));
#9131=CARTESIAN_POINT('',(41.95688447915,-7.00000000000001,12.9162628032748));
#9132=CARTESIAN_POINT('',(41.95688447915,-4.25000000000001,12.9162628032748));
#9133=CARTESIAN_POINT('',(42.9293692998324,-7.00000000000001,13.1559587837076));
#9134=CARTESIAN_POINT('',(42.9293692998324,-3.50000000000001,13.1559587837076));
#9135=CARTESIAN_POINT('',(24.2175745352121,-7.00000000000001,8.54391559663103));
#9136=CARTESIAN_POINT('Origin',(46.4167296646053,-7.00000000000001,8.86587675929059));
#9137=CARTESIAN_POINT('',(43.1534628005878,-7.00000000000001,8.0615537161445));
#9138=CARTESIAN_POINT('',(43.1534628005878,-4.25000000000001,8.0615537161445));
#9139=CARTESIAN_POINT('',(44.1259476212701,-7.00000000000001,8.30124969657731));
#9140=CARTESIAN_POINT('',(29.4369281053629,-7.00000000000001,4.6807315562615));
#9141=CARTESIAN_POINT('',(44.1259476212701,-3.50000000000001,8.30124969657731));
#9142=CARTESIAN_POINT('Origin',(42.9069322628058,-3.00000000000001,3.46380566781264));
#9143=CARTESIAN_POINT('',(43.887800948366,-3.00000000000001,1.03485647150006));
#9144=CARTESIAN_POINT('',(43.4854681047824,-3.00000000000001,6.01864301217111));
#9145=CARTESIAN_POINT('Origin',(0.,-3.00000000000001,0.));
#9146=CARTESIAN_POINT('',(44.8861422852695,-3.00000000000001,1.11545091623914));
#9147=CARTESIAN_POINT('',(38.9783655160686,-3.00000000000001,0.638525869908834));
#9148=CARTESIAN_POINT('',(44.4838094416859,-3.00000000000001,6.09923745691019));
#9149=CARTESIAN_POINT('Origin',(0.,-3.00000000000001,0.));
#9150=CARTESIAN_POINT('',(46.8354990095429,-3.00000000000001,6.28908546571645));
#9151=CARTESIAN_POINT('Origin',(38.576032672485,-7.00000000000001,5.62231241057988));
#9152=CARTESIAN_POINT('',(43.4854681047824,-7.00000000000001,6.01864301217111));
#9153=CARTESIAN_POINT('',(43.4854681047824,-4.25000000000001,6.01864301217111));
#9154=CARTESIAN_POINT('',(44.4838094416859,-7.00000000000001,6.09923745691019));
#9155=CARTESIAN_POINT('',(44.4838094416859,-3.50000000000001,6.09923745691019));
#9156=CARTESIAN_POINT('',(28.5667217606384,-7.00000000000001,4.81427729739592));
#9157=CARTESIAN_POINT('Origin',(47.2378318531265,-7.00000000000001,1.3052989250454));
#9158=CARTESIAN_POINT('',(43.887800948366,-7.00000000000001,1.03485647150006));
#9159=CARTESIAN_POINT('',(43.887800948366,-4.25000000000001,1.03485647150006));
#9160=CARTESIAN_POINT('',(44.8861422852695,-7.00000000000001,1.11545091623914));
#9161=CARTESIAN_POINT('',(33.098787772751,-7.00000000000001,0.163877284293155));
#9162=CARTESIAN_POINT('',(44.8861422852695,-3.50000000000001,1.11545091623914));
#9163=CARTESIAN_POINT('Origin',(42.9069322628057,-3.00000000000001,-3.46380566781265));
#9164=CARTESIAN_POINT('',(43.4854681047824,-3.00000000000001,-6.01864301217113));
#9165=CARTESIAN_POINT('',(43.887800948366,-3.00000000000001,-1.03485647150007));
#9166=CARTESIAN_POINT('Origin',(0.,-3.00000000000001,0.));
#9167=CARTESIAN_POINT('',(44.4838094416859,-3.00000000000001,-6.09923745691021));
#9168=CARTESIAN_POINT('',(38.576032672485,-3.00000000000001,-5.62231241057989));
#9169=CARTESIAN_POINT('',(44.8861422852695,-3.00000000000001,-1.11545091623915));
#9170=CARTESIAN_POINT('Origin',(0.,-3.00000000000001,0.));
#9171=CARTESIAN_POINT('',(47.2378318531265,-3.00000000000001,-1.30529892504542));
#9172=CARTESIAN_POINT('Origin',(38.9783655160686,-7.00000000000001,-0.638525869908845));
#9173=CARTESIAN_POINT('',(43.887800948366,-7.00000000000001,-1.03485647150007));
#9174=CARTESIAN_POINT('',(43.887800948366,-4.25000000000001,-1.03485647150007));
#9175=CARTESIAN_POINT('',(44.8861422852695,-7.00000000000001,-1.11545091623915));
#9176=CARTESIAN_POINT('',(44.8861422852695,-3.50000000000001,-1.11545091623915));
#9177=CARTESIAN_POINT('',(32.0183539660895,-7.00000000000001,-0.0766556502623628));
#9178=CARTESIAN_POINT('Origin',(46.8354990095429,-7.00000000000001,-6.28908546571647));
#9179=CARTESIAN_POINT('',(43.4854681047824,-7.00000000000001,-6.01864301217113));
#9180=CARTESIAN_POINT('',(43.4854681047824,-4.25000000000001,-6.01864301217112));
#9181=CARTESIAN_POINT('',(44.4838094416859,-7.00000000000001,-6.09923745691021));
#9182=CARTESIAN_POINT('',(35.7457542910348,-7.00000000000001,-5.39382871850169));
#9183=CARTESIAN_POINT('',(44.4838094416859,-3.50000000000001,-6.0992374569102));
#9184=CARTESIAN_POINT('Origin',(41.7956652551734,-3.00000000000001,-10.301706256095));
#9185=CARTESIAN_POINT('',(41.95688447915,-3.00000000000001,-12.9162628032748));
#9186=CARTESIAN_POINT('',(43.1534628005878,-3.00000000000001,-8.06155371614451));
#9187=CARTESIAN_POINT('Origin',(0.,-3.00000000000001,0.));
#9188=CARTESIAN_POINT('',(42.9293692998324,-3.00000000000001,-13.1559587837076));
#9189=CARTESIAN_POINT('',(37.1746008457414,-3.00000000000001,-11.7375357528994));
#9190=CARTESIAN_POINT('',(44.1259476212701,-3.00000000000001,-8.30124969657733));
#9191=CARTESIAN_POINT('Origin',(0.,-3.00000000000001,0.));
#9192=CARTESIAN_POINT('',(46.4167296646053,-3.00000000000001,-8.8658767592906));
#9193=CARTESIAN_POINT('Origin',(38.3711791671792,-7.00000000000001,-6.88282666576916));
#9194=CARTESIAN_POINT('',(43.1534628005878,-7.00000000000001,-8.06155371614451));
#9195=CARTESIAN_POINT('',(43.1534628005878,-4.25000000000001,-8.06155371614452));
#9196=CARTESIAN_POINT('',(44.1259476212701,-7.00000000000001,-8.30124969657733));
#9197=CARTESIAN_POINT('',(44.1259476212701,-3.50000000000001,-8.30124969657733));
#9198=CARTESIAN_POINT('',(34.2481953527922,-7.00000000000001,-5.8666024258836));
#9199=CARTESIAN_POINT('Origin',(45.2201513431675,-7.00000000000001,-13.7205858464209));
#9200=CARTESIAN_POINT('',(41.95688447915,-7.00000000000001,-12.9162628032748));
#9201=CARTESIAN_POINT('',(41.95688447915,-4.25000000000001,-12.9162628032748));
#9202=CARTESIAN_POINT('',(42.9293692998324,-7.00000000000001,-13.1559587837076));
#9203=CARTESIAN_POINT('',(37.0743922800674,-7.00000000000001,-11.7128365597746));
#9204=CARTESIAN_POINT('',(42.9293692998324,-3.50000000000001,-13.1559587837076));
#9205=CARTESIAN_POINT('Origin',(39.6019124716845,-3.00000000000001,-16.8727980635817));
#9206=CARTESIAN_POINT('',(39.3416395844449,-3.00000000000001,-19.4793581723742));
#9207=CARTESIAN_POINT('',(41.3014726337452,-3.00000000000001,-14.8794609540801));
#9208=CARTESIAN_POINT('Origin',(0.,-3.00000000000001,0.));
#9209=CARTESIAN_POINT('',(40.263081042873,-3.00000000000001,-19.871947688514));
#9210=CARTESIAN_POINT('',(34.8103663840123,-3.00000000000001,-17.5487630846626));
#9211=CARTESIAN_POINT('',(42.2229140921734,-3.00000000000001,-15.2720504702199));
#9212=CARTESIAN_POINT('Origin',(0.,-3.00000000000001,0.));
#9213=CARTESIAN_POINT('',(44.3934585593568,-3.00000000000001,-16.1968330425009));
#9214=CARTESIAN_POINT('Origin',(36.7701994333127,-7.00000000000001,-12.9488658663685));
#9215=CARTESIAN_POINT('',(41.3014726337452,-7.00000000000001,-14.8794609540801));
#9216=CARTESIAN_POINT('',(41.3014726337452,-4.25000000000001,-14.8794609540801));
#9217=CARTESIAN_POINT('',(42.2229140921734,-7.00000000000001,-15.2720504702199));
#9218=CARTESIAN_POINT('',(42.2229140921734,-3.50000000000001,-15.2720504702199));
#9219=CARTESIAN_POINT('',(35.0186444252324,-7.00000000000001,-12.202598019589));
#9220=CARTESIAN_POINT('Origin',(42.4336255100564,-7.00000000000001,-20.796730260795));
#9221=CARTESIAN_POINT('',(39.3416395844449,-7.00000000000001,-19.4793581723742));
#9222=CARTESIAN_POINT('',(39.3416395844449,-4.25000000000001,-19.4793581723742));
#9223=CARTESIAN_POINT('',(40.263081042873,-7.00000000000001,-19.871947688514));
#9224=CARTESIAN_POINT('',(36.870440938954,-7.00000000000001,-18.4264788259493));
#9225=CARTESIAN_POINT('',(40.263081042873,-3.50000000000001,-19.871947688514));
#9226=CARTESIAN_POINT('Origin',(36.3824909571064,-3.00000000000001,-23.0068932640947));
#9227=CARTESIAN_POINT('',(35.7074668897148,-3.00000000000001,-25.5379483968451));
#9228=CARTESIAN_POINT('',(38.3797960203538,-3.00000000000001,-21.3119979691261));
#9229=CARTESIAN_POINT('Origin',(0.,-3.00000000000001,0.));
#9230=CARTESIAN_POINT('',(36.5540001361265,-3.00000000000001,-26.0732635864417));
#9231=CARTESIAN_POINT('',(31.5445617179812,-3.00000000000001,-22.9054866704741));
#9232=CARTESIAN_POINT('',(39.2263292667655,-3.00000000000001,-21.8473131587228));
#9233=CARTESIAN_POINT('Origin',(0.,-3.00000000000001,0.));
#9234=CARTESIAN_POINT('',(41.2204201962316,-3.00000000000001,-23.1082998577152));
#9235=CARTESIAN_POINT('Origin',(34.2168908486202,-7.00000000000001,-18.6795362427551));
#9236=CARTESIAN_POINT('',(38.3797960203538,-7.00000000000001,-21.3119979691261));
#9237=CARTESIAN_POINT('',(38.3797960203538,-4.25000000000001,-21.3119979691261));
#9238=CARTESIAN_POINT('',(39.2263292667655,-7.00000000000001,-21.8473131587228));
#9239=CARTESIAN_POINT('',(39.2263292667655,-3.50000000000001,-21.8473131587227));
#9240=CARTESIAN_POINT('',(34.2034391637428,-7.00000000000001,-18.6710299126481));
#9241=CARTESIAN_POINT('Origin',(38.5480910655926,-7.00000000000001,-27.3342502854342));
#9242=CARTESIAN_POINT('',(35.7074668897148,-7.00000000000001,-25.5379483968451));
#9243=CARTESIAN_POINT('',(35.7074668897148,-4.25000000000001,-25.5379483968451));
#9244=CARTESIAN_POINT('',(36.5540001361265,-7.00000000000001,-26.0732635864417));
#9245=CARTESIAN_POINT('',(35.0328747069095,-7.00000000000001,-25.1113621478471));
#9246=CARTESIAN_POINT('',(36.5540001361265,-3.50000000000001,-26.0732635864417));
#9247=CARTESIAN_POINT('Origin',(32.2207820375821,-3.00000000000001,-28.5451220140324));
#9248=CARTESIAN_POINT('',(31.1484895588103,-3.00000000000001,-30.9351191723046));
#9249=CARTESIAN_POINT('',(34.4641028500142,-3.00000000000001,-27.1925654314491));
#9250=CARTESIAN_POINT('Origin',(0.,-3.00000000000001,0.));
#9251=CARTESIAN_POINT('',(31.8981898267868,-3.00000000000001,-31.5992956531356));
#9252=CARTESIAN_POINT('',(27.4617694730501,-3.00000000000001,-27.6689701832187));
#9253=CARTESIAN_POINT('',(35.2138031179908,-3.00000000000001,-27.8567419122801));
#9254=CARTESIAN_POINT('Origin',(0.,-3.00000000000001,0.));
#9255=CARTESIAN_POINT('',(36.9797946021142,-3.00000000000001,-29.4212738448461));
#9256=CARTESIAN_POINT('Origin',(30.7773827642541,-7.00000000000001,-23.9264164423632));
#9257=CARTESIAN_POINT('',(34.4641028500142,-7.00000000000001,-27.1925654314491));
#9258=CARTESIAN_POINT('',(34.4641028500142,-4.25000000000001,-27.1925654314491));
#9259=CARTESIAN_POINT('',(35.2138031179908,-7.00000000000001,-27.8567419122801));
#9260=CARTESIAN_POINT('',(35.2138031179908,-3.50000000000001,-27.8567419122801));
#9261=CARTESIAN_POINT('',(31.8018690990836,-7.00000000000001,-24.8340321357163));
#9262=CARTESIAN_POINT('Origin',(33.6641813109102,-7.00000000000001,-33.1638275857016));
#9263=CARTESIAN_POINT('',(31.1484895588103,-7.00000000000001,-30.9351191723046));
#9264=CARTESIAN_POINT('',(31.1484895588103,-4.25000000000001,-30.9351191723046));
#9265=CARTESIAN_POINT('',(31.8981898267868,-7.00000000000001,-31.5992956531356));
#9266=CARTESIAN_POINT('',(31.5874617268097,-7.00000000000001,-31.3240145778132));
#9267=CARTESIAN_POINT('',(31.8981898267868,-3.50000000000001,-31.5992956531356));
#9268=CARTESIAN_POINT('Origin',(27.2245717880824,-3.00000000000001,-33.3440470978692));
#9269=CARTESIAN_POINT('',(25.7827827098811,-3.00000000000001,-35.5310866106717));
#9270=CARTESIAN_POINT('',(29.6558075190194,-3.00000000000001,-32.3688597326949));
#9271=CARTESIAN_POINT('Origin',(0.,-3.00000000000001,0.));
#9272=CARTESIAN_POINT('',(26.4162331562814,-3.00000000000001,-36.3069225607594));
#9273=CARTESIAN_POINT('',(22.6677318237706,-3.00000000000001,-31.7158419020591));
#9274=CARTESIAN_POINT('',(30.2892579654197,-3.00000000000001,-33.1446956827825));
#9275=CARTESIAN_POINT('Origin',(0.,-3.00000000000001,0.));
#9276=CARTESIAN_POINT('',(31.7814117523942,-3.00000000000001,-34.9722522936793));
#9277=CARTESIAN_POINT('Origin',(26.5407566329089,-7.00000000000001,-28.5536150240822));
#9278=CARTESIAN_POINT('',(29.6558075190194,-7.00000000000001,-32.3688597326949));
#9279=CARTESIAN_POINT('',(29.6558075190194,-4.25000000000001,-32.3688597326949));
#9280=CARTESIAN_POINT('',(30.2892579654197,-7.00000000000001,-33.1446956827825));
#9281=CARTESIAN_POINT('',(30.2892579654197,-3.50000000000001,-33.1446956827825));
#9282=CARTESIAN_POINT('',(27.9410399799169,-7.00000000000001,-30.2686507732738));
#9283=CARTESIAN_POINT('Origin',(27.9083869432559,-7.00000000000001,-38.1344791716562));
#9284=CARTESIAN_POINT('',(25.7827827098811,-7.00000000000001,-35.5310866106717));
#9285=CARTESIAN_POINT('',(25.7827827098811,-4.25000000000001,-35.5310866106717));
#9286=CARTESIAN_POINT('',(26.4162331562814,-7.00000000000001,-36.3069225607594));
#9287=CARTESIAN_POINT('',(26.6883427305212,-7.00000000000001,-36.6401962860493));
#9288=CARTESIAN_POINT('',(26.4162331562814,-3.50000000000001,-36.3069225607594));
#9289=CARTESIAN_POINT('Origin',(21.5232594296808,-3.00000000000001,-37.2793788766931));
#9290=CARTESIAN_POINT('',(19.7493153318385,-3.00000000000001,-39.2068175694433));
#9291=CARTESIAN_POINT('',(24.0794423507607,-3.00000000000001,-36.7068175694433));
#9292=CARTESIAN_POINT('Origin',(0.,-3.00000000000001,0.));
#9293=CARTESIAN_POINT('',(20.250109922837,-3.00000000000001,-40.0742192452083));
#9294=CARTESIAN_POINT('',(17.2866118270671,-3.00000000000001,-34.9412899752012));
#9295=CARTESIAN_POINT('',(24.5802369417591,-3.00000000000001,-37.5742192452083));
#9296=CARTESIAN_POINT('Origin',(0.,-3.00000000000001,0.));
#9297=CARTESIAN_POINT('',(25.7599070322945,-3.00000000000001,-39.6174677781849));
#9298=CARTESIAN_POINT('Origin',(21.6167388459893,-7.00000000000001,-32.4412899752012));
#9299=CARTESIAN_POINT('',(24.0794423507607,-7.00000000000001,-36.7068175694433));
#9300=CARTESIAN_POINT('',(24.0794423507607,-4.25000000000001,-36.7068175694433));
#9301=CARTESIAN_POINT('',(24.5802369417591,-7.00000000000001,-37.5742192452083));
#9302=CARTESIAN_POINT('',(24.5802369417591,-3.50000000000001,-37.5742192452083));
#9303=CARTESIAN_POINT('',(22.8659011777252,-7.00000000000001,-34.604902600669));
#9304=CARTESIAN_POINT('Origin',(21.4297800133723,-7.00000000000001,-42.1174677781849));
#9305=CARTESIAN_POINT('',(19.7493153318385,-7.00000000000001,-39.2068175694433));
#9306=CARTESIAN_POINT('',(19.7493153318385,-4.25000000000001,-39.2068175694433));
#9307=CARTESIAN_POINT('',(20.250109922837,-7.00000000000001,-40.0742192452083));
#9308=CARTESIAN_POINT('',(20.6073582519556,-7.00000000000001,-40.6929915021609));
#9309=CARTESIAN_POINT('',(20.250109922837,-3.50000000000001,-40.0742192452083));
#9310=CARTESIAN_POINT('Origin',(15.2645059576983,-3.00000000000001,-40.2491943245671));
#9311=CARTESIAN_POINT('',(13.2043510605392,-3.00000000000001,-41.8671125475598));
#9312=CARTESIAN_POINT('',(17.8794322739663,-3.00000000000001,-40.0940881123471));
#9313=CARTESIAN_POINT('Origin',(0.,-3.00000000000001,0.));
#9314=CARTESIAN_POINT('',(13.5595194792843,-3.00000000000001,-42.8036147012249));
#9315=CARTESIAN_POINT('',(11.4577776642817,-3.00000000000001,-37.2617769918006));
#9316=CARTESIAN_POINT('',(18.2346006927113,-3.00000000000001,-41.0305902660122));
#9317=CARTESIAN_POINT('Origin',(0.,-3.00000000000001,0.));
#9318=CARTESIAN_POINT('',(19.0712342511148,-3.00000000000001,-43.2366116573337));
#9319=CARTESIAN_POINT('Origin',(16.1328588777088,-7.00000000000001,-35.4887525565879));
#9320=CARTESIAN_POINT('',(17.8794322739663,-7.00000000000001,-40.0940881123471));
#9321=CARTESIAN_POINT('',(17.8794322739663,-4.25000000000001,-40.0940881123471));
#9322=CARTESIAN_POINT('',(18.2346006927113,-7.00000000000001,-41.0305902660122));
#9323=CARTESIAN_POINT('',(18.2346006927113,-3.50000000000001,-41.0305902660122));
#9324=CARTESIAN_POINT('',(16.9179817314033,-7.00000000000001,-37.5589513821889));
#9325=CARTESIAN_POINT('Origin',(14.3961530376878,-7.00000000000001,-45.0096360925464));
#9326=CARTESIAN_POINT('',(13.2043510605392,-7.00000000000001,-41.8671125475598));
#9327=CARTESIAN_POINT('',(13.2043510605392,-4.25000000000001,-41.8671125475598));
#9328=CARTESIAN_POINT('',(13.5595194792843,-7.00000000000001,-42.8036147012249));
#9329=CARTESIAN_POINT('',(13.7120882046792,-7.00000000000001,-43.2059053677745));
#9330=CARTESIAN_POINT('',(13.5595194792843,-3.50000000000001,-42.8036147012249));
#9331=CARTESIAN_POINT('Origin',(8.61040979948739,-3.00000000000001,-42.1765767813637));
#9332=CARTESIAN_POINT('',(6.31740103269838,-3.00000000000001,-43.4430713024766));
#9333=CARTESIAN_POINT('',(11.2163542929097,-3.00000000000001,-42.4429428335963));
#9334=CARTESIAN_POINT('Origin',(0.,-3.00000000000001,0.));
#9335=CARTESIAN_POINT('',(6.51774460370589,-3.00000000000001,-44.4244190201837));
#9336=CARTESIAN_POINT('',(5.33219307848517,-3.00000000000001,-38.6172035570229));
#9337=CARTESIAN_POINT('',(11.4166978639172,-3.00000000000001,-43.4242905513035));
#9338=CARTESIAN_POINT('Origin',(0.,-3.00000000000001,0.));
#9339=CARTESIAN_POINT('',(11.8886265204896,-3.00000000000001,-45.7359500057044));
#9340=CARTESIAN_POINT('Origin',(10.2311463386965,-7.00000000000001,-37.6170750881427));
#9341=CARTESIAN_POINT('',(11.2163542929097,-7.00000000000001,-42.4429428335963));
#9342=CARTESIAN_POINT('',(11.2163542929097,-4.25000000000001,-42.4429428335963));
#9343=CARTESIAN_POINT('',(11.4166978639172,-7.00000000000001,-43.4242905513035));
#9344=CARTESIAN_POINT('',(11.4166978639172,-3.50000000000001,-43.4242905513035));
#9345=CARTESIAN_POINT('',(10.5049214185989,-7.00000000000001,-38.9581141266117));
#9346=CARTESIAN_POINT('Origin',(6.98967326027826,-7.00000000000001,-46.7360784745846));
#9347=CARTESIAN_POINT('',(6.31740103269838,-7.00000000000001,-43.4430713024766));
#9348=CARTESIAN_POINT('',(6.31740103269838,-4.25000000000001,-43.4430713024766));
#9349=CARTESIAN_POINT('',(6.51774460370589,-7.00000000000001,-44.4244190201837));
#9350=CARTESIAN_POINT('',(6.43470824928413,-7.00000000000001,-44.0176800542727));
#9351=CARTESIAN_POINT('',(6.51774460370589,-3.50000000000001,-44.4244190201837));
#9352=CARTESIAN_POINT('Origin',(1.73330855030986,-3.00000000000001,-43.0116080538591));
#9353=CARTESIAN_POINT('',(-0.733166363511317,-3.00000000000001,-43.8938773302544));
#9354=CARTESIAN_POINT('',(4.26277862734653,-3.00000000000001,-43.6925476297073));
#9355=CARTESIAN_POINT('Origin',(0.,-3.00000000000001,0.));
#9356=CARTESIAN_POINT('',(-0.692836433494795,-3.00000000000001,-44.8946542215933));
#9357=CARTESIAN_POINT('',(-0.931492507172066,-3.00000000000001,-38.9724648348019));
#9358=CARTESIAN_POINT('',(4.30310855736305,-3.00000000000001,-44.6933245210462));
#9359=CARTESIAN_POINT('Origin',(0.,-3.00000000000001,0.));
#9360=CARTESIAN_POINT('',(4.39810960779179,-3.00000000000001,-47.0507512729162));
#9361=CARTESIAN_POINT('Origin',(4.06445248368578,-7.00000000000001,-38.7711351342549));
#9362=CARTESIAN_POINT('',(4.26277862734653,-7.00000000000001,-43.6925476297073));
#9363=CARTESIAN_POINT('',(4.26277862734653,-4.25000000000001,-43.6925476297073));
#9364=CARTESIAN_POINT('',(4.30310855736305,-7.00000000000001,-44.6933245210462));
#9365=CARTESIAN_POINT('',(4.30310855736305,-3.50000000000001,-44.6933245210462));
#9366=CARTESIAN_POINT('',(4.06381162815883,-7.00000000000001,-38.7552324683738));
#9367=CARTESIAN_POINT('Origin',(-0.597835383066063,-7.00000000000001,-47.2520809734633));
#9368=CARTESIAN_POINT('',(-0.733166363511317,-7.00000000000001,-43.8938773302544));
#9369=CARTESIAN_POINT('',(-0.733166363511318,-4.25000000000001,-43.8938773302544));
#9370=CARTESIAN_POINT('',(-0.692836433494795,-7.00000000000001,-44.8946542215933));
#9371=CARTESIAN_POINT('',(-0.765304800646021,-7.00000000000001,-43.0963702382516));
#9372=CARTESIAN_POINT('',(-0.692836433494794,-3.50000000000001,-44.8946542215933));
#9373=CARTESIAN_POINT('Origin',(-5.1886844798556,-3.00000000000001,-42.7326612707175));
#9374=CARTESIAN_POINT('',(-7.76474513602063,-3.00000000000001,-43.2078549915712));
#9375=CARTESIAN_POINT('',(-2.80120076553036,-3.00000000000001,-43.8105383928478));
#9376=CARTESIAN_POINT('Origin',(0.,-3.00000000000001,0.));
#9377=CARTESIAN_POINT('',(-7.88547337099818,-3.00000000000001,-44.2021414607401));
#9378=CARTESIAN_POINT('',(-7.17105292618403,-3.00000000000001,-38.3183597446532));
#9379=CARTESIAN_POINT('',(-2.9219290005079,-3.00000000000001,-44.8048248620167));
#9380=CARTESIAN_POINT('Origin',(0.,-3.00000000000001,0.));
#9381=CARTESIAN_POINT('',(-3.20631603352717,-3.00000000000001,-47.1469627967818));
#9382=CARTESIAN_POINT('Origin',(-2.20750855569376,-7.00000000000001,-38.9210431459298));
#9383=CARTESIAN_POINT('',(-2.80120076553036,-7.00000000000001,-43.8105383928478));
#9384=CARTESIAN_POINT('',(-2.80120076553036,-4.25000000000001,-43.8105383928478));
#9385=CARTESIAN_POINT('',(-2.9219290005079,-7.00000000000001,-44.8048248620167));
#9386=CARTESIAN_POINT('',(-2.92192900050791,-3.50000000000001,-44.8048248620167));
#9387=CARTESIAN_POINT('',(-1.97801796499217,-7.00000000000001,-37.0310180894166));
#9388=CARTESIAN_POINT('Origin',(-8.16986040401744,-7.00000000000001,-46.5442793955052));
#9389=CARTESIAN_POINT('',(-7.76474513602063,-7.00000000000001,-43.2078549915712));
#9390=CARTESIAN_POINT('',(-7.76474513602063,-4.25000000000001,-43.2078549915712));
#9391=CARTESIAN_POINT('',(-7.88547337099818,-7.00000000000001,-44.2021414607401));
#9392=CARTESIAN_POINT('',(-7.44096607439914,-7.00000000000001,-40.541294513566));
#9393=CARTESIAN_POINT('',(-7.88547337099818,-3.50000000000001,-44.2021414607401));
#9394=CARTESIAN_POINT('Origin',(-11.9762933074833,-3.00000000000001,-41.3469610070982));
#9395=CARTESIAN_POINT('',(-14.5952210881399,-3.00000000000001,-41.4027719046481));
#9396=CARTESIAN_POINT('',(-9.79263052998307,-3.00000000000001,-42.7938592242304));
#9397=CARTESIAN_POINT('Origin',(0.,-3.00000000000001,0.));
#9398=CARTESIAN_POINT('',(-14.8738806902413,-3.00000000000001,-42.3648164543701));
#9399=CARTESIAN_POINT('',(-13.2248868411886,-3.00000000000001,-36.671829264826));
#9400=CARTESIAN_POINT('',(-10.0712901320844,-3.00000000000001,-43.7559037739524));
#9401=CARTESIAN_POINT('Origin',(0.,-3.00000000000001,0.));
#9402=CARTESIAN_POINT('',(-10.7276997737781,-3.00000000000001,-46.0220927493705));
#9403=CARTESIAN_POINT('Origin',(-8.42229628303172,-7.00000000000001,-38.0629165844083));
#9404=CARTESIAN_POINT('',(-9.79263052998307,-7.00000000000001,-42.7938592242304));
#9405=CARTESIAN_POINT('',(-9.79263052998307,-4.25000000000001,-42.7938592242304));
#9406=CARTESIAN_POINT('',(-10.0712901320844,-7.00000000000001,-43.7559037739524));
#9407=CARTESIAN_POINT('',(-10.0712901320844,-3.50000000000001,-43.7559037739524));
#9408=CARTESIAN_POINT('',(-7.24088038352063,-7.00000000000001,-33.9841957418143));
#9409=CARTESIAN_POINT('Origin',(-15.5302903319349,-7.00000000000001,-44.6310054297882));
#9410=CARTESIAN_POINT('',(-14.5952210881399,-7.00000000000001,-41.4027719046481));
#9411=CARTESIAN_POINT('',(-14.5952210881399,-4.25000000000001,-41.4027719046481));
#9412=CARTESIAN_POINT('',(-14.8738806902413,-7.00000000000001,-42.3648164543701));
#9413=CARTESIAN_POINT('',(-13.1961726870507,-7.00000000000001,-36.5726965047131));
#9414=CARTESIAN_POINT('',(-14.8738806902413,-3.50000000000001,-42.3648164543701));
#9415=CARTESIAN_POINT('Origin',(-18.4537224293046,-3.00000000000001,-38.8903961719542));
#9416=CARTESIAN_POINT('',(-21.0476884805932,-3.00000000000001,-38.5253787732698));
#9417=CARTESIAN_POINT('',(-16.5304363075413,-3.00000000000001,-40.668841580285));
#9418=CARTESIAN_POINT('Origin',(0.,-3.00000000000001,0.));
#9419=CARTESIAN_POINT('',(-21.477062312497,-3.00000000000001,-39.4302649550459));
#9420=CARTESIAN_POINT('',(-18.9362031337197,-3.00000000000001,-34.0755176698652));
#9421=CARTESIAN_POINT('',(-16.9598101394451,-3.00000000000001,-41.5737277620612));
#9422=CARTESIAN_POINT('Origin',(0.,-3.00000000000001,0.));
#9423=CARTESIAN_POINT('',(-17.9712417248895,-3.00000000000001,-43.7052746740433));
#9424=CARTESIAN_POINT('Origin',(-14.4189509606678,-7.00000000000001,-36.2189804768805));
#9425=CARTESIAN_POINT('',(-16.5304363075413,-7.00000000000001,-40.668841580285));
#9426=CARTESIAN_POINT('',(-16.5304363075413,-4.25000000000001,-40.668841580285));
#9427=CARTESIAN_POINT('',(-16.9598101394451,-7.00000000000001,-41.5737277620612));
#9428=CARTESIAN_POINT('',(-16.9598101394451,-3.50000000000001,-41.5737277620612));
#9429=CARTESIAN_POINT('',(-11.425539069522,-7.00000000000001,-29.9104985541422));
#9430=CARTESIAN_POINT('Origin',(-22.4884938979414,-7.00000000000001,-41.561811867028));
#9431=CARTESIAN_POINT('',(-21.0476884805932,-7.00000000000001,-38.5253787732698));
#9432=CARTESIAN_POINT('',(-21.0476884805932,-4.25000000000001,-38.5253787732698));
#9433=CARTESIAN_POINT('',(-21.477062312497,-7.00000000000001,-39.4302649550459));
#9434=CARTESIAN_POINT('',(-17.7189366246848,-7.00000000000001,-31.5101828457083));
#9435=CARTESIAN_POINT('',(-21.477062312497,-3.50000000000001,-39.4302649550459));
#9436=CARTESIAN_POINT('Origin',(-24.4532098335012,-3.00000000000001,-35.4265905041416));
#9437=CARTESIAN_POINT('',(-26.9550317972411,-3.00000000000001,-34.6501985681139));
#9438=CARTESIAN_POINT('',(-22.8401124677728,-3.00000000000001,-37.4905223017697));
#9439=CARTESIAN_POINT('Origin',(0.,-3.00000000000001,0.));
#9440=CARTESIAN_POINT('',(-27.5239993022408,-3.00000000000001,-35.474490305151));
#9441=CARTESIAN_POINT('',(-24.1570817118172,-3.00000000000001,-30.5966680663006));
#9442=CARTESIAN_POINT('',(-23.4090799727725,-3.00000000000001,-38.3148140388067));
#9443=CARTESIAN_POINT('Origin',(0.,-3.00000000000001,0.));
#9444=CARTESIAN_POINT('',(-24.7493379551851,-3.00000000000001,-40.2565129419826));
#9445=CARTESIAN_POINT('Origin',(-20.0421623823489,-7.00000000000001,-33.4369917999563));
#9446=CARTESIAN_POINT('',(-22.8401124677728,-7.00000000000001,-37.4905223017697));
#9447=CARTESIAN_POINT('',(-22.8401124677728,-4.25000000000001,-37.4905223017697));
#9448=CARTESIAN_POINT('',(-23.4090799727725,-7.00000000000001,-38.3148140388067));
#9449=CARTESIAN_POINT('',(-23.4090799727725,-3.50000000000001,-38.3148140388067));
#9450=CARTESIAN_POINT('',(-14.3377279912585,-7.00000000000001,-25.1726918325124));
#9451=CARTESIAN_POINT('Origin',(-28.8642572846534,-7.00000000000001,-37.4161892083268));
#9452=CARTESIAN_POINT('',(-26.9550317972411,-7.00000000000001,-34.6501985681139));
#9453=CARTESIAN_POINT('',(-26.9550317972411,-4.25000000000001,-34.6501985681139));
#9454=CARTESIAN_POINT('',(-27.5239993022408,-7.00000000000001,-35.474490305151));
#9455=CARTESIAN_POINT('',(-20.8062351071449,-7.00000000000001,-25.7421286698698));
#9456=CARTESIAN_POINT('',(-27.5239993022408,-3.50000000000001,-35.474490305151));
#9457=CARTESIAN_POINT('Origin',(-29.81937194769,-3.00000000000001,-31.0452547510032));
#9458=CARTESIAN_POINT('',(-32.164253949167,-3.00000000000001,-29.8775964209556));
#9459=CARTESIAN_POINT('',(-28.5582417124479,-3.00000000000001,-33.3412181885036));
#9460=CARTESIAN_POINT('Origin',(0.,-3.00000000000001,0.));
#9461=CARTESIAN_POINT('',(-32.858079167748,-3.00000000000001,-30.5999449902448));
#9462=CARTESIAN_POINT('',(-28.7523045627097,-3.00000000000001,-26.3253808315088));
#9463=CARTESIAN_POINT('',(-29.2520669310289,-3.00000000000001,-34.0635667577928));
#9464=CARTESIAN_POINT('Origin',(0.,-3.00000000000001,0.));
#9465=CARTESIAN_POINT('',(-30.8864393326703,-3.00000000000001,-35.7651286704976));
#9466=CARTESIAN_POINT('Origin',(-25.1462923259906,-7.00000000000001,-29.7890025990568));
#9467=CARTESIAN_POINT('',(-28.5582417124479,-7.00000000000001,-33.3412181885036));
#9468=CARTESIAN_POINT('',(-28.5582417124479,-4.25000000000001,-33.3412181885036));
#9469=CARTESIAN_POINT('',(-29.2520669310289,-7.00000000000001,-34.0635667577928));
#9470=CARTESIAN_POINT('',(-29.2520669310289,-3.50000000000001,-34.0635667577928));
#9471=CARTESIAN_POINT('',(-15.9020229853595,-7.00000000000001,-20.1646987347693));
#9472=CARTESIAN_POINT('Origin',(-34.4924515693894,-7.00000000000001,-32.3015069029496));
#9473=CARTESIAN_POINT('',(-32.164253949167,-7.00000000000001,-29.8775964209556));
#9474=CARTESIAN_POINT('',(-32.164253949167,-4.25000000000001,-29.8775964209556));
#9475=CARTESIAN_POINT('',(-32.858079167748,-7.00000000000001,-30.5999449902448));
#9476=CARTESIAN_POINT('',(-22.3781087254185,-7.00000000000001,-19.6891400029417));
#9477=CARTESIAN_POINT('',(-32.858079167748,-3.50000000000001,-30.5999449902448));
#9478=CARTESIAN_POINT('Origin',(-34.4132279918289,-3.00000000000001,-25.8598632071357));
#9479=CARTESIAN_POINT('',(-36.5404388189145,-3.00000000000001,-24.3311802204736));
#9480=CARTESIAN_POINT('',(-33.5367274977246,-3.00000000000001,-28.3283940374911));
#9481=CARTESIAN_POINT('Origin',(0.,-3.00000000000001,0.));
#9482=CARTESIAN_POINT('',(-37.3411520423651,-3.00000000000001,-24.9328771735027));
#9483=CARTESIAN_POINT('',(-32.6028578283185,-3.00000000000001,-21.3722800612672));
#9484=CARTESIAN_POINT('',(-34.3374407211752,-3.00000000000001,-28.9300909905202));
#9485=CARTESIAN_POINT('Origin',(0.,-3.00000000000001,0.));
#9486=CARTESIAN_POINT('',(-36.2235981553394,-3.00000000000001,-30.3474463530043));
#9487=CARTESIAN_POINT('Origin',(-29.5991465071286,-7.00000000000001,-25.3694938782847));
#9488=CARTESIAN_POINT('',(-33.5367274977246,-7.00000000000001,-28.3283940374911));
#9489=CARTESIAN_POINT('',(-33.5367274977246,-4.25000000000001,-28.3283940374911));
#9490=CARTESIAN_POINT('',(-34.3374407211752,-7.00000000000001,-28.9300909905202));
#9491=CARTESIAN_POINT('',(-34.3374407211752,-3.50000000000001,-28.9300909905202));
#9492=CARTESIAN_POINT('',(-16.1637952030347,-7.00000000000001,-15.2734823403326));
#9493=CARTESIAN_POINT('Origin',(-39.2273094765293,-7.00000000000001,-26.3502325359868));
#9494=CARTESIAN_POINT('',(-36.5404388189145,-7.00000000000001,-24.3311802204736));
#9495=CARTESIAN_POINT('',(-36.5404388189145,-4.25000000000001,-24.3311802204736));
#9496=CARTESIAN_POINT('',(-37.3411520423651,-7.00000000000001,-24.9328771735027));
#9497=CARTESIAN_POINT('',(-22.47973234833,-7.00000000000001,-13.7652447606749));
#9498=CARTESIAN_POINT('',(-37.3411520423651,-3.50000000000001,-24.9328771735027));
#9499=CARTESIAN_POINT('Origin',(-38.1157995074162,-3.00000000000001,-20.0047147897644));
#9500=CARTESIAN_POINT('',(-39.9702455170613,-3.00000000000001,-18.1545992328622));
#9501=CARTESIAN_POINT('',(-37.6466296568425,-3.00000000000001,-22.5818793611282));
#9502=CARTESIAN_POINT('Origin',(0.,-3.00000000000001,0.));
#9503=CARTESIAN_POINT('',(-40.8571086934895,-3.00000000000001,-18.6200609346045));
#9504=CARTESIAN_POINT('',(-35.609014201667,-3.00000000000001,-15.8656484637808));
#9505=CARTESIAN_POINT('',(-38.5334928332707,-3.00000000000001,-23.0473410628706));
#9506=CARTESIAN_POINT('Origin',(0.,-3.00000000000001,0.));
#9507=CARTESIAN_POINT('',(-40.6225848131655,-3.00000000000001,-24.1437811157481));
#9508=CARTESIAN_POINT('Origin',(-33.2853983414481,-7.00000000000001,-20.2929285920468));
#9509=CARTESIAN_POINT('',(-37.6466296568425,-7.00000000000001,-22.5818793611282));
#9510=CARTESIAN_POINT('',(-37.6466296568425,-4.25000000000001,-22.5818793611282));
#9511=CARTESIAN_POINT('',(-38.5334928332707,-7.00000000000001,-23.0473410628706));
#9512=CARTESIAN_POINT('',(-38.5334928332707,-3.50000000000001,-23.0473410628705));
#9513=CARTESIAN_POINT('',(-15.2791960670679,-7.00000000000001,-10.8425446147752));
#9514=CARTESIAN_POINT('Origin',(-42.9462006733844,-7.00000000000001,-19.716500987482));
#9515=CARTESIAN_POINT('',(-39.9702455170613,-7.00000000000001,-18.1545992328622));
#9516=CARTESIAN_POINT('',(-39.9702455170613,-4.25000000000001,-18.1545992328622));
#9517=CARTESIAN_POINT('',(-40.8571086934895,-7.00000000000001,-18.6200609346045));
#9518=CARTESIAN_POINT('',(-21.2714051631454,-7.00000000000001,-8.34069074835977));
#9519=CARTESIAN_POINT('',(-40.8571086934895,-3.50000000000001,-18.6200609346045));
#9520=CARTESIAN_POINT('Origin',(-40.8311918370695,-3.00000000000001,-13.6314547673313));
#9521=CARTESIAN_POINT('',(-42.36484385172,-3.00000000000001,-11.5078236612917));
#9522=CARTESIAN_POINT('',(-40.7815038827126,-3.00000000000001,-16.2505058710274));
#9523=CARTESIAN_POINT('Origin',(0.,-3.00000000000001,0.));
#9524=CARTESIAN_POINT('',(-43.314887690704,-3.00000000000001,-11.8249948981679));
#9525=CARTESIAN_POINT('',(-37.6929158117466,-3.00000000000001,-9.94810490492405));
#9526=CARTESIAN_POINT('',(-41.7315477216967,-3.00000000000001,-16.5676771079037));
#9527=CARTESIAN_POINT('Origin',(0.,-3.00000000000001,0.));
#9528=CARTESIAN_POINT('',(-43.9694678623924,-3.00000000000001,-17.3148046297385));
#9529=CARTESIAN_POINT('Origin',(-36.1095758427392,-7.00000000000001,-14.6907871146598));
#9530=CARTESIAN_POINT('',(-40.7815038827126,-7.00000000000001,-16.2505058710274));
#9531=CARTESIAN_POINT('',(-40.7815038827126,-4.25000000000001,-16.2505058710274));
#9532=CARTESIAN_POINT('',(-41.7315477216967,-7.00000000000001,-16.5676771079037));
#9533=CARTESIAN_POINT('',(-41.7315477216967,-3.50000000000001,-16.5676771079037));
#9534=CARTESIAN_POINT('',(-13.49434299492,-7.00000000000001,-7.1407130230719));
#9535=CARTESIAN_POINT('Origin',(-45.5528078313998,-7.00000000000001,-12.5721224200028));
#9536=CARTESIAN_POINT('',(-42.36484385172,-7.00000000000001,-11.5078236612917));
#9537=CARTESIAN_POINT('',(-42.36484385172,-4.25000000000001,-11.5078236612917));
#9538=CARTESIAN_POINT('',(-43.314887690704,-7.00000000000001,-11.8249948981679));
#9539=CARTESIAN_POINT('',(-19.0076289737539,-7.00000000000001,-3.71003957087555));
#9540=CARTESIAN_POINT('',(-43.314887690704,-3.50000000000001,-11.8249948981679));
#9541=CARTESIAN_POINT('Origin',(-42.4890777457807,-3.00000000000001,-6.90514722669793));
#9542=CARTESIAN_POINT('',(-43.6622149838474,-3.00000000000001,-4.56300150167537));
#9543=CARTESIAN_POINT('',(-42.8601585795586,-3.00000000000001,-9.49825281486493));
#9544=CARTESIAN_POINT('Origin',(0.,-3.00000000000001,0.));
#9545=CARTESIAN_POINT('',(-44.6508338489927,-3.00000000000001,-4.72366770525276));
#9546=CARTESIAN_POINT('',(-38.8005907014795,-3.00000000000001,-3.7729106545288));
#9547=CARTESIAN_POINT('',(-43.8487774447039,-3.00000000000001,-9.65891901844232));
#9548=CARTESIAN_POINT('Origin',(0.,-3.00000000000001,0.));
#9549=CARTESIAN_POINT('',(-46.177564790082,-3.00000000000001,-10.0373837988671));
#9550=CARTESIAN_POINT('Origin',(-37.9985342971907,-7.00000000000001,-8.70816196771836));
#9551=CARTESIAN_POINT('',(-42.8601585795586,-7.00000000000001,-9.49825281486493));
#9552=CARTESIAN_POINT('',(-42.8601585795586,-4.25000000000001,-9.49825281486493));
#9553=CARTESIAN_POINT('',(-43.8487774447039,-7.00000000000001,-9.65891901844232));
#9554=CARTESIAN_POINT('',(-43.8487774447039,-3.50000000000001,-9.65891901844233));
#9555=CARTESIAN_POINT('',(-11.1159710583311,-7.00000000000001,-4.33932021252689));
#9556=CARTESIAN_POINT('Origin',(-46.9796211943708,-7.00000000000001,-5.1021324856775));
#9557=CARTESIAN_POINT('',(-43.6622149838474,-7.00000000000001,-4.56300150167537));
#9558=CARTESIAN_POINT('',(-43.6622149838474,-4.25000000000001,-4.56300150167537));
#9559=CARTESIAN_POINT('',(-44.6508338489927,-7.00000000000001,-4.72366770525276));
#9560=CARTESIAN_POINT('',(-16.0075427090655,-7.00000000000001,-0.0686798149116852));
#9561=CARTESIAN_POINT('',(-44.6508338489927,-3.50000000000001,-4.72366770525276));
#9562=CARTESIAN_POINT('Origin',(0.,-4.25000000000001,0.));
#9563=CARTESIAN_POINT('',(-43.8287576825992,-7.00000000000001,2.49999999999999));
#9564=CARTESIAN_POINT('Origin',(0.,-7.00000000000001,0.));
#9565=CARTESIAN_POINT('',(-43.8287576825992,-3.00000000000001,2.49999999999999));
#9566=CARTESIAN_POINT('',(-43.8287576825992,-4.25000000000001,2.49999999999999));
#9567=CARTESIAN_POINT('',(-43.8287576825992,-3.00000000000001,-2.50000000000001));
#9568=CARTESIAN_POINT('Origin',(0.,-3.00000000000001,0.));
#9569=CARTESIAN_POINT('',(-43.8287576825992,-7.00000000000001,-2.50000000000001));
#9570=CARTESIAN_POINT('',(-43.8287576825992,-4.25000000000001,-2.50000000000001));
#9571=CARTESIAN_POINT('Origin',(0.,-7.00000000000001,0.));
#9572=CARTESIAN_POINT('Origin',(0.,-7.00000000000001,0.));
#9573=CARTESIAN_POINT('Origin',(0.,-7.00000000000001,0.));
#9574=CARTESIAN_POINT('Origin',(0.,-7.00000000000001,0.));
#9575=CARTESIAN_POINT('Origin',(0.,-7.00000000000001,0.));
#9576=CARTESIAN_POINT('Origin',(0.,-7.00000000000001,0.));
#9577=CARTESIAN_POINT('Origin',(0.,-7.00000000000001,0.));
#9578=CARTESIAN_POINT('Origin',(0.,-7.00000000000001,0.));
#9579=CARTESIAN_POINT('Origin',(0.,-7.00000000000001,0.));
#9580=CARTESIAN_POINT('Origin',(0.,-7.00000000000001,0.));
#9581=CARTESIAN_POINT('Origin',(0.,-7.00000000000001,0.));
#9582=CARTESIAN_POINT('Origin',(0.,-7.00000000000001,0.));
#9583=CARTESIAN_POINT('Origin',(0.,-7.00000000000001,0.));
#9584=CARTESIAN_POINT('Origin',(0.,-7.00000000000001,0.));
#9585=CARTESIAN_POINT('Origin',(0.,-7.00000000000001,0.));
#9586=CARTESIAN_POINT('Origin',(0.,-7.00000000000001,0.));
#9587=CARTESIAN_POINT('Origin',(0.,-7.00000000000001,0.));
#9588=CARTESIAN_POINT('Origin',(0.,-7.00000000000001,0.));
#9589=CARTESIAN_POINT('Origin',(0.,-7.00000000000001,0.));
#9590=CARTESIAN_POINT('Origin',(0.,-7.00000000000001,0.));
#9591=CARTESIAN_POINT('Origin',(0.,-7.00000000000001,0.));
#9592=CARTESIAN_POINT('Origin',(0.,-7.00000000000001,0.));
#9593=CARTESIAN_POINT('Origin',(0.,-7.00000000000001,0.));
#9594=CARTESIAN_POINT('Origin',(0.,-7.00000000000001,0.));
#9595=CARTESIAN_POINT('Origin',(0.,-7.00000000000001,0.));
#9596=CARTESIAN_POINT('Origin',(0.,-7.00000000000001,0.));
#9597=CARTESIAN_POINT('Origin',(0.,-7.00000000000001,0.));
#9598=CARTESIAN_POINT('Origin',(0.,-7.00000000000001,0.));
#9599=CARTESIAN_POINT('Origin',(0.,-7.00000000000001,0.));
#9600=CARTESIAN_POINT('Origin',(0.,-7.00000000000001,0.));
#9601=CARTESIAN_POINT('Origin',(0.,-7.00000000000001,0.));
#9602=CARTESIAN_POINT('Origin',(0.,-7.00000000000001,0.));
#9603=CARTESIAN_POINT('',(-21.95,-7.00000000000001,38.0185152261369));
#9604=CARTESIAN_POINT('Origin',(0.,-7.00000000000001,0.));
#9605=CARTESIAN_POINT('',(-21.95,0.,38.0185152261369));
#9606=CARTESIAN_POINT('',(-21.95,-4.25000000000001,38.0185152261369));
#9607=CARTESIAN_POINT('',(-12.2222845844079,0.,42.1642711254179));
#9608=CARTESIAN_POINT('Origin',(0.,0.,0.));
#9609=CARTESIAN_POINT('',(-12.2222845844079,-1.5,42.1642711254179));
#9610=CARTESIAN_POINT('',(-12.2222845844079,-7.00000000000001,42.1642711254179));
#9611=CARTESIAN_POINT('',(-9.20657887705712,-1.5,42.9237568880046));
#9612=CARTESIAN_POINT('Origin',(0.,-1.5,0.));
#9613=CARTESIAN_POINT('',(-9.20657887705712,0.,42.9237568880046));
#9614=CARTESIAN_POINT('',(-9.20657887705712,-7.00000000000001,42.9237568880046));
#9615=CARTESIAN_POINT('',(9.20657887705713,0.,42.9237568880046));
#9616=CARTESIAN_POINT('Origin',(0.,0.,0.));
#9617=CARTESIAN_POINT('',(9.20657887705713,-1.5,42.9237568880046));
#9618=CARTESIAN_POINT('',(9.20657887705713,-7.00000000000001,42.9237568880046));
#9619=CARTESIAN_POINT('',(12.2222845844079,-1.5,42.1642711254178));
#9620=CARTESIAN_POINT('Origin',(0.,-1.5,0.));
#9621=CARTESIAN_POINT('',(12.2222845844079,0.,42.1642711254178));
#9622=CARTESIAN_POINT('',(12.2222845844079,-7.00000000000001,42.1642711254178));
#9623=CARTESIAN_POINT('',(30.4041876344626,0.,31.6669445050891));
#9624=CARTESIAN_POINT('Origin',(0.,0.,0.));
#9625=CARTESIAN_POINT('',(30.4041876344626,-1.5,31.6669445050891));
#9626=CARTESIAN_POINT('',(30.4041876344626,-7.00000000000001,31.6669445050891));
#9627=CARTESIAN_POINT('',(32.5697744523507,-1.5,29.435009633479));
#9628=CARTESIAN_POINT('Origin',(0.,-1.5,0.));
#9629=CARTESIAN_POINT('',(32.5697744523507,0.,29.435009633479));
#9630=CARTESIAN_POINT('',(32.5697744523507,-7.00000000000001,29.435009633479));
#9631=CARTESIAN_POINT('',(41.7763533294079,0.,13.4887472545256));
#9632=CARTESIAN_POINT('Origin',(0.,0.,0.));
#9633=CARTESIAN_POINT('',(41.7763533294079,-1.5,13.4887472545256));
#9634=CARTESIAN_POINT('',(41.7763533294079,-7.00000000000001,13.4887472545256));
#9635=CARTESIAN_POINT('',(42.6264722188705,-1.5,10.4973266203287));
#9636=CARTESIAN_POINT('Origin',(0.,-1.5,0.));
#9637=CARTESIAN_POINT('',(42.6264722188705,0.,10.4973266203287));
#9638=CARTESIAN_POINT('',(42.6264722188705,-7.00000000000001,10.4973266203287));
#9639=CARTESIAN_POINT('',(42.6264722188705,0.,-10.4973266203287));
#9640=CARTESIAN_POINT('Origin',(0.,0.,0.));
#9641=CARTESIAN_POINT('',(42.6264722188705,-1.5,-10.4973266203287));
#9642=CARTESIAN_POINT('',(42.6264722188705,-7.00000000000001,-10.4973266203287));
#9643=CARTESIAN_POINT('',(41.7763533294079,-1.5,-13.4887472545256));
#9644=CARTESIAN_POINT('Origin',(0.,-1.5,0.));
#9645=CARTESIAN_POINT('',(41.7763533294079,0.,-13.4887472545256));
#9646=CARTESIAN_POINT('',(41.7763533294079,-7.00000000000001,-13.4887472545256));
#9647=CARTESIAN_POINT('',(32.5697744523507,0.,-29.435009633479));
#9648=CARTESIAN_POINT('Origin',(0.,0.,0.));
#9649=CARTESIAN_POINT('',(32.5697744523507,-1.5,-29.435009633479));
#9650=CARTESIAN_POINT('',(32.5697744523507,-7.00000000000001,-29.435009633479));
#9651=CARTESIAN_POINT('',(30.4041876344626,-1.5,-31.6669445050891));
#9652=CARTESIAN_POINT('Origin',(0.,-1.5,0.));
#9653=CARTESIAN_POINT('',(30.4041876344626,0.,-31.6669445050891));
#9654=CARTESIAN_POINT('',(30.4041876344626,-7.00000000000001,-31.6669445050891));
#9655=CARTESIAN_POINT('',(12.2222845844079,0.,-42.1642711254178));
#9656=CARTESIAN_POINT('Origin',(0.,0.,0.));
#9657=CARTESIAN_POINT('',(12.2222845844079,-1.5,-42.1642711254178));
#9658=CARTESIAN_POINT('',(12.2222845844079,-7.00000000000001,-42.1642711254178));
#9659=CARTESIAN_POINT('',(9.20657887705713,-1.5,-42.9237568880046));
#9660=CARTESIAN_POINT('Origin',(0.,-1.5,0.));
#9661=CARTESIAN_POINT('',(9.20657887705713,0.,-42.9237568880046));
#9662=CARTESIAN_POINT('',(9.20657887705713,-7.00000000000001,-42.9237568880046));
#9663=CARTESIAN_POINT('',(-9.20657887705715,0.,-42.9237568880046));
#9664=CARTESIAN_POINT('Origin',(0.,0.,0.));
#9665=CARTESIAN_POINT('',(-9.20657887705716,-1.5,-42.9237568880046));
#9666=CARTESIAN_POINT('',(-9.20657887705715,-7.00000000000001,-42.9237568880046));
#9667=CARTESIAN_POINT('',(-12.222284584408,-1.5,-42.1642711254178));
#9668=CARTESIAN_POINT('Origin',(0.,-1.5,0.));
#9669=CARTESIAN_POINT('',(-12.2222845844079,0.,-42.1642711254178));
#9670=CARTESIAN_POINT('',(-12.2222845844079,-7.00000000000001,-42.1642711254178));
#9671=CARTESIAN_POINT('',(-30.4041876344626,0.,-31.6669445050891));
#9672=CARTESIAN_POINT('Origin',(0.,0.,0.));
#9673=CARTESIAN_POINT('',(-30.4041876344626,-1.5,-31.6669445050891));
#9674=CARTESIAN_POINT('',(-30.4041876344626,-7.00000000000001,-31.6669445050891));
#9675=CARTESIAN_POINT('',(-32.5697744523508,-1.5,-29.435009633479));
#9676=CARTESIAN_POINT('Origin',(0.,-1.5,0.));
#9677=CARTESIAN_POINT('',(-32.5697744523508,0.,-29.435009633479));
#9678=CARTESIAN_POINT('',(-32.5697744523508,-7.00000000000001,-29.435009633479));
#9679=CARTESIAN_POINT('',(-41.7763533294079,0.,-13.4887472545256));
#9680=CARTESIAN_POINT('Origin',(0.,0.,0.));
#9681=CARTESIAN_POINT('',(-41.7763533294079,-1.5,-13.4887472545256));
#9682=CARTESIAN_POINT('',(-41.7763533294079,-7.00000000000001,-13.4887472545256));
#9683=CARTESIAN_POINT('',(-42.6264722188705,-1.5,-10.4973266203287));
#9684=CARTESIAN_POINT('Origin',(0.,-1.5,0.));
#9685=CARTESIAN_POINT('',(-42.6264722188705,0.,-10.4973266203287));
#9686=CARTESIAN_POINT('',(-42.6264722188705,-7.00000000000001,-10.4973266203287));
#9687=CARTESIAN_POINT('',(-42.6264722188705,0.,10.4973266203288));
#9688=CARTESIAN_POINT('Origin',(0.,0.,0.));
#9689=CARTESIAN_POINT('',(-42.6264722188705,-1.5,10.4973266203287));
#9690=CARTESIAN_POINT('',(-42.6264722188705,-7.00000000000001,10.4973266203288));
#9691=CARTESIAN_POINT('',(-41.7763533294078,-1.5,13.4887472545257));
#9692=CARTESIAN_POINT('Origin',(0.,-1.5,0.));
#9693=CARTESIAN_POINT('',(-41.7763533294078,0.,13.4887472545257));
#9694=CARTESIAN_POINT('',(-41.7763533294078,-7.00000000000001,13.4887472545257));
#9695=CARTESIAN_POINT('',(-32.5697744523507,0.,29.435009633479));
#9696=CARTESIAN_POINT('Origin',(0.,0.,0.));
#9697=CARTESIAN_POINT('',(-32.5697744523507,-1.5,29.435009633479));
#9698=CARTESIAN_POINT('',(-32.5697744523507,-7.00000000000001,29.435009633479));
#9699=CARTESIAN_POINT('',(-30.4041876344626,-1.5,31.6669445050891));
#9700=CARTESIAN_POINT('Origin',(0.,-1.5,0.));
#9701=CARTESIAN_POINT('',(-30.4041876344626,0.,31.6669445050891));
#9702=CARTESIAN_POINT('',(-30.4041876344626,-7.00000000000001,31.6669445050891));
#9703=CARTESIAN_POINT('Origin',(0.,0.,0.));
#9704=CARTESIAN_POINT('Origin',(0.,-7.00000000000001,0.));
#9705=CARTESIAN_POINT('Origin',(0.,-7.00000000000001,0.));
#9706=CARTESIAN_POINT('Origin',(0.,-7.00000000000001,0.));
#9707=CARTESIAN_POINT('Origin',(0.,-7.00000000000001,0.));
#9708=CARTESIAN_POINT('Origin',(0.,-7.00000000000001,0.));
#9709=CARTESIAN_POINT('Origin',(0.,-7.00000000000001,0.));
#9710=CARTESIAN_POINT('Origin',(21.95,-7.00000000000001,-38.0185152261369));
#9711=CARTESIAN_POINT('',(-44.8303468645961,-7.00000000000001,2.49999999999999));
#9712=CARTESIAN_POINT('Origin',(0.,-7.00000000000001,0.));
#9713=CARTESIAN_POINT('',(-12.6198435228334,-7.00000000000001,2.49999999999999));
#9714=CARTESIAN_POINT('Origin',(21.95,-7.00000000000001,-38.0185152261369));
#9715=CARTESIAN_POINT('',(-44.8303468645961,-7.00000000000001,-2.50000000000001));
#9716=CARTESIAN_POINT('',(-8.47667533652817,-7.00000000000001,-2.5));
#9717=CARTESIAN_POINT('Origin',(0.,-7.00000000000001,0.));
#9718=CARTESIAN_POINT('Origin',(21.95,-7.00000000000001,-38.0185152261369));
#9719=CARTESIAN_POINT('Origin',(0.,-7.00000000000001,0.));
#9720=CARTESIAN_POINT('Origin',(21.95,-7.00000000000001,-38.0185152261369));
#9721=CARTESIAN_POINT('Origin',(0.,-7.00000000000001,0.));
#9722=CARTESIAN_POINT('Origin',(21.95,-7.00000000000001,-38.0185152261369));
#9723=CARTESIAN_POINT('Origin',(0.,-7.00000000000001,0.));
#9724=CARTESIAN_POINT('Origin',(21.95,-7.00000000000001,-38.0185152261369));
#9725=CARTESIAN_POINT('Origin',(0.,-7.00000000000001,0.));
#9726=CARTESIAN_POINT('Origin',(21.95,-7.00000000000001,-38.0185152261369));
#9727=CARTESIAN_POINT('Origin',(0.,-7.00000000000001,0.));
#9728=CARTESIAN_POINT('Origin',(21.95,-7.00000000000001,-38.0185152261369));
#9729=CARTESIAN_POINT('Origin',(0.,-7.00000000000001,0.));
#9730=CARTESIAN_POINT('Origin',(21.95,-7.00000000000001,-38.0185152261369));
#9731=CARTESIAN_POINT('Origin',(0.,-7.00000000000001,0.));
#9732=CARTESIAN_POINT('Origin',(21.95,-7.00000000000001,-38.0185152261369));
#9733=CARTESIAN_POINT('Origin',(0.,-7.00000000000001,0.));
#9734=CARTESIAN_POINT('Origin',(21.95,-7.00000000000001,-38.0185152261369));
#9735=CARTESIAN_POINT('Origin',(0.,-7.00000000000001,0.));
#9736=CARTESIAN_POINT('Origin',(21.95,-7.00000000000001,-38.0185152261369));
#9737=CARTESIAN_POINT('Origin',(0.,-7.00000000000001,0.));
#9738=CARTESIAN_POINT('Origin',(21.95,-7.00000000000001,-38.0185152261369));
#9739=CARTESIAN_POINT('Origin',(0.,-7.00000000000001,0.));
#9740=CARTESIAN_POINT('Origin',(21.95,-7.00000000000001,-38.0185152261369));
#9741=CARTESIAN_POINT('Origin',(0.,-7.00000000000001,0.));
#9742=CARTESIAN_POINT('Origin',(21.95,-7.00000000000001,-38.0185152261369));
#9743=CARTESIAN_POINT('Origin',(0.,-7.00000000000001,0.));
#9744=CARTESIAN_POINT('Origin',(21.95,-7.00000000000001,-38.0185152261369));
#9745=CARTESIAN_POINT('Origin',(0.,-7.00000000000001,0.));
#9746=CARTESIAN_POINT('Origin',(21.95,-7.00000000000001,-38.0185152261369));
#9747=CARTESIAN_POINT('Origin',(0.,-7.00000000000001,0.));
#9748=CARTESIAN_POINT('Origin',(21.95,-7.00000000000001,-38.0185152261369));
#9749=CARTESIAN_POINT('Origin',(0.,-7.00000000000001,0.));
#9750=CARTESIAN_POINT('Origin',(21.95,-7.00000000000001,-38.0185152261369));
#9751=CARTESIAN_POINT('Origin',(0.,-7.00000000000001,0.));
#9752=CARTESIAN_POINT('Origin',(21.95,-7.00000000000001,-38.0185152261369));
#9753=CARTESIAN_POINT('Origin',(0.,-7.00000000000001,0.));
#9754=CARTESIAN_POINT('Origin',(21.95,-7.00000000000001,-38.0185152261369));
#9755=CARTESIAN_POINT('Origin',(0.,-7.00000000000001,0.));
#9756=CARTESIAN_POINT('Origin',(21.95,-7.00000000000001,-38.0185152261369));
#9757=CARTESIAN_POINT('Origin',(0.,-7.00000000000001,0.));
#9758=CARTESIAN_POINT('Origin',(21.95,-7.00000000000001,-38.0185152261369));
#9759=CARTESIAN_POINT('Origin',(0.,-7.00000000000001,0.));
#9760=CARTESIAN_POINT('Origin',(21.95,-7.00000000000001,-38.0185152261369));
#9761=CARTESIAN_POINT('Origin',(0.,-7.00000000000001,0.));
#9762=CARTESIAN_POINT('Origin',(21.95,-7.00000000000001,-38.0185152261369));
#9763=CARTESIAN_POINT('Origin',(0.,-7.00000000000001,0.));
#9764=CARTESIAN_POINT('Origin',(21.95,-7.00000000000001,-38.0185152261369));
#9765=CARTESIAN_POINT('Origin',(0.,-7.00000000000001,0.));
#9766=CARTESIAN_POINT('Origin',(21.95,-7.00000000000001,-38.0185152261369));
#9767=CARTESIAN_POINT('Origin',(0.,-7.00000000000001,0.));
#9768=CARTESIAN_POINT('Origin',(21.95,-7.00000000000001,-38.0185152261369));
#9769=CARTESIAN_POINT('Origin',(0.,-7.00000000000001,0.));
#9770=CARTESIAN_POINT('Origin',(21.95,-7.00000000000001,-38.0185152261369));
#9771=CARTESIAN_POINT('Origin',(0.,-7.00000000000001,0.));
#9772=CARTESIAN_POINT('Origin',(21.95,-7.00000000000001,-38.0185152261369));
#9773=CARTESIAN_POINT('Origin',(0.,-7.00000000000001,0.));
#9774=CARTESIAN_POINT('Origin',(21.95,-7.00000000000001,-38.0185152261369));
#9775=CARTESIAN_POINT('Origin',(0.,-7.00000000000001,0.));
#9776=CARTESIAN_POINT('Origin',(21.95,-7.00000000000001,-38.0185152261369));
#9777=CARTESIAN_POINT('Origin',(0.,-7.00000000000001,0.));
#9778=CARTESIAN_POINT('Origin',(21.95,-7.00000000000001,-38.0185152261369));
#9779=CARTESIAN_POINT('Origin',(0.,-7.00000000000001,0.));
#9780=CARTESIAN_POINT('Origin',(21.95,-7.00000000000001,-38.0185152261369));
#9781=CARTESIAN_POINT('',(-22.45,-7.00000000000001,38.8845406299213));
#9782=CARTESIAN_POINT('Origin',(0.,-7.00000000000001,0.));
#9783=CARTESIAN_POINT('Origin',(0.,-7.00000000000001,0.));
#9784=CARTESIAN_POINT('Origin',(21.95,-7.00000000000001,-38.0185152261369));
#9785=CARTESIAN_POINT('Origin',(0.,-7.00000000000001,0.));
#9786=CARTESIAN_POINT('Origin',(21.95,-7.00000000000001,-38.0185152261369));
#9787=CARTESIAN_POINT('Origin',(0.,-7.00000000000001,0.));
#9788=CARTESIAN_POINT('Origin',(21.95,-7.00000000000001,-38.0185152261369));
#9789=CARTESIAN_POINT('Origin',(0.,-7.00000000000001,0.));
#9790=CARTESIAN_POINT('Origin',(21.95,-7.00000000000001,-38.0185152261369));
#9791=CARTESIAN_POINT('Origin',(0.,-7.00000000000001,0.));
#9792=CARTESIAN_POINT('Origin',(0.,4.5,0.));
#9793=CARTESIAN_POINT('',(20.15,4.5,0.));
#9794=CARTESIAN_POINT('',(-20.15,4.5,-2.46766330028192E-15));
#9795=CARTESIAN_POINT('Origin',(0.,4.5,0.));
#9796=CARTESIAN_POINT('Origin',(0.,4.5,0.));
#9797=CARTESIAN_POINT('Origin',(8.,6.5,0.));
#9798=CARTESIAN_POINT('',(-12.5607879405965,6.5,15.7559228962116));
#9799=CARTESIAN_POINT('',(-7.36463551788989,6.5,18.7559228962116));
#9800=CARTESIAN_POINT('Origin',(0.,6.5,0.));
#9801=CARTESIAN_POINT('',(-12.818102980378,6.5,28.2016056186647));
#9802=CARTESIAN_POINT('',(-3.38327965326829,6.5,11.8600122556747));
#9803=CARTESIAN_POINT('',(-9.37379269530846,6.5,33.202138643548));
#9804=CARTESIAN_POINT('Origin',(-22.1028902446681,6.5,38.2833288978837));
#9805=CARTESIAN_POINT('',(-14.7341332991413,6.5,31.1954374215707));
#9806=CARTESIAN_POINT('Origin',(0.,6.5,0.));
#9807=CARTESIAN_POINT('',(-19.6489746396773,6.5,28.357852450588));
#9808=CARTESIAN_POINT('Origin',(-22.3500980595802,6.5,38.7115053933395));
#9809=CARTESIAN_POINT('',(-24.0669991776313,6.5,24.7190119257201));
#9810=CARTESIAN_POINT('Origin',(0.,6.5,0.));
#9811=CARTESIAN_POINT('',(-18.0142554030846,6.5,25.2016056186647));
#9812=CARTESIAN_POINT('Origin',(-22.1028902446681,6.5,38.2833288978837));
#9813=CARTESIAN_POINT('',(-11.306165807219,6.5,13.5828536169012));
#9814=CARTESIAN_POINT('Origin',(8.,6.5,0.));
#9815=CARTESIAN_POINT('',(-19.9254234584864,6.5,-2.99999999999999));
#9816=CARTESIAN_POINT('',(-20.15,6.5,-2.46766330028192E-15));
#9817=CARTESIAN_POINT('Origin',(0.,6.5,0.));
#9818=CARTESIAN_POINT('',(-19.9254234584864,6.5,3.00000000000001));
#9819=CARTESIAN_POINT('Origin',(0.,6.5,0.));
#9820=CARTESIAN_POINT('',(-30.8323583834626,6.5,3.00000000000001));
#9821=CARTESIAN_POINT('',(-11.9627117292432,6.5,3.));
#9822=CARTESIAN_POINT('',(-33.4407918729398,6.5,8.48312671782788));
#9823=CARTESIAN_POINT('Origin',(-44.2057804893363,6.5,1.55431223447522E-14));
#9824=CARTESIAN_POINT('',(-34.3831079388186,6.5,2.8375849709828));
#9825=CARTESIAN_POINT('Origin',(0.,6.5,0.));
#9826=CARTESIAN_POINT('',(-34.3831079388186,6.5,-2.83758497098277));
#9827=CARTESIAN_POINT('Origin',(-44.7001961191604,6.5,1.33226762955019E-14));
#9828=CARTESIAN_POINT('',(-33.4407918729398,6.5,-8.48312671782785));
#9829=CARTESIAN_POINT('Origin',(0.,6.5,0.));
#9830=CARTESIAN_POINT('',(-30.8323583834626,6.5,-2.99999999999999));
#9831=CARTESIAN_POINT('Origin',(-44.2057804893363,6.5,1.55431223447522E-14));
#9832=CARTESIAN_POINT('',(-17.4161791917313,6.5,-2.99999999999999));
#9833=CARTESIAN_POINT('Origin',(8.,6.5,0.));
#9834=CARTESIAN_POINT('',(-7.36463551788989,6.5,-18.7559228962116));
#9835=CARTESIAN_POINT('',(-12.5607879405965,6.5,-15.7559228962116));
#9836=CARTESIAN_POINT('Origin',(0.,6.5,0.));
#9837=CARTESIAN_POINT('',(-18.0142554030846,6.5,-25.2016056186647));
#9838=CARTESIAN_POINT('',(-8.57943207597492,6.5,-8.86001225567468));
#9839=CARTESIAN_POINT('',(-24.0669991776313,6.5,-24.7190119257201));
#9840=CARTESIAN_POINT('Origin',(-22.1028902446682,6.5,-38.2833288978837));
#9841=CARTESIAN_POINT('',(-19.6489746396774,6.5,-28.3578524505879));
#9842=CARTESIAN_POINT('Origin',(0.,6.5,0.));
#9843=CARTESIAN_POINT('',(-14.7341332991413,6.5,-31.1954374215707));
#9844=CARTESIAN_POINT('Origin',(-22.3500980595802,6.5,-38.7115053933395));
#9845=CARTESIAN_POINT('',(-9.37379269530848,6.5,-33.202138643548));
#9846=CARTESIAN_POINT('Origin',(0.,6.5,0.));
#9847=CARTESIAN_POINT('',(-12.818102980378,6.5,-28.2016056186647));
#9848=CARTESIAN_POINT('Origin',(-22.1028902446682,6.5,-38.2833288978837));
#9849=CARTESIAN_POINT('',(-6.11001338451235,6.5,-16.5828536169012));
#9850=CARTESIAN_POINT('Origin',(8.,6.5,0.));
#9851=CARTESIAN_POINT('',(7.36463551788988,6.5,18.7559228962116));
#9852=CARTESIAN_POINT('',(12.5607879405965,6.5,15.7559228962116));
#9853=CARTESIAN_POINT('Origin',(0.,6.5,0.));
#9854=CARTESIAN_POINT('',(18.0142554030846,6.5,25.2016056186647));
#9855=CARTESIAN_POINT('',(8.57943207597491,6.5,8.86001225567468));
#9856=CARTESIAN_POINT('',(24.0669991776313,6.5,24.7190119257201));
#9857=CARTESIAN_POINT('Origin',(22.1028902446681,6.5,38.2833288978837));
#9858=CARTESIAN_POINT('',(19.6489746396773,6.5,28.357852450588));
#9859=CARTESIAN_POINT('Origin',(0.,6.5,0.));
#9860=CARTESIAN_POINT('',(14.7341332991413,6.5,31.1954374215707));
#9861=CARTESIAN_POINT('Origin',(22.3500980595802,6.5,38.7115053933395));
#9862=CARTESIAN_POINT('',(9.37379269530846,6.5,33.202138643548));
#9863=CARTESIAN_POINT('Origin',(0.,6.5,0.));
#9864=CARTESIAN_POINT('',(12.818102980378,6.5,28.2016056186647));
#9865=CARTESIAN_POINT('Origin',(22.1028902446681,6.5,38.2833288978837));
#9866=CARTESIAN_POINT('',(6.11001338451234,6.5,16.5828536169012));
#9867=CARTESIAN_POINT('Origin',(8.,6.5,0.));
#9868=CARTESIAN_POINT('',(12.5607879405965,6.5,-15.7559228962116));
#9869=CARTESIAN_POINT('',(7.36463551788989,6.5,-18.7559228962116));
#9870=CARTESIAN_POINT('Origin',(0.,6.5,0.));
#9871=CARTESIAN_POINT('',(12.818102980378,6.5,-28.2016056186647));
#9872=CARTESIAN_POINT('',(3.38327965326829,6.5,-11.8600122556747));
#9873=CARTESIAN_POINT('',(9.37379269530846,6.5,-33.202138643548));
#9874=CARTESIAN_POINT('Origin',(22.1028902446681,6.5,-38.2833288978837));
#9875=CARTESIAN_POINT('',(14.7341332991413,6.5,-31.1954374215707));
#9876=CARTESIAN_POINT('Origin',(0.,6.5,0.));
#9877=CARTESIAN_POINT('',(19.6489746396773,6.5,-28.357852450588));
#9878=CARTESIAN_POINT('Origin',(22.3500980595802,6.5,-38.7115053933395));
#9879=CARTESIAN_POINT('',(24.0669991776313,6.5,-24.7190119257201));
#9880=CARTESIAN_POINT('Origin',(0.,6.5,0.));
#9881=CARTESIAN_POINT('',(18.0142554030846,6.5,-25.2016056186647));
#9882=CARTESIAN_POINT('Origin',(22.1028902446681,6.5,-38.2833288978837));
#9883=CARTESIAN_POINT('',(11.306165807219,6.5,-13.5828536169012));
#9884=CARTESIAN_POINT('Origin',(-43.0465188593616,-3.00000000000001,-8.32667268468867E-15));
#9885=CARTESIAN_POINT('',(-44.8303468645961,-3.00000000000001,2.49999999999999));
#9886=CARTESIAN_POINT('',(-38.9033506730563,-3.00000000000001,2.49999999999999));
#9887=CARTESIAN_POINT('',(-44.8303468645961,-3.00000000000001,-2.50000000000001));
#9888=CARTESIAN_POINT('Origin',(0.,-3.00000000000001,0.));
#9889=CARTESIAN_POINT('',(-47.1896870456668,-3.00000000000001,-2.50000000000001));
#9890=CARTESIAN_POINT('Origin',(-38.9033506730563,-7.00000000000001,-2.50000000000001));
#9891=CARTESIAN_POINT('',(-44.8303468645961,-3.50000000000001,-2.50000000000001));
#9892=CARTESIAN_POINT('Origin',(-47.1896870456668,-7.00000000000001,2.49999999999999));
#9893=CARTESIAN_POINT('',(-44.8303468645961,-3.50000000000001,2.49999999999999));
#9894=CARTESIAN_POINT('Origin',(0.,1.54074395550979E-32,0.));
#9895=CARTESIAN_POINT('',(-9.58515113351836,0.,-43.864961845961));
#9896=CARTESIAN_POINT('',(-9.5851511335184,1.,-43.864961845961));
#9897=CARTESIAN_POINT('',(-9.5851511335184,4.96679828823741E-34,-43.864961845961));
#9898=CARTESIAN_POINT('',(9.58515113351833,0.,-43.864961845961));
#9899=CARTESIAN_POINT('Origin',(0.,0.,0.));
#9900=CARTESIAN_POINT('',(9.58515113351837,1.,-43.864961845961));
#9901=CARTESIAN_POINT('',(9.58515113351837,4.96679828823741E-34,-43.864961845961));
#9902=CARTESIAN_POINT('Origin',(0.,1.,0.));
#9903=CARTESIAN_POINT('Origin',(0.,1.54074395550979E-32,0.));
#9904=CARTESIAN_POINT('',(31.0291588557468,1.,-32.4530630404101));
#9905=CARTESIAN_POINT('',(31.0291588557468,0.,-32.4530630404101));
#9906=CARTESIAN_POINT('',(31.0291588557468,3.72410197669849E-34,-32.4530630404101));
#9907=CARTESIAN_POINT('',(12.5905975957396,1.,-43.0985713473446));
#9908=CARTESIAN_POINT('Origin',(0.,1.,0.));
#9909=CARTESIAN_POINT('',(12.5905975957396,0.,-43.0985713473446));
#9910=CARTESIAN_POINT('',(12.5905975957396,3.72410197669849E-34,-43.0985713473446));
#9911=CARTESIAN_POINT('Origin',(0.,0.,0.));
#9912=CARTESIAN_POINT('Origin',(0.,1.54074395550979E-32,0.));
#9913=CARTESIAN_POINT('',(-31.0291588557468,0.,-32.4530630404101));
#9914=CARTESIAN_POINT('',(-31.0291588557468,1.,-32.4530630404101));
#9915=CARTESIAN_POINT('',(-31.0291588557468,3.72410197669853E-34,-32.4530630404101));
#9916=CARTESIAN_POINT('',(-12.5905975957396,0.,-43.0985713473446));
#9917=CARTESIAN_POINT('Origin',(0.,0.,0.));
#9918=CARTESIAN_POINT('',(-12.5905975957397,1.,-43.0985713473446));
#9919=CARTESIAN_POINT('',(-12.5905975957397,3.72410197669853E-34,-43.0985713473446));
#9920=CARTESIAN_POINT('Origin',(0.,1.,0.));
#9921=CARTESIAN_POINT('Origin',(0.,1.54074395550979E-32,0.));
#9922=CARTESIAN_POINT('',(42.7807468613965,1.,-13.6314965422404));
#9923=CARTESIAN_POINT('',(42.7807468613965,0.,-13.6314965422404));
#9924=CARTESIAN_POINT('',(42.7807468613965,4.96679828823741E-34,-13.6314965422404));
#9925=CARTESIAN_POINT('',(33.1955957278782,1.,-30.2334653037206));
#9926=CARTESIAN_POINT('Origin',(0.,1.,0.));
#9927=CARTESIAN_POINT('',(33.1955957278782,0.,-30.2334653037206));
#9928=CARTESIAN_POINT('',(33.1955957278782,4.96679828823741E-34,-30.2334653037206));
#9929=CARTESIAN_POINT('Origin',(0.,0.,0.));
#9930=CARTESIAN_POINT('Origin',(0.,1.54074395550979E-32,0.));
#9931=CARTESIAN_POINT('',(-42.7807468613965,0.,-13.6314965422404));
#9932=CARTESIAN_POINT('',(-42.7807468613965,1.,-13.6314965422404));
#9933=CARTESIAN_POINT('',(-42.7807468613965,4.96679828823741E-34,-13.6314965422404));
#9934=CARTESIAN_POINT('',(-33.1955957278782,0.,-30.2334653037206));
#9935=CARTESIAN_POINT('Origin',(0.,0.,0.));
#9936=CARTESIAN_POINT('',(-33.1955957278782,1.,-30.2334653037206));
#9937=CARTESIAN_POINT('',(-33.1955957278782,4.96679828823741E-34,-30.2334653037206));
#9938=CARTESIAN_POINT('Origin',(0.,1.,0.));
#9939=CARTESIAN_POINT('Origin',(0.,1.54074395550979E-32,0.));
#9940=CARTESIAN_POINT('',(43.6197564514864,1.,10.6455083069345));
#9941=CARTESIAN_POINT('',(43.6197564514864,0.,10.6455083069345));
#9942=CARTESIAN_POINT('',(43.6197564514864,3.72410197669853E-34,10.6455083069345));
#9943=CARTESIAN_POINT('',(43.6197564514864,1.,-10.6455083069345));
#9944=CARTESIAN_POINT('Origin',(0.,1.,0.));
#9945=CARTESIAN_POINT('',(43.6197564514864,0.,-10.6455083069345));
#9946=CARTESIAN_POINT('',(43.6197564514864,3.72410197669853E-34,-10.6455083069345));
#9947=CARTESIAN_POINT('Origin',(0.,0.,0.));
#9948=CARTESIAN_POINT('Origin',(0.,1.54074395550979E-32,0.));
#9949=CARTESIAN_POINT('',(-43.6197564514864,0.,10.6455083069346));
#9950=CARTESIAN_POINT('',(-43.6197564514864,1.,10.6455083069345));
#9951=CARTESIAN_POINT('',(-43.6197564514864,3.72410197669849E-34,10.6455083069345));
#9952=CARTESIAN_POINT('',(-43.6197564514864,0.,-10.6455083069345));
#9953=CARTESIAN_POINT('Origin',(0.,0.,0.));
#9954=CARTESIAN_POINT('',(-43.6197564514864,1.,-10.6455083069345));
#9955=CARTESIAN_POINT('',(-43.6197564514864,3.72410197669849E-34,-10.6455083069345));
#9956=CARTESIAN_POINT('Origin',(0.,1.,0.));
#9957=CARTESIAN_POINT('Origin',(0.,1.54074395550979E-32,0.));
#9958=CARTESIAN_POINT('',(33.1955957278782,1.,30.2334653037206));
#9959=CARTESIAN_POINT('',(33.1955957278782,0.,30.2334653037206));
#9960=CARTESIAN_POINT('',(33.1955957278782,4.96679828823741E-34,30.2334653037206));
#9961=CARTESIAN_POINT('',(42.7807468613965,1.,13.6314965422404));
#9962=CARTESIAN_POINT('Origin',(0.,1.,0.));
#9963=CARTESIAN_POINT('',(42.7807468613965,0.,13.6314965422404));
#9964=CARTESIAN_POINT('',(42.7807468613965,4.96679828823741E-34,13.6314965422404));
#9965=CARTESIAN_POINT('Origin',(0.,0.,0.));
#9966=CARTESIAN_POINT('Origin',(0.,1.54074395550979E-32,0.));
#9967=CARTESIAN_POINT('',(-33.1955957278782,0.,30.2334653037206));
#9968=CARTESIAN_POINT('',(-33.1955957278782,1.,30.2334653037206));
#9969=CARTESIAN_POINT('',(-33.1955957278782,4.96679828823746E-34,30.2334653037206));
#9970=CARTESIAN_POINT('',(-42.7807468613965,0.,13.6314965422404));
#9971=CARTESIAN_POINT('Origin',(0.,0.,0.));
#9972=CARTESIAN_POINT('',(-42.7807468613965,1.,13.6314965422404));
#9973=CARTESIAN_POINT('',(-42.7807468613965,4.96679828823741E-34,13.6314965422404));
#9974=CARTESIAN_POINT('Origin',(0.,1.,0.));
#9975=CARTESIAN_POINT('Origin',(0.,1.54074395550979E-32,0.));
#9976=CARTESIAN_POINT('',(12.5905975957396,1.,43.0985713473446));
#9977=CARTESIAN_POINT('',(12.5905975957396,0.,43.0985713473446));
#9978=CARTESIAN_POINT('',(12.5905975957396,3.72410197669853E-34,43.0985713473446));
#9979=CARTESIAN_POINT('',(31.0291588557468,1.,32.4530630404101));
#9980=CARTESIAN_POINT('Origin',(0.,1.,0.));
#9981=CARTESIAN_POINT('',(31.0291588557468,0.,32.4530630404101));
#9982=CARTESIAN_POINT('',(31.0291588557468,3.72410197669853E-34,32.4530630404101));
#9983=CARTESIAN_POINT('Origin',(0.,0.,0.));
#9984=CARTESIAN_POINT('Origin',(0.,1.54074395550979E-32,0.));
#9985=CARTESIAN_POINT('',(-12.5905975957396,0.,43.0985713473446));
#9986=CARTESIAN_POINT('',(-12.5905975957396,1.,43.0985713473446));
#9987=CARTESIAN_POINT('',(-12.5905975957396,3.72410197669853E-34,43.0985713473446));
#9988=CARTESIAN_POINT('',(-22.45,0.,38.8845406299213));
#9989=CARTESIAN_POINT('Origin',(0.,0.,0.));
#9990=CARTESIAN_POINT('',(-31.0291588557468,0.,32.4530630404101));
#9991=CARTESIAN_POINT('Origin',(0.,0.,0.));
#9992=CARTESIAN_POINT('',(-31.0291588557468,1.,32.4530630404101));
#9993=CARTESIAN_POINT('',(-31.0291588557468,3.72410197669853E-34,32.4530630404101));
#9994=CARTESIAN_POINT('Origin',(0.,1.,0.));
#9995=CARTESIAN_POINT('Origin',(0.,1.,-4.44089209850063E-15));
#9996=CARTESIAN_POINT('',(-10.0393329028187,1.00000000000002,-44.7886346617798));
#9997=CARTESIAN_POINT('Origin',(-22.1028902446682,1.,-38.2833288978837));
#9998=CARTESIAN_POINT('',(10.0393329028186,1.00000000000002,-44.7886346617798));
#9999=CARTESIAN_POINT('Origin',(22.1028902446681,1.,-38.2833288978837));
#10000=CARTESIAN_POINT('Origin',(0.,1.,0.));
#10001=CARTESIAN_POINT('Origin',(0.,1.,-4.44089209850063E-15));
#10002=CARTESIAN_POINT('',(31.5841777957948,0.999999999999986,-33.3054006576054));
#10003=CARTESIAN_POINT('Origin',(22.3500980595802,1.,-38.7115053933395));
#10004=CARTESIAN_POINT('',(13.0512341548078,1.00000000000002,-44.0054006576054));
#10005=CARTESIAN_POINT('Origin',(0.,1.,0.));
#10006=CARTESIAN_POINT('Origin',(22.3500980595802,1.,-38.7115053933395));
#10007=CARTESIAN_POINT('Origin',(0.,1.,-4.44089209850063E-15));
#10008=CARTESIAN_POINT('',(-31.5841777957948,1.00000000000002,-33.3054006576054));
#10009=CARTESIAN_POINT('Origin',(-22.3500980595802,1.,-38.7115053933395));
#10010=CARTESIAN_POINT('',(-13.0512341548078,0.999999999999986,-44.0054006576054));
#10011=CARTESIAN_POINT('Origin',(-22.3500980595802,1.,-38.7115053933395));
#10012=CARTESIAN_POINT('Origin',(0.,1.,0.));
#10013=CARTESIAN_POINT('Origin',(0.,1.,-4.44089209850063E-15));
#10014=CARTESIAN_POINT('',(43.8077618693309,1.00000000000002,-13.7));
#10015=CARTESIAN_POINT('Origin',(44.2057804893363,1.,0.));
#10016=CARTESIAN_POINT('',(33.7684289665122,1.00000000000002,-31.0886346617798));
#10017=CARTESIAN_POINT('Origin',(0.,1.,0.));
#10018=CARTESIAN_POINT('Origin',(22.1028902446681,1.,-38.2833288978837));
#10019=CARTESIAN_POINT('Origin',(0.,1.,-4.44089209850063E-15));
#10020=CARTESIAN_POINT('',(-43.8077618693309,1.00000000000002,-13.7));
#10021=CARTESIAN_POINT('Origin',(-44.2057804893363,1.,1.55431223447522E-14));
#10022=CARTESIAN_POINT('',(-33.7684289665123,1.00000000000002,-31.0886346617798));
#10023=CARTESIAN_POINT('Origin',(-22.1028902446682,1.,-38.2833288978837));
#10024=CARTESIAN_POINT('Origin',(0.,1.,0.));
#10025=CARTESIAN_POINT('Origin',(0.,1.,-4.44089209850063E-15));
#10026=CARTESIAN_POINT('',(44.6354119506026,0.999999999999986,10.7));
#10027=CARTESIAN_POINT('Origin',(44.7001961191604,1.,2.22044604925031E-15));
#10028=CARTESIAN_POINT('',(45.9,1.,-1.04020933966459E-15));
#10029=CARTESIAN_POINT('Origin',(0.,1.,0.));
#10030=CARTESIAN_POINT('',(44.6354119506026,1.00000000000002,-10.7));
#10031=CARTESIAN_POINT('Origin',(0.,1.,0.));
#10032=CARTESIAN_POINT('Origin',(44.7001961191604,1.,2.22044604925031E-15));
#10033=CARTESIAN_POINT('Origin',(0.,1.,-4.44089209850063E-15));
#10034=CARTESIAN_POINT('',(-44.6354119506026,1.00000000000002,10.7));
#10035=CARTESIAN_POINT('Origin',(-44.7001961191604,1.,1.33226762955019E-14));
#10036=CARTESIAN_POINT('',(-44.6354119506026,0.999999999999986,-10.7));
#10037=CARTESIAN_POINT('Origin',(-44.7001961191604,1.,1.33226762955019E-14));
#10038=CARTESIAN_POINT('Origin',(0.,1.,0.));
#10039=CARTESIAN_POINT('Origin',(0.,1.,-4.44089209850063E-15));
#10040=CARTESIAN_POINT('',(33.7684289665122,1.00000000000002,31.0886346617798));
#10041=CARTESIAN_POINT('Origin',(22.1028902446681,1.,38.2833288978837));
#10042=CARTESIAN_POINT('',(43.8077618693309,1.00000000000002,13.7));
#10043=CARTESIAN_POINT('Origin',(0.,1.,0.));
#10044=CARTESIAN_POINT('Origin',(44.2057804893363,1.,0.));
#10045=CARTESIAN_POINT('Origin',(0.,1.,-4.44089209850063E-15));
#10046=CARTESIAN_POINT('',(-33.7684289665122,1.00000000000002,31.0886346617798));
#10047=CARTESIAN_POINT('Origin',(-22.1028902446681,1.,38.2833288978837));
#10048=CARTESIAN_POINT('',(-43.8077618693308,1.00000000000002,13.7));
#10049=CARTESIAN_POINT('Origin',(-44.2057804893363,1.,1.55431223447522E-14));
#10050=CARTESIAN_POINT('Origin',(0.,1.,0.));
#10051=CARTESIAN_POINT('Origin',(0.,1.,-4.44089209850063E-15));
#10052=CARTESIAN_POINT('',(13.0512341548078,0.999999999999986,44.0054006576054));
#10053=CARTESIAN_POINT('Origin',(22.3500980595802,1.,38.7115053933395));
#10054=CARTESIAN_POINT('',(31.5841777957948,1.00000000000002,33.3054006576054));
#10055=CARTESIAN_POINT('Origin',(0.,1.,0.));
#10056=CARTESIAN_POINT('Origin',(22.3500980595802,1.,38.7115053933395));
#10057=CARTESIAN_POINT('Origin',(0.,1.,-4.44089209850063E-15));
#10058=CARTESIAN_POINT('',(-13.0512341548078,1.00000000000002,44.0054006576054));
#10059=CARTESIAN_POINT('Origin',(-22.3500980595802,1.,38.7115053933395));
#10060=CARTESIAN_POINT('',(-31.5841777957948,0.999999999999986,33.3054006576054));
#10061=CARTESIAN_POINT('Origin',(-22.3500980595802,1.,38.7115053933395));
#10062=CARTESIAN_POINT('Origin',(0.,1.,0.));
#10063=CARTESIAN_POINT('Origin',(0.,1.54074395550979E-32,0.));
#10064=CARTESIAN_POINT('',(-9.58515113351836,1.,43.864961845961));
#10065=CARTESIAN_POINT('',(-9.58515113351832,0.,43.864961845961));
#10066=CARTESIAN_POINT('',(-9.58515113351836,4.96679828823746E-34,43.864961845961));
#10067=CARTESIAN_POINT('',(9.58515113351837,1.,43.864961845961));
#10068=CARTESIAN_POINT('Origin',(0.,1.,0.));
#10069=CARTESIAN_POINT('',(9.58515113351833,0.,43.864961845961));
#10070=CARTESIAN_POINT('',(9.58515113351837,4.96679828823741E-34,43.864961845961));
#10071=CARTESIAN_POINT('Origin',(0.,0.,0.));
#10072=CARTESIAN_POINT('Origin',(0.,1.,-4.44089209850063E-15));
#10073=CARTESIAN_POINT('',(-10.0393329028186,1.00000000000002,44.7886346617798));
#10074=CARTESIAN_POINT('Origin',(-22.1028902446681,1.,38.2833288978837));
#10075=CARTESIAN_POINT('',(10.0393329028186,1.00000000000002,44.7886346617798));
#10076=CARTESIAN_POINT('Origin',(0.,1.,0.));
#10077=CARTESIAN_POINT('Origin',(22.1028902446681,1.,38.2833288978837));
#10078=CARTESIAN_POINT('Origin',(-22.1028902446681,10.,38.2833288978837));
#10079=CARTESIAN_POINT('Origin',(-22.1028902446681,0.,38.2833288978837));
#10080=CARTESIAN_POINT('Ctrl Pts',(-9.20657887705712,-1.5,42.9237568880046));
#10081=CARTESIAN_POINT('Ctrl Pts',(-9.14834115449036,-0.447546158861065,
42.7619072040616));
#10082=CARTESIAN_POINT('Ctrl Pts',(-9.03090310808105,0.566090989620252,
42.4339707815879));
#10083=CARTESIAN_POINT('Ctrl Pts',(-8.74100406243444,2.57125581609501,41.3886671089622));
#10084=CARTESIAN_POINT('Ctrl Pts',(-8.56751019556762,3.51875556581499,40.6319255245231));
#10085=CARTESIAN_POINT('Ctrl Pts',(-8.40588245036674,4.81237981037222,39.0789025355569));
#10086=CARTESIAN_POINT('Ctrl Pts',(-8.377549987901,5.2435032126921,38.3903645113808));
#10087=CARTESIAN_POINT('Ctrl Pts',(-8.45039688334617,5.96556948976734,36.8133812193514));
#10088=CARTESIAN_POINT('Ctrl Pts',(-8.56795474302226,6.21707473098019,35.9409294120697));
#10089=CARTESIAN_POINT('Ctrl Pts',(-8.93568767608201,6.45831345465002,34.424157288606));
#10090=CARTESIAN_POINT('Ctrl Pts',(-9.13297425714168,6.5,33.8054227635421));
#10091=CARTESIAN_POINT('Ctrl Pts',(-9.37379269530846,6.5,33.202138643548));
#10092=CARTESIAN_POINT('',(-12.818102980378,10.,28.2016056186647));
#10093=CARTESIAN_POINT('',(-12.818102980378,10.,28.2016056186647));
#10094=CARTESIAN_POINT('',(-9.37379269530846,10.,33.202138643548));
#10095=CARTESIAN_POINT('Origin',(-22.1028902446681,10.,38.2833288978837));
#10096=CARTESIAN_POINT('Ctrl Pts',(-9.37379269530846,10.,33.202138643548));
#10097=CARTESIAN_POINT('Ctrl Pts',(-8.99279999713477,10.,34.1565790360345));
#10098=CARTESIAN_POINT('Ctrl Pts',(-8.72326634835216,9.91487794020301,35.1429363579402));
#10099=CARTESIAN_POINT('Ctrl Pts',(-8.43947379448896,9.52508573482725,36.9391421232078));
#10100=CARTESIAN_POINT('Ctrl Pts',(-8.38825122500529,9.27481650578264,37.7171821278119));
#10101=CARTESIAN_POINT('Ctrl Pts',(-8.40722477286995,8.6430136417977,39.1272671057229));
#10102=CARTESIAN_POINT('Ctrl Pts',(-8.46326602013034,8.28672185573977,39.7527950666454));
#10103=CARTESIAN_POINT('Ctrl Pts',(-8.7203581978142,7.08466916168271,41.4484144925283));
#10104=CARTESIAN_POINT('Ctrl Pts',(-9.00127804089355,6.10699694053794,42.384866762185));
#10105=CARTESIAN_POINT('Ctrl Pts',(-9.58002222688137,3.78438612164282,43.9174338454743));
#10106=CARTESIAN_POINT('Ctrl Pts',(-9.87082878710547,2.43240454552775,44.4761575644656));
#10107=CARTESIAN_POINT('Ctrl Pts',(-10.0393329028186,0.999999999999998,
44.7886346617798));
#10108=CARTESIAN_POINT('Origin',(22.3500980595802,10.,38.7115053933395));
#10109=CARTESIAN_POINT('Origin',(22.3500980595802,0.,38.7115053933395));
#10110=CARTESIAN_POINT('Ctrl Pts',(12.2222845844079,-1.5,42.1642711254178));
#10111=CARTESIAN_POINT('Ctrl Pts',(12.1669294111789,-0.442000963027291,
42.0019007496518));
#10112=CARTESIAN_POINT('Ctrl Pts',(12.054925826733,0.577048853569891,41.6717512539949));
#10113=CARTESIAN_POINT('Ctrl Pts',(11.8208598499198,2.44941655565884,40.682864119212));
#10114=CARTESIAN_POINT('Ctrl Pts',(11.7024809427151,3.28630895189189,40.0338125138033));
#10115=CARTESIAN_POINT('Ctrl Pts',(11.6252133342313,4.67237144914605,38.4817945679021));
#10116=CARTESIAN_POINT('Ctrl Pts',(11.66385777658,5.20345109204756,37.61963818149));
#10117=CARTESIAN_POINT('Ctrl Pts',(12.021644518224,5.98523306227594,35.7586909159983));
#10118=CARTESIAN_POINT('Ctrl Pts',(12.3318023524347,6.21195979910008,34.8166524743963));
#10119=CARTESIAN_POINT('Ctrl Pts',(13.2793688055634,6.4770307039098,32.9321392329739));
#10120=CARTESIAN_POINT('Ctrl Pts',(13.9288241322161,6.5,32.0114500307699));
#10121=CARTESIAN_POINT('Ctrl Pts',(14.7341332991413,6.5,31.1954374215707));
#10122=CARTESIAN_POINT('Ctrl Pts',(19.6489746396773,6.5,28.3578524505879));
#10123=CARTESIAN_POINT('Ctrl Pts',(20.5177260106252,6.5,28.1312073537207));
#10124=CARTESIAN_POINT('Ctrl Pts',(21.3901422923414,6.48540027274297,28.0205348333879));
#10125=CARTESIAN_POINT('Ctrl Pts',(23.2866125000466,6.3290283779064,28.0012117435282));
#10126=CARTESIAN_POINT('Ctrl Pts',(24.3033488932717,6.15892067584694,28.144304802533));
#10127=CARTESIAN_POINT('Ctrl Pts',(26.1820159260493,5.50486838227188,28.675070398607));
#10128=CARTESIAN_POINT('Ctrl Pts',(26.9945396746791,5.04931650225192,29.0383062155004));
#10129=CARTESIAN_POINT('Ctrl Pts',(28.4707057644129,3.75589680123113,29.8887750540163));
#10130=CARTESIAN_POINT('Ctrl Pts',(29.0653161543416,2.91517920962191,30.3598363751108));
#10131=CARTESIAN_POINT('Ctrl Pts',(29.9705234202361,0.933068036090877,31.1739564104156));
#10132=CARTESIAN_POINT('Ctrl Pts',(30.2691100205683,-0.234612255055307,
31.512509442475));
#10133=CARTESIAN_POINT('Ctrl Pts',(30.4041876344626,-1.5,31.6669445050891));
#10134=CARTESIAN_POINT('Origin',(22.3500980595802,0.,38.7115053933395));
#10135=CARTESIAN_POINT('',(19.6489746396773,10.,28.357852450588));
#10136=CARTESIAN_POINT('Ctrl Pts',(31.5841777957948,0.999999999999999,33.3054006576054));
#10137=CARTESIAN_POINT('Ctrl Pts',(31.4811211786922,1.83254534157765,33.1293713229572));
#10138=CARTESIAN_POINT('Ctrl Pts',(31.327358598723,2.64007874291814,32.8766270100148));
#10139=CARTESIAN_POINT('Ctrl Pts',(30.8928235997799,4.17762383317258,32.2570845053538));
#10140=CARTESIAN_POINT('Ctrl Pts',(30.6123925202039,4.90444207787723,31.8914449927848));
#10141=CARTESIAN_POINT('Ctrl Pts',(29.7570393355075,6.49923107875978,30.9544402818981));
#10142=CARTESIAN_POINT('Ctrl Pts',(29.1188240498984,7.30105147314667,30.3664380548956));
#10143=CARTESIAN_POINT('Ctrl Pts',(27.5645867303589,8.5486621257091,29.3255949159388));
#10144=CARTESIAN_POINT('Ctrl Pts',(26.7103407466042,8.99556248438292,28.8868157922864));
#10145=CARTESIAN_POINT('Ctrl Pts',(24.7837001043993,9.62880455285251,28.2428323938735));
#10146=CARTESIAN_POINT('Ctrl Pts',(23.7632232619089,9.80191040870897,28.0527579246333));
#10147=CARTESIAN_POINT('Ctrl Pts',(21.701970647818,9.98405617515474,27.9834881266139));
#10148=CARTESIAN_POINT('Ctrl Pts',(20.6691230668066,10.,28.0917099766677));
#10149=CARTESIAN_POINT('Ctrl Pts',(19.6489746396773,10.,28.357852450588));
#10150=CARTESIAN_POINT('',(14.7341332991413,10.,31.1954374215707));
#10151=CARTESIAN_POINT('Origin',(22.3500980595802,10.,38.7115053933395));
#10152=CARTESIAN_POINT('Ctrl Pts',(14.7341332991413,10.,31.1954374215707));
#10153=CARTESIAN_POINT('Ctrl Pts',(13.9148502358463,10.,32.0256096555521));
#10154=CARTESIAN_POINT('Ctrl Pts',(13.2533208638378,9.98081729183249,32.9677576586991));
#10155=CARTESIAN_POINT('Ctrl Pts',(12.2997033209974,9.75411200213187,34.896519126702));
#10156=CARTESIAN_POINT('Ctrl Pts',(11.9890199509918,9.56117566033615,35.8629951131277));
#10157=CARTESIAN_POINT('Ctrl Pts',(11.6443275055061,8.89812454522968,37.7964091692969));
#10158=CARTESIAN_POINT('Ctrl Pts',(11.6161732290542,8.44631418304295,38.7147465110151));
#10159=CARTESIAN_POINT('Ctrl Pts',(11.7710261743482,7.10326974280894,40.6560693822388));
#10160=CARTESIAN_POINT('Ctrl Pts',(12.0114792028874,6.16097173510986,41.5766094359238));
#10161=CARTESIAN_POINT('Ctrl Pts',(12.5563262983697,3.88515395861912,43.1037109482859));
#10162=CARTESIAN_POINT('Ctrl Pts',(12.8681305422704,2.51056019360206,43.6837744280594));
#10163=CARTESIAN_POINT('Ctrl Pts',(13.0512341548078,0.999999999999998,44.0054006576054));
#10164=CARTESIAN_POINT('Origin',(-44.2057804893363,10.,1.55431223447522E-14));
#10165=CARTESIAN_POINT('Origin',(-44.2057804893363,0.,1.55431223447522E-14));
#10166=CARTESIAN_POINT('Ctrl Pts',(-41.7763533294079,-1.5,13.4887472545257));
#10167=CARTESIAN_POINT('Ctrl Pts',(-41.6070685302353,-0.447546158861064,
13.4582577597555));
#10168=CARTESIAN_POINT('Ctrl Pts',(-41.2643482343423,0.566090989620252,
13.3959938800799));
#10169=CARTESIAN_POINT('Ctrl Pts',(-40.2141391763559,2.57125581609501,13.1244019818299));
#10170=CARTESIAN_POINT('Ctrl Pts',(-39.4720348066982,3.51875556581499,12.8962812857178));
#10171=CARTESIAN_POINT('Ctrl Pts',(-38.0462635729918,4.81237981037222,12.2597435245351));
#10172=CARTESIAN_POINT('Ctrl Pts',(-37.4358059213508,5.2435032126921,11.9400111446941));
#10173=CARTESIAN_POINT('Ctrl Pts',(-36.1065217768324,5.96556948976734,11.0884322366371));
#10174=CARTESIAN_POINT('Ctrl Pts',(-35.4097352779868,6.21707473098019,10.5503982401022));
#10175=CARTESIAN_POINT('Ctrl Pts',(-34.280038553845,6.45831345465002,9.47354611653246));
#10176=CARTESIAN_POINT('Ctrl Pts',(-33.842842027471,6.5,8.99332366297705));
#10177=CARTESIAN_POINT('Ctrl Pts',(-33.4407918729398,6.5,8.48312671782788));
#10178=CARTESIAN_POINT('',(-30.8323583834626,10.,3.00000000000001));
#10179=CARTESIAN_POINT('',(-30.8323583834626,10.,3.00000000000001));
#10180=CARTESIAN_POINT('',(-33.4407918729398,10.,8.48312671782788));
#10181=CARTESIAN_POINT('Origin',(-44.2057804893363,10.,1.55431223447522E-14));
#10182=CARTESIAN_POINT('Ctrl Pts',(-33.4407918729398,10.,8.48312671782788));
#10183=CARTESIAN_POINT('Ctrl Pts',(-34.0768651501442,10.,9.29029626934592));
#10184=CARTESIAN_POINT('Ctrl Pts',(-34.7963088237321,9.91487794020301,10.0168979173192));
#10185=CARTESIAN_POINT('Ctrl Pts',(-36.2099723699463,9.52508573482725,11.1607723610034));
#10186=CARTESIAN_POINT('Ctrl Pts',(-36.8581634943521,9.27481650578264,11.5941524097254));
#10187=CARTESIAN_POINT('Ctrl Pts',(-38.0888196806502,8.6430136417977,12.2827633242302));
#10188=CARTESIAN_POINT('Ctrl Pts',(-38.6585634092168,8.28672185573977,12.5469941609042));
#10189=CARTESIAN_POINT('Ctrl Pts',(-40.2555589960237,7.08466916168271,13.1721555168572));
#10190=CARTESIAN_POINT('Ctrl Pts',(-41.2070103725177,6.10699694053794,13.3970979311517));
#10191=CARTESIAN_POINT('Ctrl Pts',(-42.8236244926439,3.78438612164282,13.6621743054383));
#10192=CARTESIAN_POINT('Ctrl Pts',(-43.4528967070994,2.43240454552775,13.6896902961928));
#10193=CARTESIAN_POINT('Ctrl Pts',(-43.8077618693309,0.999999999999999,
13.7));
#10194=CARTESIAN_POINT('Origin',(22.1028902446681,10.,38.2833288978837));
#10195=CARTESIAN_POINT('Origin',(22.1028902446681,0.,38.2833288978837));
#10196=CARTESIAN_POINT('Ctrl Pts',(32.5697744523507,-1.5,29.435009633479));
#10197=CARTESIAN_POINT('Ctrl Pts',(32.458727375745,-0.447546158861066,29.3036494443061));
#10198=CARTESIAN_POINT('Ctrl Pts',(32.2334451262612,0.566090989620252,29.037976901508));
#10199=CARTESIAN_POINT('Ctrl Pts',(31.4731351139215,2.57125581609501,28.2642651271323));
#10200=CARTESIAN_POINT('Ctrl Pts',(30.9045246111306,3.51875556581499,27.7356442388053));
#10201=CARTESIAN_POINT('Ctrl Pts',(29.640381122625,4.81237981037222,26.8191590110218));
#10202=CARTESIAN_POINT('Ctrl Pts',(29.0582559334498,5.2435032126921,26.4503533666867));
#10203=CARTESIAN_POINT('Ctrl Pts',(27.6561248934862,5.96556948976734,25.7249489827143));
#10204=CARTESIAN_POINT('Ctrl Pts',(26.8417805349646,6.21707473098019,25.3905311719675));
#10205=CARTESIAN_POINT('Ctrl Pts',(25.344350877763,6.45831345465002,24.9506111720736));
#10206=CARTESIAN_POINT('Ctrl Pts',(24.7098677703293,6.5,24.812099100565));
#10207=CARTESIAN_POINT('Ctrl Pts',(24.0669991776313,6.5,24.7190119257201));
#10208=CARTESIAN_POINT('',(18.0142554030846,10.,25.2016056186647));
#10209=CARTESIAN_POINT('',(18.0142554030846,10.,25.2016056186647));
#10210=CARTESIAN_POINT('',(24.0669991776313,10.,24.7190119257201));
#10211=CARTESIAN_POINT('Origin',(22.1028902446681,10.,38.2833288978837));
#10212=CARTESIAN_POINT('Ctrl Pts',(24.0669991776313,10.,24.7190119257201));
#10213=CARTESIAN_POINT('Ctrl Pts',(25.0840651530095,10.,24.8662827666886));
#10214=CARTESIAN_POINT('Ctrl Pts',(26.0730424753799,9.91487794020301,25.126038440621));
#10215=CARTESIAN_POINT('Ctrl Pts',(27.7704985754573,9.52508573482725,25.7783697622044));
#10216=CARTESIAN_POINT('Ctrl Pts',(28.4699122693469,9.27481650578264,26.1230297180865));
#10217=CARTESIAN_POINT('Ctrl Pts',(29.6815949077803,8.6430136417977,26.8445037814927));
#10218=CARTESIAN_POINT('Ctrl Pts',(30.1952973890864,8.28672185573977,27.2058009057412));
#10219=CARTESIAN_POINT('Ctrl Pts',(31.5352007982095,7.08466916168271,28.2762589756711));
#10220=CARTESIAN_POINT('Ctrl Pts',(32.2057323316241,6.10699694053794,28.9877688310333));
#10221=CARTESIAN_POINT('Ctrl Pts',(33.2436022657625,3.78438612164282,30.255259540036));
#10222=CARTESIAN_POINT('Ctrl Pts',(33.5820679199939,2.43240454552775,30.7864672682729));
#10223=CARTESIAN_POINT('Ctrl Pts',(33.7684289665122,1.,31.0886346617798));
#10224=CARTESIAN_POINT('Origin',(44.7001961191604,10.,2.22044604925031E-15));
#10225=CARTESIAN_POINT('Origin',(44.7001961191604,0.,2.22044604925031E-15));
#10226=CARTESIAN_POINT('',(34.3831079388186,6.5,2.83758497098279));
#10227=CARTESIAN_POINT('Ctrl Pts',(42.6264722188705,-1.5,10.4973266203287));
#10228=CARTESIAN_POINT('Ctrl Pts',(42.4581777620206,-0.442000963027292,
10.4640804186929));
#10229=CARTESIAN_POINT('Ctrl Pts',(42.1162581195122,0.577048853569891,10.3960036203095));
#10230=CARTESIAN_POINT('Ctrl Pts',(41.1428237509079,2.44941655565884,10.104267135));
#10231=CARTESIAN_POINT('Ctrl Pts',(40.5215391186546,3.28630895189189,9.88226047320716));
#10232=CARTESIAN_POINT('Ctrl Pts',(39.1388183461329,4.67237144914605,9.17316721209316));
#10233=CARTESIAN_POINT('Ctrl Pts',(38.4114912346394,5.20345109204756,8.70862195009802));
#10234=CARTESIAN_POINT('Ctrl Pts',(36.9787569984424,5.98523306227594,7.46829590995122));
#10235=CARTESIAN_POINT('Ctrl Pts',(36.3180066937789,6.21195979910008,6.72867212554104));
#10236=CARTESIAN_POINT('Ctrl Pts',(35.1597535795032,6.4770307039098,4.96579888464643));
#10237=CARTESIAN_POINT('Ctrl Pts',(34.6871410047309,6.5,3.94300947204007));
#10238=CARTESIAN_POINT('Ctrl Pts',(34.3831079388186,6.5,2.83758497098279));
#10239=CARTESIAN_POINT('',(34.3831079388186,6.5,-2.83758497098279));
#10240=CARTESIAN_POINT('Origin',(44.7001961191604,6.5,2.22044604925031E-15));
#10241=CARTESIAN_POINT('Ctrl Pts',(34.3831079388186,6.5,-2.83758497098279));
#10242=CARTESIAN_POINT('Ctrl Pts',(34.6212032127623,6.5,-3.70326827622981));
#10243=CARTESIAN_POINT('Ctrl Pts',(34.9615661395114,6.48540027274297,-4.51413919903765));
#10244=CARTESIAN_POINT('Ctrl Pts',(35.8930669566658,6.3290283779064,-6.1661921213605));
#10245=CARTESIAN_POINT('Ctrl Pts',(36.5253573774818,6.15892067584694,-6.9751651373432));
#10246=CARTESIAN_POINT('Ctrl Pts',(37.9243473835255,5.50486838227188,-8.33675571494393));
#10247=CARTESIAN_POINT('Ctrl Pts',(38.6451807028345,5.04931650225192,-8.85880401398879));
#10248=CARTESIAN_POINT('Ctrl Pts',(40.1197913669831,3.75589680123113,-9.71196692864551));
#10249=CARTESIAN_POINT('Ctrl Pts',(40.8250476327557,2.91517920962191,-9.99138397113066));
#10250=CARTESIAN_POINT('Ctrl Pts',(41.9826998980067,0.933068036090877,-10.3682564414331));
#10251=CARTESIAN_POINT('Ctrl Pts',(42.4251887244645,-0.234612255055308,
-10.4575635065207));
#10252=CARTESIAN_POINT('Ctrl Pts',(42.6264722188705,-1.5,-10.4973266203287));
#10253=CARTESIAN_POINT('Origin',(44.7001961191604,0.,2.22044604925031E-15));
#10254=CARTESIAN_POINT('',(34.3831079388186,10.,-2.83758497098279));
#10255=CARTESIAN_POINT('Ctrl Pts',(44.6354119506026,0.999999999999999,-10.7));
#10256=CARTESIAN_POINT('Ctrl Pts',(44.4314377664347,1.83254534157765,-10.6987650188852));
#10257=CARTESIAN_POINT('Ctrl Pts',(44.13567348078,2.64007874291814,-10.6919748749516));
#10258=CARTESIAN_POINT('Ctrl Pts',(43.3818664335477,4.17762383317258,-10.6254277793639));
#10259=CARTESIAN_POINT('Ctrl Pts',(42.9249977872477,4.90444207787723,-10.5653870967249));
#10260=CARTESIAN_POINT('Ctrl Pts',(41.6858513118058,6.49923107875978,-10.2931318650133));
#10261=CARTESIAN_POINT('Ctrl Pts',(40.8575188029353,7.30105147314667,-10.0344223280935));
#10262=CARTESIAN_POINT('Ctrl Pts',(39.1790035434742,8.5486621257091,-9.20883489534082));
#10263=CARTESIAN_POINT('Ctrl Pts',(38.3718866838636,8.99556248438292,-8.6884257341546));
#10264=CARTESIAN_POINT('Ctrl Pts',(36.8508603801202,9.62880455285251,-7.34189769324808));
#10265=CARTESIAN_POINT('Ctrl Pts',(36.1760126399021,9.80191040870897,-6.55317605829779));
#10266=CARTESIAN_POINT('Ctrl Pts',(35.0853969280569,9.98405617515474,-4.80271382988764));
#10267=CARTESIAN_POINT('Ctrl Pts',(34.6626960089423,10.,-3.85413066146755));
#10268=CARTESIAN_POINT('Ctrl Pts',(34.3831079388186,10.,-2.83758497098279));
#10269=CARTESIAN_POINT('',(34.3831079388186,10.,2.83758497098279));
#10270=CARTESIAN_POINT('Origin',(44.7001961191604,10.,2.22044604925031E-15));
#10271=CARTESIAN_POINT('Ctrl Pts',(34.3831079388186,10.,2.83758497098279));
#10272=CARTESIAN_POINT('Ctrl Pts',(34.6924166513155,10.,3.96219103367724));
#10273=CARTESIAN_POINT('Ctrl Pts',(35.1775760701613,9.98081729183249,5.00616627675974));
#10274=CARTESIAN_POINT('Ctrl Pts',(36.3711237278722,9.75411200213187,6.79640402835545));
#10275=CARTESIAN_POINT('Ctrl Pts',(37.0527747992617,9.56117566033615,7.54870171252649));
#10276=CARTESIAN_POINT('Ctrl Pts',(38.5548142651952,8.89812454522968,8.81392115489428));
#10277=CARTESIAN_POINT('Ctrl Pts',(39.3360405941412,8.44631418304295,9.29747214438589));
#10278=CARTESIAN_POINT('Ctrl Pts',(41.0947019902156,7.10326974280894,10.1340269955223));
#10279=CARTESIAN_POINT('Ctrl Pts',(42.0121395761775,6.16097173510986,10.386058591233));
#10280=CARTESIAN_POINT('Ctrl Pts',(43.6070718277819,3.88515395861912,10.6777579215482));
#10281=CARTESIAN_POINT('Ctrl Pts',(44.2653236590237,2.51056019360206,10.6977592652091));
#10282=CARTESIAN_POINT('Ctrl Pts',(44.6354119506026,0.999999999999995,10.7));
#10283=CARTESIAN_POINT('Origin',(-22.1028902446682,10.,-38.2833288978837));
#10284=CARTESIAN_POINT('Origin',(-22.1028902446682,0.,-38.2833288978837));
#10285=CARTESIAN_POINT('Ctrl Pts',(-32.5697744523508,-1.5,-29.435009633479));
#10286=CARTESIAN_POINT('Ctrl Pts',(-32.458727375745,-0.447546158861065,
-29.3036494443061));
#10287=CARTESIAN_POINT('Ctrl Pts',(-32.2334451262613,0.566090989620252,
-29.037976901508));
#10288=CARTESIAN_POINT('Ctrl Pts',(-31.4731351139215,2.57125581609501,-28.2642651271323));
#10289=CARTESIAN_POINT('Ctrl Pts',(-30.9045246111306,3.51875556581499,-27.7356442388053));
#10290=CARTESIAN_POINT('Ctrl Pts',(-29.6403811226251,4.81237981037222,-26.8191590110218));
#10291=CARTESIAN_POINT('Ctrl Pts',(-29.0582559334499,5.2435032126921,-26.4503533666867));
#10292=CARTESIAN_POINT('Ctrl Pts',(-27.6561248934862,5.96556948976734,-25.7249489827143));
#10293=CARTESIAN_POINT('Ctrl Pts',(-26.8417805349646,6.21707473098019,-25.3905311719675));
#10294=CARTESIAN_POINT('Ctrl Pts',(-25.3443508777631,6.45831345465002,-24.9506111720735));
#10295=CARTESIAN_POINT('Ctrl Pts',(-24.7098677703294,6.5,-24.812099100565));
#10296=CARTESIAN_POINT('Ctrl Pts',(-24.0669991776313,6.5,-24.7190119257201));
#10297=CARTESIAN_POINT('',(-18.0142554030846,10.,-25.2016056186647));
#10298=CARTESIAN_POINT('',(-18.0142554030846,10.,-25.2016056186647));
#10299=CARTESIAN_POINT('',(-24.0669991776313,10.,-24.7190119257201));
#10300=CARTESIAN_POINT('Origin',(-22.1028902446682,10.,-38.2833288978837));
#10301=CARTESIAN_POINT('Ctrl Pts',(-24.0669991776313,10.,-24.7190119257201));
#10302=CARTESIAN_POINT('Ctrl Pts',(-25.0840651530095,10.,-24.8662827666885));
#10303=CARTESIAN_POINT('Ctrl Pts',(-26.0730424753799,9.91487794020301,-25.126038440621));
#10304=CARTESIAN_POINT('Ctrl Pts',(-27.7704985754573,9.52508573482725,-25.7783697622044));
#10305=CARTESIAN_POINT('Ctrl Pts',(-28.4699122693469,9.27481650578264,-26.1230297180864));
#10306=CARTESIAN_POINT('Ctrl Pts',(-29.6815949077803,8.6430136417977,-26.8445037814927));
#10307=CARTESIAN_POINT('Ctrl Pts',(-30.1952973890865,8.28672185573977,-27.2058009057412));
#10308=CARTESIAN_POINT('Ctrl Pts',(-31.5352007982095,7.08466916168271,-28.2762589756711));
#10309=CARTESIAN_POINT('Ctrl Pts',(-32.2057323316242,6.10699694053794,-28.9877688310333));
#10310=CARTESIAN_POINT('Ctrl Pts',(-33.2436022657626,3.78438612164282,-30.2552595400359));
#10311=CARTESIAN_POINT('Ctrl Pts',(-33.582067919994,2.43240454552775,-30.7864672682729));
#10312=CARTESIAN_POINT('Ctrl Pts',(-33.7684289665123,0.999999999999996,
-31.0886346617798));
#10313=CARTESIAN_POINT('Origin',(44.2057804893363,10.,0.));
#10314=CARTESIAN_POINT('Origin',(44.2057804893363,0.,0.));
#10315=CARTESIAN_POINT('',(33.4407918729398,6.5,-8.48312671782786));
#10316=CARTESIAN_POINT('Ctrl Pts',(41.7763533294079,-1.5,-13.4887472545256));
#10317=CARTESIAN_POINT('Ctrl Pts',(41.6070685302353,-0.447546158861065,
-13.4582577597555));
#10318=CARTESIAN_POINT('Ctrl Pts',(41.2643482343423,0.566090989620252,-13.3959938800799));
#10319=CARTESIAN_POINT('Ctrl Pts',(40.2141391763559,2.57125581609501,-13.1244019818299));
#10320=CARTESIAN_POINT('Ctrl Pts',(39.4720348066982,3.51875556581499,-12.8962812857178));
#10321=CARTESIAN_POINT('Ctrl Pts',(38.0462635729918,4.81237981037222,-12.2597435245351));
#10322=CARTESIAN_POINT('Ctrl Pts',(37.4358059213508,5.2435032126921,-11.9400111446941));
#10323=CARTESIAN_POINT('Ctrl Pts',(36.1065217768324,5.96556948976734,-11.0884322366371));
#10324=CARTESIAN_POINT('Ctrl Pts',(35.4097352779868,6.21707473098019,-10.5503982401022));
#10325=CARTESIAN_POINT('Ctrl Pts',(34.280038553845,6.45831345465002,-9.47354611653244));
#10326=CARTESIAN_POINT('Ctrl Pts',(33.842842027471,6.5,-8.99332366297704));
#10327=CARTESIAN_POINT('Ctrl Pts',(33.4407918729398,6.5,-8.48312671782786));
#10328=CARTESIAN_POINT('',(30.8323583834626,6.5,-3.));
#10329=CARTESIAN_POINT('Origin',(44.2057804893363,6.5,0.));
#10330=CARTESIAN_POINT('',(30.8323583834626,10.,-3.));
#10331=CARTESIAN_POINT('',(30.8323583834626,10.,-3.));
#10332=CARTESIAN_POINT('',(33.4407918729398,10.,-8.48312671782786));
#10333=CARTESIAN_POINT('Origin',(44.2057804893363,10.,0.));
#10334=CARTESIAN_POINT('Ctrl Pts',(33.4407918729398,10.,-8.48312671782787));
#10335=CARTESIAN_POINT('Ctrl Pts',(34.0768651501442,10.,-9.29029626934591));
#10336=CARTESIAN_POINT('Ctrl Pts',(34.7963088237321,9.91487794020301,-10.0168979173192));
#10337=CARTESIAN_POINT('Ctrl Pts',(36.2099723699463,9.52508573482725,-11.1607723610034));
#10338=CARTESIAN_POINT('Ctrl Pts',(36.8581634943521,9.27481650578264,-11.5941524097254));
#10339=CARTESIAN_POINT('Ctrl Pts',(38.0888196806502,8.6430136417977,-12.2827633242302));
#10340=CARTESIAN_POINT('Ctrl Pts',(38.6585634092168,8.28672185573977,-12.5469941609042));
#10341=CARTESIAN_POINT('Ctrl Pts',(40.2555589960237,7.08466916168271,-13.1721555168572));
#10342=CARTESIAN_POINT('Ctrl Pts',(41.2070103725177,6.10699694053794,-13.3970979311517));
#10343=CARTESIAN_POINT('Ctrl Pts',(42.8236244926439,3.78438612164282,-13.6621743054383));
#10344=CARTESIAN_POINT('Ctrl Pts',(43.4528967070994,2.43240454552775,-13.6896902961927));
#10345=CARTESIAN_POINT('Ctrl Pts',(43.8077618693309,0.999999999999999,-13.7));
#10346=CARTESIAN_POINT('Origin',(22.3500980595802,10.,-38.7115053933395));
#10347=CARTESIAN_POINT('Origin',(22.3500980595802,0.,-38.7115053933395));
#10348=CARTESIAN_POINT('Ctrl Pts',(30.4041876344626,-1.5,-31.6669445050891));
#10349=CARTESIAN_POINT('Ctrl Pts',(30.2912483508417,-0.44200096302729,-31.5378203309589));
#10350=CARTESIAN_POINT('Ctrl Pts',(30.0613322927791,0.577048853569891,-31.2757476336854));
#10351=CARTESIAN_POINT('Ctrl Pts',(29.3219639009881,2.44941655565884,-30.578596984212));
#10352=CARTESIAN_POINT('Ctrl Pts',(28.8190581759395,3.28630895189189,-30.1515520405962));
#10353=CARTESIAN_POINT('Ctrl Pts',(27.5136050119016,4.67237144914605,-29.308627355809));
#10354=CARTESIAN_POINT('Ctrl Pts',(26.7476334580594,5.20345109204756,-28.911016231392));
#10355=CARTESIAN_POINT('Ctrl Pts',(24.9571124802184,5.98523306227594,-28.2903950060471));
#10356=CARTESIAN_POINT('Ctrl Pts',(23.9862043413442,6.21195979910008,-28.0879803488553));
#10357=CARTESIAN_POINT('Ctrl Pts',(21.8803847739399,6.4770307039098,-27.9663403483274));
#10358=CARTESIAN_POINT('Ctrl Pts',(20.7583168725148,6.5,-28.0684405587298));
#10359=CARTESIAN_POINT('Ctrl Pts',(19.6489746396773,6.5,-28.3578524505879));
#10360=CARTESIAN_POINT('Ctrl Pts',(14.7341332991413,6.5,-31.1954374215707));
#10361=CARTESIAN_POINT('Ctrl Pts',(14.1034772021371,6.5,-31.8344756299505));
#10362=CARTESIAN_POINT('Ctrl Pts',(13.57142384717,6.48540027274297,-32.5346740324255));
#10363=CARTESIAN_POINT('Ctrl Pts',(12.6064544566193,6.3290283779064,-34.1674038648887));
#10364=CARTESIAN_POINT('Ctrl Pts',(12.2220084842101,6.15892067584694,-35.1194699398762));
#10365=CARTESIAN_POINT('Ctrl Pts',(11.7423314574762,5.50486838227188,-37.011826113551));
#10366=CARTESIAN_POINT('Ctrl Pts',(11.6506410281554,5.04931650225192,-37.8971102294892));
#10367=CARTESIAN_POINT('Ctrl Pts',(11.6490856025702,3.75589680123113,-39.6007419826618));
#10368=CARTESIAN_POINT('Ctrl Pts',(11.759731478414,2.91517920962191,-40.3512203462415));
#10369=CARTESIAN_POINT('Ctrl Pts',(12.0121764777706,0.933068036090877,-41.5422128518488));
#10370=CARTESIAN_POINT('Ctrl Pts',(12.1560787038962,-0.234612255055307,
-41.9700729489958));
#10371=CARTESIAN_POINT('Ctrl Pts',(12.2222845844079,-1.5,-42.1642711254178));
#10372=CARTESIAN_POINT('Origin',(22.3500980595802,0.,-38.7115053933395));
#10373=CARTESIAN_POINT('',(14.7341332991413,10.,-31.1954374215707));
#10374=CARTESIAN_POINT('Ctrl Pts',(13.0512341548078,0.999999999999997,-44.0054006576054));
#10375=CARTESIAN_POINT('Ctrl Pts',(12.9503165877425,1.83254534157765,-43.8281363418424));
#10376=CARTESIAN_POINT('Ctrl Pts',(12.8083148820569,2.64007874291814,-43.5686018849664));
#10377=CARTESIAN_POINT('Ctrl Pts',(12.4890428337678,4.17762383317258,-42.8825122847177));
#10378=CARTESIAN_POINT('Ctrl Pts',(12.3126052670437,4.90444207787723,-42.4568320895098));
#10379=CARTESIAN_POINT('Ctrl Pts',(11.9288119762983,6.49923107875978,-41.2475721469114));
#10380=CARTESIAN_POINT('Ctrl Pts',(11.7386947530369,7.30105147314667,-40.4008603829891));
#10381=CARTESIAN_POINT('Ctrl Pts',(11.6144168131153,8.5486621257091,-38.5344298112796));
#10382=CARTESIAN_POINT('Ctrl Pts',(11.6615459372595,8.99556248438292,-37.575241526441));
#10383=CARTESIAN_POINT('Ctrl Pts',(12.0671602757209,9.62880455285251,-35.5847300871216));
#10384=CARTESIAN_POINT('Ctrl Pts',(12.4127893779932,9.80191040870897,-34.6059339829311));
#10385=CARTESIAN_POINT('Ctrl Pts',(13.3834262802389,9.98405617515474,-32.7862019565016));
#10386=CARTESIAN_POINT('Ctrl Pts',(13.9935729421357,10.,-31.9458406381352));
#10387=CARTESIAN_POINT('Ctrl Pts',(14.7341332991413,10.,-31.1954374215707));
#10388=CARTESIAN_POINT('',(19.6489746396773,10.,-28.357852450588));
#10389=CARTESIAN_POINT('Origin',(22.3500980595802,10.,-38.7115053933395));
#10390=CARTESIAN_POINT('Ctrl Pts',(19.6489746396773,10.,-28.3578524505879));
#10391=CARTESIAN_POINT('Ctrl Pts',(20.7775664154692,10.,-28.0634186218748));
#10392=CARTESIAN_POINT('Ctrl Pts',(21.9242552063236,9.98081729183249,-27.9615913819394));
#10393=CARTESIAN_POINT('Ctrl Pts',(24.0714204068748,9.75411200213187,-28.1001150983466));
#10394=CARTESIAN_POINT('Ctrl Pts',(25.0637548482699,9.56117566033615,-28.3142934006012));
#10395=CARTESIAN_POINT('Ctrl Pts',(26.9104867596891,8.89812454522968,-28.9824880144026));
#10396=CARTESIAN_POINT('Ctrl Pts',(27.7198673650869,8.44631418304295,-29.4172743666292));
#10397=CARTESIAN_POINT('Ctrl Pts',(29.3236758158674,7.10326974280894,-30.5220423867165));
#10398=CARTESIAN_POINT('Ctrl Pts',(30.0006603732902,6.16097173510986,-31.1905508446908));
#10399=CARTESIAN_POINT('Ctrl Pts',(31.0507455294122,3.88515395861912,-32.4259530267377));
#10400=CARTESIAN_POINT('Ctrl Pts',(31.3971931167532,2.51056019360206,-32.9860151628503));
#10401=CARTESIAN_POINT('Ctrl Pts',(31.5841777957948,0.999999999999996,-33.3054006576054));
#10402=CARTESIAN_POINT('Origin',(4.44089209850063E-15,0.,0.));
#10403=CARTESIAN_POINT('Origin',(0.,0.,0.));
#10404=CARTESIAN_POINT('Origin',(4.44089209850063E-15,0.,0.));
#10405=CARTESIAN_POINT('Origin',(0.,0.,0.));
#10406=CARTESIAN_POINT('Origin',(22.1028902446681,0.,-38.2833288978837));
#10407=CARTESIAN_POINT('Origin',(4.44089209850063E-15,0.,0.));
#10408=CARTESIAN_POINT('Origin',(0.,0.,0.));
#10409=CARTESIAN_POINT('Origin',(4.44089209850063E-15,0.,0.));
#10410=CARTESIAN_POINT('Origin',(0.,0.,0.));
#10411=CARTESIAN_POINT('Origin',(44.2057804893363,0.,0.));
#10412=CARTESIAN_POINT('Origin',(4.44089209850063E-15,0.,0.));
#10413=CARTESIAN_POINT('Origin',(0.,0.,0.));
#10414=CARTESIAN_POINT('Origin',(4.44089209850063E-15,0.,0.));
#10415=CARTESIAN_POINT('Origin',(0.,0.,0.));
#10416=CARTESIAN_POINT('Origin',(22.1028902446681,0.,38.2833288978837));
#10417=CARTESIAN_POINT('Origin',(4.44089209850063E-15,0.,0.));
#10418=CARTESIAN_POINT('Origin',(-22.3500980595802,0.,38.7115053933395));
#10419=CARTESIAN_POINT('Origin',(0.,0.,0.));
#10420=CARTESIAN_POINT('Origin',(0.,0.,0.));
#10421=CARTESIAN_POINT('Origin',(-22.3500980595802,0.,38.7115053933395));
#10422=CARTESIAN_POINT('Origin',(4.44089209850063E-15,0.,0.));
#10423=CARTESIAN_POINT('Origin',(0.,0.,0.));
#10424=CARTESIAN_POINT('Origin',(-22.1028902446681,0.,38.2833288978837));
#10425=CARTESIAN_POINT('Origin',(4.44089209850063E-15,0.,0.));
#10426=CARTESIAN_POINT('Origin',(-44.7001961191604,0.,1.33226762955019E-14));
#10427=CARTESIAN_POINT('Origin',(0.,0.,0.));
#10428=CARTESIAN_POINT('Origin',(-44.7001961191604,0.,1.33226762955019E-14));
#10429=CARTESIAN_POINT('Origin',(4.44089209850063E-15,0.,0.));
#10430=CARTESIAN_POINT('Origin',(0.,0.,0.));
#10431=CARTESIAN_POINT('Origin',(-44.2057804893363,0.,1.55431223447522E-14));
#10432=CARTESIAN_POINT('Origin',(4.44089209850063E-15,0.,0.));
#10433=CARTESIAN_POINT('Origin',(-22.3500980595802,0.,-38.7115053933395));
#10434=CARTESIAN_POINT('Origin',(0.,0.,0.));
#10435=CARTESIAN_POINT('Origin',(-22.3500980595802,0.,-38.7115053933395));
#10436=CARTESIAN_POINT('Origin',(4.44089209850063E-15,0.,0.));
#10437=CARTESIAN_POINT('Origin',(-22.1028902446682,0.,-38.2833288978837));
#10438=CARTESIAN_POINT('Origin',(22.1028902446681,0.,-38.2833288978837));
#10439=CARTESIAN_POINT('Origin',(0.,0.,0.));
#10440=CARTESIAN_POINT('Origin',(-22.1028902446682,10.,-38.2833288978837));
#10441=CARTESIAN_POINT('',(-9.37379269530848,10.,-33.202138643548));
#10442=CARTESIAN_POINT('Ctrl Pts',(-10.0393329028187,1.,-44.7886346617798));
#10443=CARTESIAN_POINT('Ctrl Pts',(-9.94651583868493,1.78901090341327,-44.6165130096826));
#10444=CARTESIAN_POINT('Ctrl Pts',(-9.81740165102733,2.55482969367173,-44.3694049374941));
#10445=CARTESIAN_POINT('Ctrl Pts',(-9.52000225589895,4.01608612784927,-43.7279736360187));
#10446=CARTESIAN_POINT('Ctrl Pts',(-9.35258897367144,4.70866959129826,-43.3350774988973));
#10447=CARTESIAN_POINT('Ctrl Pts',(-8.89768423818999,6.48883254247941,-42.0546209879352));
#10448=CARTESIAN_POINT('Ctrl Pts',(-8.62057726516437,7.45845563672289,-41.0298448982585));
#10449=CARTESIAN_POINT('Ctrl Pts',(-8.38616190831889,8.75629666351452,-38.9605094188098));
#10450=CARTESIAN_POINT('Ctrl Pts',(-8.36419962410955,9.17269728980684,-38.0271958958923));
#10451=CARTESIAN_POINT('Ctrl Pts',(-8.54562843110818,9.77094709231438,-36.0242138389178));
#10452=CARTESIAN_POINT('Ctrl Pts',(-8.75470509935343,9.92931396671367,-34.993610457429));
#10453=CARTESIAN_POINT('Ctrl Pts',(-9.17788996938676,9.99394342434962,-33.7151136531263));
#10454=CARTESIAN_POINT('Ctrl Pts',(-9.27209906407741,10.,-33.4568955188656));
#10455=CARTESIAN_POINT('Ctrl Pts',(-9.37379269530848,10.,-33.202138643548));
#10456=CARTESIAN_POINT('',(-12.818102980378,10.,-28.2016056186647));
#10457=CARTESIAN_POINT('Origin',(-22.1028902446682,10.,-38.2833288978837));
#10458=CARTESIAN_POINT('',(-12.818102980378,10.,-28.2016056186647));
#10459=CARTESIAN_POINT('Ctrl Pts',(-9.37379269530848,6.5,-33.202138643548));
#10460=CARTESIAN_POINT('Ctrl Pts',(-9.35471883497826,6.5,-33.2499213512667));
#10461=CARTESIAN_POINT('Ctrl Pts',(-9.3359057145577,6.49973775292244,-33.2978322783368));
#10462=CARTESIAN_POINT('Ctrl Pts',(-8.91199724274627,6.48754300262202,-34.3955419262916));
#10463=CARTESIAN_POINT('Ctrl Pts',(-8.64702428847577,6.34674452820089,-35.466395867597));
#10464=CARTESIAN_POINT('Ctrl Pts',(-8.37852753314648,5.69293817563732,-37.5462703354511));
#10465=CARTESIAN_POINT('Ctrl Pts',(-8.37200324385737,5.21175122650614,-38.500787831919));
#10466=CARTESIAN_POINT('Ctrl Pts',(-8.51408024642519,3.84857715548744,-40.3103444023927));
#10467=CARTESIAN_POINT('Ctrl Pts',(-8.6759037550909,2.95454950687903,-41.1035349833565));
#10468=CARTESIAN_POINT('Ctrl Pts',(-8.99168287120522,0.881710152294815,
-42.3273933245921));
#10469=CARTESIAN_POINT('Ctrl Pts',(-9.139183938908,-0.282059833348005,-42.7364581929656));
#10470=CARTESIAN_POINT('Ctrl Pts',(-9.20657887705715,-1.5,-42.9237568880046));
#10471=CARTESIAN_POINT('Origin',(-44.2057804893363,10.,1.55431223447522E-14));
#10472=CARTESIAN_POINT('',(-33.4407918729398,10.,-8.48312671782785));
#10473=CARTESIAN_POINT('Ctrl Pts',(-43.8077618693309,0.999999999999998,
-13.7));
#10474=CARTESIAN_POINT('Ctrl Pts',(-43.6122916140065,1.78901090341327,-13.6943211093959));
#10475=CARTESIAN_POINT('Ctrl Pts',(-43.3337326521823,2.55482969367173,-13.6825832398021));
#10476=CARTESIAN_POINT('Ctrl Pts',(-42.6295371527578,4.01608612784927,-13.6194230203157));
#10477=CARTESIAN_POINT('Ctrl Pts',(-42.2055724758482,4.70866959129826,-13.567959107095));
#10478=CARTESIAN_POINT('Ctrl Pts',(-40.8692122411731,6.48883254247941,-13.3216899088427));
#10479=CARTESIAN_POINT('Ctrl Pts',(-39.8431766278094,7.45845563672289,-13.0492835422104));
#10480=CARTESIAN_POINT('Ctrl Pts',(-37.9338718552317,8.75629666351452,-12.2176254565514));
#10481=CARTESIAN_POINT('Ctrl Pts',(-37.1146174925848,9.17269728980684,-11.769988591143));
#10482=CARTESIAN_POINT('Ctrl Pts',(-35.4706985514198,9.77094709231438,-10.6113756068167));
#10483=CARTESIAN_POINT('Ctrl Pts',(-34.682708175947,9.92931396671367,-9.9150082100333));
#10484=CARTESIAN_POINT('Ctrl Pts',(-33.7870898997803,9.99394342434962,-8.90927095993584));
#10485=CARTESIAN_POINT('Ctrl Pts',(-33.6105709831381,10.,-8.69857442353586));
#10486=CARTESIAN_POINT('Ctrl Pts',(-33.4407918729398,10.,-8.48312671782785));
#10487=CARTESIAN_POINT('',(-30.8323583834626,10.,-2.99999999999999));
#10488=CARTESIAN_POINT('Origin',(-44.2057804893363,10.,1.55431223447522E-14));
#10489=CARTESIAN_POINT('',(-30.8323583834626,10.,-2.99999999999999));
#10490=CARTESIAN_POINT('Ctrl Pts',(-33.4407918729398,6.5,-8.48312671782785));
#10491=CARTESIAN_POINT('Ctrl Pts',(-33.4726359815207,6.5,-8.52353651928143));
#10492=CARTESIAN_POINT('Ctrl Pts',(-33.504721501272,6.49973775292244,-8.56378462302515));
#10493=CARTESIAN_POINT('Ctrl Pts',(-34.2434117064744,6.48754300262202,-9.47975495247065));
#10494=CARTESIAN_POINT('Ctrl Pts',(-35.0383119462523,6.34674452820089,-10.2446552328374));
#10495=CARTESIAN_POINT('Ctrl Pts',(-36.705287694432,5.69293817563732,-11.5171174777134));
#10496=CARTESIAN_POINT('Ctrl Pts',(-37.5286619500854,5.21175122650614,-12.0000264262133));
#10497=CARTESIAN_POINT('Ctrl Pts',(-39.1668224109845,3.84857715548744,-12.7817624179329));
#10498=CARTESIAN_POINT('Ctrl Pts',(-39.9346573584745,2.95454950687903,-13.0382144389807));
#10499=CARTESIAN_POINT('Ctrl Pts',(-41.1524393306752,0.881710152294815,
-13.3766708730589));
#10500=CARTESIAN_POINT('Ctrl Pts',(-41.5804504323338,-0.282059833348003,
-13.4534636355297));
#10501=CARTESIAN_POINT('Ctrl Pts',(-41.7763533294079,-1.5,-13.4887472545256));
#10502=CARTESIAN_POINT('Origin',(-22.1028902446681,10.,38.2833288978837));
#10503=CARTESIAN_POINT('',(-24.0669991776313,10.,24.7190119257201));
#10504=CARTESIAN_POINT('Ctrl Pts',(-33.7684289665122,0.999999999999999,
31.0886346617798));
#10505=CARTESIAN_POINT('Ctrl Pts',(-33.6657757753216,1.78901090341327,30.9221919002867));
#10506=CARTESIAN_POINT('Ctrl Pts',(-33.516331001155,2.55482969367173,30.686821697692));
#10507=CARTESIAN_POINT('Ctrl Pts',(-33.1095348968589,4.01608612784927,30.108550615703));
#10508=CARTESIAN_POINT('Ctrl Pts',(-32.8529835021768,4.70866959129826,29.7671183918023));
#10509=CARTESIAN_POINT('Ctrl Pts',(-31.9715280029832,6.48883254247941,28.7329310790925));
#10510=CARTESIAN_POINT('Ctrl Pts',(-31.2225993626451,7.45845563672289,27.9805613560482));
#10511=CARTESIAN_POINT('Ctrl Pts',(-29.5477099469128,8.75629666351452,26.7428839622584));
#10512=CARTESIAN_POINT('Ctrl Pts',(-28.7504178684753,9.17269728980684,26.2572073047492));
#10513=CARTESIAN_POINT('Ctrl Pts',(-26.9250701203117,9.77094709231438,25.4128382321011));
#10514=CARTESIAN_POINT('Ctrl Pts',(-25.9280030765936,9.92931396671367,25.0786022473957));
#10515=CARTESIAN_POINT('Ctrl Pts',(-24.6091999303936,9.99394342434962,24.8058426931904));
#10516=CARTESIAN_POINT('Ctrl Pts',(-24.3384719190607,10.,24.7583210953297));
#10517=CARTESIAN_POINT('Ctrl Pts',(-24.0669991776313,10.,24.7190119257201));
#10518=CARTESIAN_POINT('',(-18.0142554030846,10.,25.2016056186647));
#10519=CARTESIAN_POINT('Origin',(-22.1028902446681,10.,38.2833288978837));
#10520=CARTESIAN_POINT('',(-18.0142554030846,10.,25.2016056186647));
#10521=CARTESIAN_POINT('Ctrl Pts',(-24.0669991776313,6.5,24.7190119257201));
#10522=CARTESIAN_POINT('Ctrl Pts',(-24.1179171465425,6.5,24.7263848319853));
#10523=CARTESIAN_POINT('Ctrl Pts',(-24.1688157867143,6.49973775292244,24.7340476553117));
#10524=CARTESIAN_POINT('Ctrl Pts',(-25.3314144637281,6.48754300262202,24.9157869738209));
#10525=CARTESIAN_POINT('Ctrl Pts',(-26.3912876577766,6.34674452820089,25.2217406347596));
#10526=CARTESIAN_POINT('Ctrl Pts',(-28.3267601612855,5.69293817563732,26.0291528577378));
#10527=CARTESIAN_POINT('Ctrl Pts',(-29.156658706228,5.21175122650614,26.5007614057057));
#10528=CARTESIAN_POINT('Ctrl Pts',(-30.6527421645593,3.84857715548744,27.5285819844598));
#10529=CARTESIAN_POINT('Ctrl Pts',(-31.2587536033837,2.95454950687903,28.0653205443757));
#10530=CARTESIAN_POINT('Ctrl Pts',(-32.16075645947,0.881710152294815,28.9507224515331));
#10531=CARTESIAN_POINT('Ctrl Pts',(-32.4412664934258,-0.282059833348004,
29.2829945574358));
#10532=CARTESIAN_POINT('Ctrl Pts',(-32.5697744523507,-1.5,29.435009633479));
#10533=CARTESIAN_POINT('Origin',(22.1028902446681,10.,38.2833288978837));
#10534=CARTESIAN_POINT('',(9.37379269530846,10.,33.202138643548));
#10535=CARTESIAN_POINT('Ctrl Pts',(10.0393329028186,0.999999999999999,44.7886346617798));
#10536=CARTESIAN_POINT('Ctrl Pts',(9.9465158386849,1.78901090341327,44.6165130096826));
#10537=CARTESIAN_POINT('Ctrl Pts',(9.8174016510273,2.55482969367173,44.3694049374941));
#10538=CARTESIAN_POINT('Ctrl Pts',(9.52000225589893,4.01608612784927,43.7279736360187));
#10539=CARTESIAN_POINT('Ctrl Pts',(9.35258897367142,4.70866959129826,43.3350774988973));
#10540=CARTESIAN_POINT('Ctrl Pts',(8.89768423818997,6.48883254247941,42.0546209879352));
#10541=CARTESIAN_POINT('Ctrl Pts',(8.62057726516435,7.45845563672289,41.0298448982585));
#10542=CARTESIAN_POINT('Ctrl Pts',(8.38616190831887,8.75629666351452,38.9605094188098));
#10543=CARTESIAN_POINT('Ctrl Pts',(8.36419962410952,9.17269728980684,38.0271958958923));
#10544=CARTESIAN_POINT('Ctrl Pts',(8.54562843110816,9.77094709231438,36.0242138389178));
#10545=CARTESIAN_POINT('Ctrl Pts',(8.7547050993534,9.92931396671367,34.993610457429));
#10546=CARTESIAN_POINT('Ctrl Pts',(9.17788996938674,9.99394342434962,33.7151136531263));
#10547=CARTESIAN_POINT('Ctrl Pts',(9.27209906407739,10.,33.4568955188656));
#10548=CARTESIAN_POINT('Ctrl Pts',(9.37379269530846,10.,33.202138643548));
#10549=CARTESIAN_POINT('',(12.818102980378,10.,28.2016056186647));
#10550=CARTESIAN_POINT('Origin',(22.1028902446681,10.,38.2833288978837));
#10551=CARTESIAN_POINT('',(12.818102980378,10.,28.2016056186647));
#10552=CARTESIAN_POINT('Ctrl Pts',(9.37379269530846,6.5,33.202138643548));
#10553=CARTESIAN_POINT('Ctrl Pts',(9.35471883497824,6.5,33.2499213512667));
#10554=CARTESIAN_POINT('Ctrl Pts',(9.33590571455768,6.49973775292244,33.2978322783368));
#10555=CARTESIAN_POINT('Ctrl Pts',(8.91199724274624,6.48754300262202,34.3955419262916));
#10556=CARTESIAN_POINT('Ctrl Pts',(8.64702428847575,6.34674452820089,35.466395867597));
#10557=CARTESIAN_POINT('Ctrl Pts',(8.37852753314646,5.69293817563732,37.5462703354511));
#10558=CARTESIAN_POINT('Ctrl Pts',(8.37200324385734,5.21175122650614,38.500787831919));
#10559=CARTESIAN_POINT('Ctrl Pts',(8.51408024642517,3.84857715548744,40.3103444023927));
#10560=CARTESIAN_POINT('Ctrl Pts',(8.67590375509087,2.95454950687903,41.1035349833565));
#10561=CARTESIAN_POINT('Ctrl Pts',(8.99168287120519,0.881710152294815,42.3273933245921));
#10562=CARTESIAN_POINT('Ctrl Pts',(9.13918393890798,-0.282059833348002,
42.7364581929656));
#10563=CARTESIAN_POINT('Ctrl Pts',(9.20657887705713,-1.5,42.9237568880047));
#10564=CARTESIAN_POINT('Origin',(44.2057804893363,10.,0.));
#10565=CARTESIAN_POINT('',(33.4407918729398,10.,8.48312671782786));
#10566=CARTESIAN_POINT('Ctrl Pts',(43.8077618693309,1.,13.7));
#10567=CARTESIAN_POINT('Ctrl Pts',(43.6122916140065,1.78901090341327,13.6943211093959));
#10568=CARTESIAN_POINT('Ctrl Pts',(43.3337326521823,2.55482969367173,13.6825832398021));
#10569=CARTESIAN_POINT('Ctrl Pts',(42.6295371527578,4.01608612784927,13.6194230203157));
#10570=CARTESIAN_POINT('Ctrl Pts',(42.2055724758482,4.70866959129826,13.567959107095));
#10571=CARTESIAN_POINT('Ctrl Pts',(40.8692122411731,6.48883254247941,13.3216899088427));
#10572=CARTESIAN_POINT('Ctrl Pts',(39.8431766278094,7.45845563672289,13.0492835422104));
#10573=CARTESIAN_POINT('Ctrl Pts',(37.9338718552316,8.75629666351452,12.2176254565514));
#10574=CARTESIAN_POINT('Ctrl Pts',(37.1146174925848,9.17269728980684,11.7699885911431));
#10575=CARTESIAN_POINT('Ctrl Pts',(35.4706985514198,9.77094709231438,10.6113756068167));
#10576=CARTESIAN_POINT('Ctrl Pts',(34.682708175947,9.92931396671367,9.91500821003331));
#10577=CARTESIAN_POINT('Ctrl Pts',(33.7870898997803,9.99394342434962,8.90927095993585));
#10578=CARTESIAN_POINT('Ctrl Pts',(33.6105709831381,10.,8.69857442353587));
#10579=CARTESIAN_POINT('Ctrl Pts',(33.4407918729398,10.,8.48312671782786));
#10580=CARTESIAN_POINT('',(30.8323583834626,10.,3.00000000000001));
#10581=CARTESIAN_POINT('Origin',(44.2057804893363,10.,0.));
#10582=CARTESIAN_POINT('',(30.8323583834626,6.5,3.00000000000001));
#10583=CARTESIAN_POINT('',(30.8323583834626,10.,3.00000000000001));
#10584=CARTESIAN_POINT('',(33.4407918729398,6.5,8.48312671782786));
#10585=CARTESIAN_POINT('Origin',(44.2057804893363,6.5,0.));
#10586=CARTESIAN_POINT('Ctrl Pts',(33.4407918729398,6.5,8.48312671782786));
#10587=CARTESIAN_POINT('Ctrl Pts',(33.4726359815207,6.5,8.52353651928144));
#10588=CARTESIAN_POINT('Ctrl Pts',(33.504721501272,6.49973775292244,8.56378462302516));
#10589=CARTESIAN_POINT('Ctrl Pts',(34.2434117064744,6.48754300262202,9.47975495247066));
#10590=CARTESIAN_POINT('Ctrl Pts',(35.0383119462523,6.34674452820089,10.2446552328375));
#10591=CARTESIAN_POINT('Ctrl Pts',(36.705287694432,5.69293817563732,11.5171174777134));
#10592=CARTESIAN_POINT('Ctrl Pts',(37.5286619500854,5.21175122650614,12.0000264262133));
#10593=CARTESIAN_POINT('Ctrl Pts',(39.1668224109845,3.84857715548744,12.7817624179329));
#10594=CARTESIAN_POINT('Ctrl Pts',(39.9346573584745,2.95454950687903,13.0382144389807));
#10595=CARTESIAN_POINT('Ctrl Pts',(41.1524393306752,0.881710152294815,13.3766708730589));
#10596=CARTESIAN_POINT('Ctrl Pts',(41.5804504323338,-0.282059833348002,
13.4534636355298));
#10597=CARTESIAN_POINT('Ctrl Pts',(41.7763533294079,-1.5,13.4887472545256));
#10598=CARTESIAN_POINT('Origin',(22.1028902446681,10.,-38.2833288978837));
#10599=CARTESIAN_POINT('',(24.0669991776313,10.,-24.7190119257201));
#10600=CARTESIAN_POINT('Ctrl Pts',(33.7684289665122,1.,-31.0886346617798));
#10601=CARTESIAN_POINT('Ctrl Pts',(33.6657757753216,1.78901090341327,-30.9221919002867));
#10602=CARTESIAN_POINT('Ctrl Pts',(33.516331001155,2.55482969367173,-30.686821697692));
#10603=CARTESIAN_POINT('Ctrl Pts',(33.1095348968589,4.01608612784927,-30.108550615703));
#10604=CARTESIAN_POINT('Ctrl Pts',(32.8529835021768,4.70866959129826,-29.7671183918023));
#10605=CARTESIAN_POINT('Ctrl Pts',(31.9715280029832,6.48883254247941,-28.7329310790925));
#10606=CARTESIAN_POINT('Ctrl Pts',(31.2225993626451,7.45845563672289,-27.9805613560482));
#10607=CARTESIAN_POINT('Ctrl Pts',(29.5477099469128,8.75629666351452,-26.7428839622584));
#10608=CARTESIAN_POINT('Ctrl Pts',(28.7504178684753,9.17269728980684,-26.2572073047492));
#10609=CARTESIAN_POINT('Ctrl Pts',(26.9250701203117,9.77094709231438,-25.4128382321011));
#10610=CARTESIAN_POINT('Ctrl Pts',(25.9280030765936,9.92931396671367,-25.0786022473957));
#10611=CARTESIAN_POINT('Ctrl Pts',(24.6091999303936,9.99394342434962,-24.8058426931904));
#10612=CARTESIAN_POINT('Ctrl Pts',(24.3384719190607,10.,-24.7583210953297));
#10613=CARTESIAN_POINT('Ctrl Pts',(24.0669991776313,10.,-24.7190119257201));
#10614=CARTESIAN_POINT('',(18.0142554030846,10.,-25.2016056186647));
#10615=CARTESIAN_POINT('Origin',(22.1028902446681,10.,-38.2833288978837));
#10616=CARTESIAN_POINT('',(18.0142554030846,10.,-25.2016056186647));
#10617=CARTESIAN_POINT('Ctrl Pts',(24.0669991776313,6.5,-24.7190119257201));
#10618=CARTESIAN_POINT('Ctrl Pts',(24.1179171465425,6.5,-24.7263848319853));
#10619=CARTESIAN_POINT('Ctrl Pts',(24.1688157867143,6.49973775292244,-24.7340476553117));
#10620=CARTESIAN_POINT('Ctrl Pts',(25.3314144637281,6.48754300262202,-24.9157869738209));
#10621=CARTESIAN_POINT('Ctrl Pts',(26.3912876577766,6.34674452820089,-25.2217406347596));
#10622=CARTESIAN_POINT('Ctrl Pts',(28.3267601612855,5.69293817563732,-26.0291528577377));
#10623=CARTESIAN_POINT('Ctrl Pts',(29.156658706228,5.21175122650614,-26.5007614057057));
#10624=CARTESIAN_POINT('Ctrl Pts',(30.6527421645593,3.84857715548744,-27.5285819844598));
#10625=CARTESIAN_POINT('Ctrl Pts',(31.2587536033837,2.95454950687903,-28.0653205443757));
#10626=CARTESIAN_POINT('Ctrl Pts',(32.16075645947,0.881710152294815,-28.9507224515331));
#10627=CARTESIAN_POINT('Ctrl Pts',(32.4412664934258,-0.282059833348003,
-29.2829945574358));
#10628=CARTESIAN_POINT('Ctrl Pts',(32.5697744523507,-1.5,-29.435009633479));
#10629=CARTESIAN_POINT('Origin',(-22.3500980595802,10.,-38.7115053933395));
#10630=CARTESIAN_POINT('',(-19.6489746396774,10.,-28.3578524505879));
#10631=CARTESIAN_POINT('Ctrl Pts',(-31.5841777957948,0.999999999999996,
-33.3054006576054));
#10632=CARTESIAN_POINT('Ctrl Pts',(-31.4811211786922,1.83254534157765,-33.1293713229572));
#10633=CARTESIAN_POINT('Ctrl Pts',(-31.3273585987231,2.64007874291814,-32.8766270100148));
#10634=CARTESIAN_POINT('Ctrl Pts',(-30.8928235997799,4.17762383317258,-32.2570845053537));
#10635=CARTESIAN_POINT('Ctrl Pts',(-30.612392520204,4.90444207787723,-31.8914449927848));
#10636=CARTESIAN_POINT('Ctrl Pts',(-29.7570393355075,6.49923107875978,-30.9544402818981));
#10637=CARTESIAN_POINT('Ctrl Pts',(-29.1188240498985,7.30105147314667,-30.3664380548956));
#10638=CARTESIAN_POINT('Ctrl Pts',(-27.5645867303589,8.5486621257091,-29.3255949159387));
#10639=CARTESIAN_POINT('Ctrl Pts',(-26.7103407466042,8.99556248438292,-28.8868157922864));
#10640=CARTESIAN_POINT('Ctrl Pts',(-24.7837001043993,9.62880455285251,-28.2428323938735));
#10641=CARTESIAN_POINT('Ctrl Pts',(-23.7632232619089,9.80191040870897,-28.0527579246333));
#10642=CARTESIAN_POINT('Ctrl Pts',(-21.701970647818,9.98405617515474,-27.9834881266139));
#10643=CARTESIAN_POINT('Ctrl Pts',(-20.6691230668066,10.,-28.0917099766677));
#10644=CARTESIAN_POINT('Ctrl Pts',(-19.6489746396774,10.,-28.3578524505879));
#10645=CARTESIAN_POINT('',(-14.7341332991413,10.,-31.1954374215707));
#10646=CARTESIAN_POINT('Origin',(-22.3500980595802,10.,-38.7115053933395));
#10647=CARTESIAN_POINT('Ctrl Pts',(-14.7341332991413,10.,-31.1954374215707));
#10648=CARTESIAN_POINT('Ctrl Pts',(-13.9148502358463,10.,-32.0256096555521));
#10649=CARTESIAN_POINT('Ctrl Pts',(-13.2533208638378,9.98081729183249,-32.9677576586991));
#10650=CARTESIAN_POINT('Ctrl Pts',(-12.2997033209974,9.75411200213187,-34.896519126702));
#10651=CARTESIAN_POINT('Ctrl Pts',(-11.9890199509918,9.56117566033615,-35.8629951131277));
#10652=CARTESIAN_POINT('Ctrl Pts',(-11.6443275055061,8.89812454522968,-37.7964091692969));
#10653=CARTESIAN_POINT('Ctrl Pts',(-11.6161732290543,8.44631418304295,-38.7147465110151));
#10654=CARTESIAN_POINT('Ctrl Pts',(-11.7710261743482,7.10326974280894,-40.6560693822388));
#10655=CARTESIAN_POINT('Ctrl Pts',(-12.0114792028874,6.16097173510986,-41.5766094359238));
#10656=CARTESIAN_POINT('Ctrl Pts',(-12.5563262983697,3.88515395861912,-43.1037109482859));
#10657=CARTESIAN_POINT('Ctrl Pts',(-12.8681305422705,2.51056019360206,-43.6837744280594));
#10658=CARTESIAN_POINT('Ctrl Pts',(-13.0512341548079,0.999999999999997,
-44.0054006576054));
#10659=CARTESIAN_POINT('Ctrl Pts',(-12.222284584408,-1.5,-42.1642711254178));
#10660=CARTESIAN_POINT('Ctrl Pts',(-12.1669294111789,-0.442000963027292,
-42.0019007496518));
#10661=CARTESIAN_POINT('Ctrl Pts',(-12.054925826733,0.577048853569891,-41.6717512539949));
#10662=CARTESIAN_POINT('Ctrl Pts',(-11.8208598499198,2.44941655565884,-40.682864119212));
#10663=CARTESIAN_POINT('Ctrl Pts',(-11.7024809427151,3.28630895189189,-40.0338125138033));
#10664=CARTESIAN_POINT('Ctrl Pts',(-11.6252133342313,4.67237144914605,-38.4817945679021));
#10665=CARTESIAN_POINT('Ctrl Pts',(-11.6638577765801,5.20345109204756,-37.61963818149));
#10666=CARTESIAN_POINT('Ctrl Pts',(-12.0216445182241,5.98523306227594,-35.7586909159983));
#10667=CARTESIAN_POINT('Ctrl Pts',(-12.3318023524347,6.21195979910008,-34.8166524743963));
#10668=CARTESIAN_POINT('Ctrl Pts',(-13.2793688055634,6.4770307039098,-32.9321392329739));
#10669=CARTESIAN_POINT('Ctrl Pts',(-13.9288241322161,6.5,-32.0114500307699));
#10670=CARTESIAN_POINT('Ctrl Pts',(-14.7341332991413,6.5,-31.1954374215707));
#10671=CARTESIAN_POINT('Ctrl Pts',(-19.6489746396774,6.50000000000001,-28.3578524505879));
#10672=CARTESIAN_POINT('Ctrl Pts',(-20.5177260106252,6.50000000000001,-28.1312073537207));
#10673=CARTESIAN_POINT('Ctrl Pts',(-21.3901422923415,6.48540027274297,-28.0205348333879));
#10674=CARTESIAN_POINT('Ctrl Pts',(-23.2866125000466,6.3290283779064,-28.0012117435282));
#10675=CARTESIAN_POINT('Ctrl Pts',(-24.3033488932717,6.15892067584694,-28.144304802533));
#10676=CARTESIAN_POINT('Ctrl Pts',(-26.1820159260493,5.50486838227188,-28.675070398607));
#10677=CARTESIAN_POINT('Ctrl Pts',(-26.9945396746791,5.04931650225192,-29.0383062155004));
#10678=CARTESIAN_POINT('Ctrl Pts',(-28.4707057644129,3.75589680123113,-29.8887750540162));
#10679=CARTESIAN_POINT('Ctrl Pts',(-29.0653161543416,2.91517920962191,-30.3598363751108));
#10680=CARTESIAN_POINT('Ctrl Pts',(-29.9705234202361,0.933068036090877,
-31.1739564104156));
#10681=CARTESIAN_POINT('Ctrl Pts',(-30.2691100205683,-0.234612255055308,
-31.512509442475));
#10682=CARTESIAN_POINT('Ctrl Pts',(-30.4041876344626,-1.5,-31.6669445050891));
#10683=CARTESIAN_POINT('Origin',(-12.5607879405965,10.,-15.7559228962116));
#10684=CARTESIAN_POINT('',(-12.5607879405965,10.,-15.7559228962116));
#10685=CARTESIAN_POINT('',(-12.5607879405965,10.,-15.7559228962116));
#10686=CARTESIAN_POINT('',(-11.8919320759749,10.,-14.5974305557466));
#10687=CARTESIAN_POINT('Origin',(-12.818102980378,10.,-28.2016056186647));
#10688=CARTESIAN_POINT('',(-7.36463551788989,10.,-18.7559228962116));
#10689=CARTESIAN_POINT('',(-9.42251338451235,10.,-22.3202719169731));
#10690=CARTESIAN_POINT('',(-7.3646355178899,10.,-18.7559228962116));
#10691=CARTESIAN_POINT('Origin',(0.,-3.02249999999999,0.));
#10692=CARTESIAN_POINT('Origin',(0.,-1.71999999999999,0.));
#10693=CARTESIAN_POINT('Origin',(0.,1.,0.));
#10694=CARTESIAN_POINT('Origin',(0.,10.,0.));
#10695=CARTESIAN_POINT('Origin',(0.,-1.71999999999999,0.));
#10696=CARTESIAN_POINT('Origin',(0.,1.,0.));
#10697=CARTESIAN_POINT('Origin',(0.,10.,0.));
#10698=CARTESIAN_POINT('Origin',(0.,-3.50000000000001,0.));
#10699=CARTESIAN_POINT('Origin',(0.,-7.00000000000001,0.));
#10700=CARTESIAN_POINT('',(-22.45,-3.50000000000001,38.8845406299213));
#10701=CARTESIAN_POINT('Origin',(0.,0.,0.));
#10702=CARTESIAN_POINT('Origin',(0.,0.,0.));
#10703=CARTESIAN_POINT('Origin',(0.,0.,0.));
#10704=CARTESIAN_POINT('Origin',(0.,0.,0.));
#10705=CARTESIAN_POINT('Origin',(0.,0.,0.));
#10706=CARTESIAN_POINT('Origin',(0.,0.,0.));
#10707=CARTESIAN_POINT('Origin',(0.,0.,0.));
#10708=CARTESIAN_POINT('Origin',(0.,0.,0.));
#10709=CARTESIAN_POINT('Origin',(0.,0.,0.));
#10710=CARTESIAN_POINT('Origin',(0.,0.,0.));
#10711=CARTESIAN_POINT('Origin',(0.,0.,0.));
#10712=CARTESIAN_POINT('Origin',(0.,0.,0.));
#10713=CARTESIAN_POINT('Origin',(21.95,-7.00000000000001,-38.0185152261369));
#10714=CARTESIAN_POINT('Origin',(0.,-3.02249999999999,0.));
#10715=CARTESIAN_POINT('Origin',(-44.7001961191604,10.,1.33226762955019E-14));
#10716=CARTESIAN_POINT('',(-34.3831079388186,10.,2.8375849709828));
#10717=CARTESIAN_POINT('Ctrl Pts',(-44.6354119506026,0.999999999999998,
10.7));
#10718=CARTESIAN_POINT('Ctrl Pts',(-44.4314377664347,1.83254534157765,10.6987650188852));
#10719=CARTESIAN_POINT('Ctrl Pts',(-44.13567348078,2.64007874291814,10.6919748749516));
#10720=CARTESIAN_POINT('Ctrl Pts',(-43.3818664335477,4.17762383317258,10.6254277793639));
#10721=CARTESIAN_POINT('Ctrl Pts',(-42.9249977872477,4.90444207787723,10.5653870967249));
#10722=CARTESIAN_POINT('Ctrl Pts',(-41.6858513118058,6.49923107875978,10.2931318650133));
#10723=CARTESIAN_POINT('Ctrl Pts',(-40.8575188029353,7.30105147314667,10.0344223280935));
#10724=CARTESIAN_POINT('Ctrl Pts',(-39.1790035434742,8.5486621257091,9.20883489534084));
#10725=CARTESIAN_POINT('Ctrl Pts',(-38.3718866838636,8.99556248438292,8.68842573415462));
#10726=CARTESIAN_POINT('Ctrl Pts',(-36.8508603801202,9.62880455285251,7.34189769324809));
#10727=CARTESIAN_POINT('Ctrl Pts',(-36.1760126399021,9.80191040870897,6.5531760582978));
#10728=CARTESIAN_POINT('Ctrl Pts',(-35.0853969280569,9.98405617515474,4.80271382988765));
#10729=CARTESIAN_POINT('Ctrl Pts',(-34.6626960089422,10.,3.85413066146757));
#10730=CARTESIAN_POINT('Ctrl Pts',(-34.3831079388186,10.,2.8375849709828));
#10731=CARTESIAN_POINT('',(-34.3831079388186,10.,-2.83758497098277));
#10732=CARTESIAN_POINT('Origin',(-44.7001961191604,10.,1.33226762955019E-14));
#10733=CARTESIAN_POINT('Ctrl Pts',(-34.3831079388186,10.,-2.83758497098278));
#10734=CARTESIAN_POINT('Ctrl Pts',(-34.6924166513155,10.,-3.96219103367723));
#10735=CARTESIAN_POINT('Ctrl Pts',(-35.1775760701613,9.98081729183249,-5.00616627675973));
#10736=CARTESIAN_POINT('Ctrl Pts',(-36.3711237278722,9.75411200213187,-6.79640402835544));
#10737=CARTESIAN_POINT('Ctrl Pts',(-37.0527747992617,9.56117566033615,-7.54870171252648));
#10738=CARTESIAN_POINT('Ctrl Pts',(-38.5548142651952,8.89812454522968,-8.81392115489426));
#10739=CARTESIAN_POINT('Ctrl Pts',(-39.3360405941412,8.44631418304295,-9.29747214438587));
#10740=CARTESIAN_POINT('Ctrl Pts',(-41.0947019902156,7.10326974280894,-10.1340269955223));
#10741=CARTESIAN_POINT('Ctrl Pts',(-42.0121395761775,6.16097173510986,-10.386058591233));
#10742=CARTESIAN_POINT('Ctrl Pts',(-43.6070718277819,3.88515395861912,-10.6777579215482));
#10743=CARTESIAN_POINT('Ctrl Pts',(-44.2653236590237,2.51056019360206,-10.6977592652091));
#10744=CARTESIAN_POINT('Ctrl Pts',(-44.6354119506026,0.999999999999997,
-10.7));
#10745=CARTESIAN_POINT('Ctrl Pts',(-42.6264722188705,-1.5,-10.4973266203287));
#10746=CARTESIAN_POINT('Ctrl Pts',(-42.4581777620206,-0.442000963027293,
-10.4640804186929));
#10747=CARTESIAN_POINT('Ctrl Pts',(-42.1162581195122,0.577048853569891,
-10.3960036203095));
#10748=CARTESIAN_POINT('Ctrl Pts',(-41.1428237509079,2.44941655565884,-10.104267135));
#10749=CARTESIAN_POINT('Ctrl Pts',(-40.5215391186546,3.28630895189189,-9.88226047320715));
#10750=CARTESIAN_POINT('Ctrl Pts',(-39.1388183461329,4.67237144914605,-9.17316721209314));
#10751=CARTESIAN_POINT('Ctrl Pts',(-38.4114912346394,5.20345109204756,-8.708621950098));
#10752=CARTESIAN_POINT('Ctrl Pts',(-36.9787569984424,5.98523306227594,-7.46829590995121));
#10753=CARTESIAN_POINT('Ctrl Pts',(-36.3180066937789,6.21195979910008,-6.72867212554102));
#10754=CARTESIAN_POINT('Ctrl Pts',(-35.1597535795032,6.4770307039098,-4.96579888464642));
#10755=CARTESIAN_POINT('Ctrl Pts',(-34.6871410047309,6.5,-3.94300947204006));
#10756=CARTESIAN_POINT('Ctrl Pts',(-34.3831079388186,6.5,-2.83758497098278));
#10757=CARTESIAN_POINT('Ctrl Pts',(-34.3831079388186,6.5,2.8375849709828));
#10758=CARTESIAN_POINT('Ctrl Pts',(-34.6212032127623,6.5,3.70326827622982));
#10759=CARTESIAN_POINT('Ctrl Pts',(-34.9615661395114,6.48540027274297,4.51413919903766));
#10760=CARTESIAN_POINT('Ctrl Pts',(-35.8930669566658,6.3290283779064,6.16619212136051));
#10761=CARTESIAN_POINT('Ctrl Pts',(-36.5253573774818,6.15892067584694,6.97516513734321));
#10762=CARTESIAN_POINT('Ctrl Pts',(-37.9243473835255,5.50486838227188,8.33675571494394));
#10763=CARTESIAN_POINT('Ctrl Pts',(-38.6451807028344,5.04931650225192,8.8588040139888));
#10764=CARTESIAN_POINT('Ctrl Pts',(-40.1197913669831,3.75589680123113,9.71196692864552));
#10765=CARTESIAN_POINT('Ctrl Pts',(-40.8250476327556,2.91517920962191,9.99138397113068));
#10766=CARTESIAN_POINT('Ctrl Pts',(-41.9826998980067,0.933068036090877,
10.3682564414332));
#10767=CARTESIAN_POINT('Ctrl Pts',(-42.4251887244645,-0.234612255055308,
10.4575635065208));
#10768=CARTESIAN_POINT('Ctrl Pts',(-42.6264722188705,-1.5,10.4973266203287));
#10769=CARTESIAN_POINT('Origin',(-19.9254234584864,10.,3.));
#10770=CARTESIAN_POINT('',(-19.9254234584864,10.,3.00000000000001));
#10771=CARTESIAN_POINT('',(-19.9254234584864,10.,3.));
#10772=CARTESIAN_POINT('',(-18.5877117292432,10.,3.));
#10773=CARTESIAN_POINT('Origin',(-30.8323583834626,10.,-2.99999999999999));
#10774=CARTESIAN_POINT('',(-19.9254234584864,10.,-2.99999999999999));
#10775=CARTESIAN_POINT('',(-24.0411791917313,10.,-2.99999999999999));
#10776=CARTESIAN_POINT('',(-19.9254234584864,10.,-2.99999999999999));
#10777=CARTESIAN_POINT('Origin',(0.,-3.02249999999999,0.));
#10778=CARTESIAN_POINT('Origin',(0.,-1.71999999999999,0.));
#10779=CARTESIAN_POINT('Origin',(0.,1.,0.));
#10780=CARTESIAN_POINT('Origin',(0.,10.,0.));
#10781=CARTESIAN_POINT('Origin',(0.,-1.71999999999999,0.));
#10782=CARTESIAN_POINT('Origin',(0.,1.,0.));
#10783=CARTESIAN_POINT('Origin',(0.,10.,0.));
#10784=CARTESIAN_POINT('Origin',(0.,-3.02249999999999,0.));
#10785=CARTESIAN_POINT('Origin',(-22.3500980595802,10.,38.7115053933395));
#10786=CARTESIAN_POINT('',(-14.7341332991413,10.,31.1954374215707));
#10787=CARTESIAN_POINT('Ctrl Pts',(-13.0512341548078,0.999999999999996,
44.0054006576054));
#10788=CARTESIAN_POINT('Ctrl Pts',(-12.9503165877425,1.83254534157765,43.8281363418424));
#10789=CARTESIAN_POINT('Ctrl Pts',(-12.8083148820569,2.64007874291814,43.5686018849664));
#10790=CARTESIAN_POINT('Ctrl Pts',(-12.4890428337678,4.17762383317258,42.8825122847177));
#10791=CARTESIAN_POINT('Ctrl Pts',(-12.3126052670437,4.90444207787723,42.4568320895098));
#10792=CARTESIAN_POINT('Ctrl Pts',(-11.9288119762983,6.49923107875978,41.2475721469114));
#10793=CARTESIAN_POINT('Ctrl Pts',(-11.7386947530369,7.30105147314667,40.4008603829891));
#10794=CARTESIAN_POINT('Ctrl Pts',(-11.6144168131153,8.5486621257091,38.5344298112796));
#10795=CARTESIAN_POINT('Ctrl Pts',(-11.6615459372595,8.99556248438292,37.575241526441));
#10796=CARTESIAN_POINT('Ctrl Pts',(-12.0671602757209,9.62880455285251,35.5847300871216));
#10797=CARTESIAN_POINT('Ctrl Pts',(-12.4127893779932,9.80191040870897,34.6059339829311));
#10798=CARTESIAN_POINT('Ctrl Pts',(-13.3834262802389,9.98405617515474,32.7862019565016));
#10799=CARTESIAN_POINT('Ctrl Pts',(-13.9935729421357,10.,31.9458406381352));
#10800=CARTESIAN_POINT('Ctrl Pts',(-14.7341332991413,10.,31.1954374215707));
#10801=CARTESIAN_POINT('',(-19.6489746396773,10.,28.357852450588));
#10802=CARTESIAN_POINT('Origin',(-22.3500980595802,10.,38.7115053933395));
#10803=CARTESIAN_POINT('Ctrl Pts',(-19.6489746396773,10.,28.357852450588));
#10804=CARTESIAN_POINT('Ctrl Pts',(-20.7775664154692,10.,28.0634186218749));
#10805=CARTESIAN_POINT('Ctrl Pts',(-21.9242552063236,9.98081729183249,27.9615913819394));
#10806=CARTESIAN_POINT('Ctrl Pts',(-24.0714204068748,9.75411200213187,28.1001150983466));
#10807=CARTESIAN_POINT('Ctrl Pts',(-25.0637548482699,9.56117566033615,28.3142934006012));
#10808=CARTESIAN_POINT('Ctrl Pts',(-26.9104867596891,8.89812454522968,28.9824880144026));
#10809=CARTESIAN_POINT('Ctrl Pts',(-27.7198673650869,8.44631418304295,29.4172743666292));
#10810=CARTESIAN_POINT('Ctrl Pts',(-29.3236758158674,7.10326974280894,30.5220423867165));
#10811=CARTESIAN_POINT('Ctrl Pts',(-30.0006603732901,6.16097173510986,31.1905508446909));
#10812=CARTESIAN_POINT('Ctrl Pts',(-31.0507455294122,3.88515395861912,32.4259530267377));
#10813=CARTESIAN_POINT('Ctrl Pts',(-31.3971931167532,2.51056019360206,32.9860151628503));
#10814=CARTESIAN_POINT('Ctrl Pts',(-31.5841777957948,0.999999999999998,
33.3054006576054));
#10815=CARTESIAN_POINT('Ctrl Pts',(-30.4041876344626,-1.5,31.6669445050891));
#10816=CARTESIAN_POINT('Ctrl Pts',(-30.2912483508417,-0.442000963027291,
31.5378203309589));
#10817=CARTESIAN_POINT('Ctrl Pts',(-30.0613322927791,0.577048853569891,
31.2757476336854));
#10818=CARTESIAN_POINT('Ctrl Pts',(-29.3219639009881,2.44941655565884,30.578596984212));
#10819=CARTESIAN_POINT('Ctrl Pts',(-28.8190581759395,3.28630895189189,30.1515520405962));
#10820=CARTESIAN_POINT('Ctrl Pts',(-27.5136050119016,4.67237144914605,29.308627355809));
#10821=CARTESIAN_POINT('Ctrl Pts',(-26.7476334580594,5.20345109204756,28.911016231392));
#10822=CARTESIAN_POINT('Ctrl Pts',(-24.9571124802184,5.98523306227594,28.2903950060471));
#10823=CARTESIAN_POINT('Ctrl Pts',(-23.9862043413442,6.21195979910008,28.0879803488553));
#10824=CARTESIAN_POINT('Ctrl Pts',(-21.8803847739398,6.4770307039098,27.9663403483274));
#10825=CARTESIAN_POINT('Ctrl Pts',(-20.7583168725148,6.5,28.0684405587298));
#10826=CARTESIAN_POINT('Ctrl Pts',(-19.6489746396773,6.5,28.357852450588));
#10827=CARTESIAN_POINT('Ctrl Pts',(-14.7341332991413,6.50000000000001,31.1954374215707));
#10828=CARTESIAN_POINT('Ctrl Pts',(-14.1034772021371,6.50000000000001,31.8344756299505));
#10829=CARTESIAN_POINT('Ctrl Pts',(-13.57142384717,6.48540027274297,32.5346740324255));
#10830=CARTESIAN_POINT('Ctrl Pts',(-12.6064544566193,6.3290283779064,34.1674038648887));
#10831=CARTESIAN_POINT('Ctrl Pts',(-12.2220084842101,6.15892067584694,35.1194699398762));
#10832=CARTESIAN_POINT('Ctrl Pts',(-11.7423314574762,5.50486838227188,37.011826113551));
#10833=CARTESIAN_POINT('Ctrl Pts',(-11.6506410281554,5.04931650225192,37.8971102294892));
#10834=CARTESIAN_POINT('Ctrl Pts',(-11.6490856025702,3.75589680123113,39.6007419826618));
#10835=CARTESIAN_POINT('Ctrl Pts',(-11.759731478414,2.91517920962191,40.3512203462415));
#10836=CARTESIAN_POINT('Ctrl Pts',(-12.0121764777706,0.933068036090877,
41.5422128518488));
#10837=CARTESIAN_POINT('Ctrl Pts',(-12.1560787038962,-0.234612255055308,
41.9700729489958));
#10838=CARTESIAN_POINT('Ctrl Pts',(-12.2222845844079,-1.5,42.1642711254178));
#10839=CARTESIAN_POINT('Origin',(-7.36463551788989,10.,18.7559228962116));
#10840=CARTESIAN_POINT('',(-7.36463551788989,10.,18.7559228962116));
#10841=CARTESIAN_POINT('',(-7.36463551788989,10.,18.7559228962116));
#10842=CARTESIAN_POINT('',(-6.69577965326829,10.,17.5974305557466));
#10843=CARTESIAN_POINT('Origin',(-18.0142554030846,10.,25.2016056186647));
#10844=CARTESIAN_POINT('',(-12.5607879405965,10.,15.7559228962116));
#10845=CARTESIAN_POINT('',(-14.618665807219,10.,19.3202719169731));
#10846=CARTESIAN_POINT('',(-12.5607879405965,10.,15.7559228962116));
#10847=CARTESIAN_POINT('Origin',(0.,-3.02249999999999,0.));
#10848=CARTESIAN_POINT('Origin',(-44.9,1.54074395550979E-32,6.66133814775094E-15));
#10849=CARTESIAN_POINT('',(32.6950962,1.54074395550979E-32,32.2155348313938));
#10850=CARTESIAN_POINT('',(45.9,0.,-1.04020933966459E-15));
#10851=CARTESIAN_POINT('Origin',(0.,0.,0.));
#10852=CARTESIAN_POINT('Origin',(0.,0.,0.));
#10853=CARTESIAN_POINT('Origin',(0.,0.5,0.));
#10854=CARTESIAN_POINT('',(45.9,0.5,-1.04020933966459E-15));
#10855=CARTESIAN_POINT('Origin',(0.,1.,0.));
#10856=CARTESIAN_POINT('Origin',(0.,1.,0.));
#10857=CARTESIAN_POINT('Origin',(0.,1.,0.));
#10858=CARTESIAN_POINT('Origin',(0.,1.,0.));
#10859=CARTESIAN_POINT('Origin',(0.,1.,0.));
#10860=CARTESIAN_POINT('Origin',(0.,1.,0.));
#10861=CARTESIAN_POINT('Origin',(0.,1.,0.));
#10862=CARTESIAN_POINT('Origin',(0.,1.,0.));
#10863=CARTESIAN_POINT('Origin',(0.,-1.71999999999999,0.));
#10864=CARTESIAN_POINT('Origin',(0.,10.,0.));
#10865=CARTESIAN_POINT('Origin',(0.,-1.71999999999999,0.));
#10866=CARTESIAN_POINT('Origin',(0.,10.,0.));
#10867=CARTESIAN_POINT('Origin',(0.,-3.02249999999999,0.));
#10868=CARTESIAN_POINT('Origin',(12.5607879405965,10.,15.7559228962116));
#10869=CARTESIAN_POINT('',(12.5607879405965,10.,15.7559228962116));
#10870=CARTESIAN_POINT('',(12.5607879405965,10.,15.7559228962116));
#10871=CARTESIAN_POINT('',(11.8919320759749,10.,14.5974305557466));
#10872=CARTESIAN_POINT('Origin',(12.818102980378,10.,28.2016056186647));
#10873=CARTESIAN_POINT('',(7.36463551788988,10.,18.7559228962116));
#10874=CARTESIAN_POINT('',(9.42251338451234,10.,22.3202719169731));
#10875=CARTESIAN_POINT('',(7.36463551788989,10.,18.7559228962116));
#10876=CARTESIAN_POINT('Origin',(0.,-3.02249999999999,0.));
#10877=CARTESIAN_POINT('Origin',(0.,-1.71999999999999,0.));
#10878=CARTESIAN_POINT('Origin',(0.,10.,0.));
#10879=CARTESIAN_POINT('Origin',(0.,-1.71999999999999,0.));
#10880=CARTESIAN_POINT('Origin',(0.,10.,0.));
#10881=CARTESIAN_POINT('Origin',(0.,-3.02249999999999,0.));
#10882=CARTESIAN_POINT('Origin',(19.9254234584864,10.,-3.));
#10883=CARTESIAN_POINT('',(19.9254234584864,6.5,-3.));
#10884=CARTESIAN_POINT('',(11.9627117292432,6.5,-3.));
#10885=CARTESIAN_POINT('',(19.9254234584864,10.,-3.));
#10886=CARTESIAN_POINT('',(19.9254234584864,10.,-3.));
#10887=CARTESIAN_POINT('',(18.5877117292432,10.,-3.));
#10888=CARTESIAN_POINT('Origin',(30.8323583834626,10.,3.));
#10889=CARTESIAN_POINT('',(19.9254234584864,6.5,3.));
#10890=CARTESIAN_POINT('',(17.4161791917313,6.5,3.));
#10891=CARTESIAN_POINT('',(19.9254234584864,10.,3.));
#10892=CARTESIAN_POINT('',(24.0411791917313,10.,3.));
#10893=CARTESIAN_POINT('',(19.9254234584864,10.,3.));
#10894=CARTESIAN_POINT('Origin',(0.,-3.02249999999999,0.));
#10895=CARTESIAN_POINT('Origin',(0.,6.5,0.));
#10896=CARTESIAN_POINT('Origin',(0.,-1.71999999999999,0.));
#10897=CARTESIAN_POINT('Origin',(0.,10.,0.));
#10898=CARTESIAN_POINT('Origin',(0.,-1.71999999999999,0.));
#10899=CARTESIAN_POINT('Origin',(0.,10.,0.));
#10900=CARTESIAN_POINT('Origin',(0.,-3.02249999999999,0.));
#10901=CARTESIAN_POINT('Origin',(0.,6.5,0.));
#10902=CARTESIAN_POINT('Origin',(34.5,10.,0.));
#10903=CARTESIAN_POINT('',(12.5607879405965,10.,-15.7559228962116));
#10904=CARTESIAN_POINT('',(14.618665807219,10.,-19.3202719169731));
#10905=CARTESIAN_POINT('Origin',(0.,10.,0.));
#10906=CARTESIAN_POINT('',(9.37379269530846,10.,-33.202138643548));
#10907=CARTESIAN_POINT('Origin',(0.,10.,0.));
#10908=CARTESIAN_POINT('',(12.818102980378,10.,-28.2016056186647));
#10909=CARTESIAN_POINT('Origin',(22.1028902446681,10.,-38.2833288978837));
#10910=CARTESIAN_POINT('',(7.36463551788989,10.,-18.7559228962116));
#10911=CARTESIAN_POINT('',(6.69577965326829,10.,-17.5974305557466));
#10912=CARTESIAN_POINT('Origin',(0.,10.,0.));
#10913=CARTESIAN_POINT('Origin',(0.,10.,0.));
#10914=CARTESIAN_POINT('Origin',(0.,10.,0.));
#10915=CARTESIAN_POINT('Origin',(0.,10.,0.));
#10916=CARTESIAN_POINT('Origin',(0.,10.,0.));
#10917=CARTESIAN_POINT('Origin',(0.,10.,0.));
#10918=CARTESIAN_POINT('',(3.99999999999999,10.,-6.92820323027551));
#10919=CARTESIAN_POINT('',(-8.,10.,-9.79717439317883E-16));
#10920=CARTESIAN_POINT('Origin',(0.,10.,0.));
#10921=CARTESIAN_POINT('Origin',(0.,10.,0.));
#10922=CARTESIAN_POINT('Origin',(0.,10.,0.));
#10923=CARTESIAN_POINT('',(-20.15,10.,-2.46766330028192E-15));
#10924=CARTESIAN_POINT('',(7.36463551788989,10.,-18.7559228962116));
#10925=CARTESIAN_POINT('',(12.5607879405965,10.,-15.7559228962116));
#10926=CARTESIAN_POINT('Origin',(0.,6.5,0.));
#10927=CARTESIAN_POINT('Origin',(22.1028902446681,10.,-38.2833288978837));
#10928=CARTESIAN_POINT('Ctrl Pts',(9.20657887705713,-1.5,-42.9237568880046));
#10929=CARTESIAN_POINT('Ctrl Pts',(9.14834115449037,-0.447546158861065,
-42.7619072040616));
#10930=CARTESIAN_POINT('Ctrl Pts',(9.03090310808106,0.566090989620252,-42.4339707815879));
#10931=CARTESIAN_POINT('Ctrl Pts',(8.74100406243444,2.57125581609501,-41.3886671089622));
#10932=CARTESIAN_POINT('Ctrl Pts',(8.56751019556762,3.51875556581499,-40.6319255245231));
#10933=CARTESIAN_POINT('Ctrl Pts',(8.40588245036675,4.81237981037222,-39.0789025355569));
#10934=CARTESIAN_POINT('Ctrl Pts',(8.377549987901,5.2435032126921,-38.3903645113808));
#10935=CARTESIAN_POINT('Ctrl Pts',(8.45039688334617,5.96556948976734,-36.8133812193514));
#10936=CARTESIAN_POINT('Ctrl Pts',(8.56795474302226,6.21707473098019,-35.9409294120697));
#10937=CARTESIAN_POINT('Ctrl Pts',(8.93568767608202,6.45831345465002,-34.424157288606));
#10938=CARTESIAN_POINT('Ctrl Pts',(9.13297425714168,6.5,-33.8054227635421));
#10939=CARTESIAN_POINT('Ctrl Pts',(9.37379269530846,6.5,-33.202138643548));
#10940=CARTESIAN_POINT('',(12.818102980378,10.,-28.2016056186647));
#10941=CARTESIAN_POINT('Ctrl Pts',(9.37379269530846,10.,-33.202138643548));
#10942=CARTESIAN_POINT('Ctrl Pts',(8.99279999713477,10.,-34.1565790360345));
#10943=CARTESIAN_POINT('Ctrl Pts',(8.72326634835216,9.91487794020301,-35.1429363579402));
#10944=CARTESIAN_POINT('Ctrl Pts',(8.43947379448896,9.52508573482725,-36.9391421232078));
#10945=CARTESIAN_POINT('Ctrl Pts',(8.3882512250053,9.27481650578264,-37.7171821278119));
#10946=CARTESIAN_POINT('Ctrl Pts',(8.40722477286996,8.6430136417977,-39.1272671057229));
#10947=CARTESIAN_POINT('Ctrl Pts',(8.46326602013035,8.28672185573977,-39.7527950666454));
#10948=CARTESIAN_POINT('Ctrl Pts',(8.72035819781421,7.08466916168271,-41.4484144925283));
#10949=CARTESIAN_POINT('Ctrl Pts',(9.00127804089356,6.10699694053794,-42.384866762185));
#10950=CARTESIAN_POINT('Ctrl Pts',(9.58002222688138,3.78438612164282,-43.9174338454743));
#10951=CARTESIAN_POINT('Ctrl Pts',(9.87082878710548,2.43240454552775,-44.4761575644656));
#10952=CARTESIAN_POINT('Ctrl Pts',(10.0393329028186,0.999999999999997,-44.7886346617798));
#10953=CARTESIAN_POINT('Origin',(7.36463551788989,10.,-18.7559228962116));
#10954=CARTESIAN_POINT('Origin',(18.0142554030846,10.,-25.2016056186647));
#10955=CARTESIAN_POINT('Origin',(8.,6.5,0.));
#10956=CARTESIAN_POINT('Origin',(0.,-3.02249999999999,0.));
#10957=CARTESIAN_POINT('Origin',(0.,-1.71999999999999,0.));
#10958=CARTESIAN_POINT('Origin',(0.,-1.71999999999999,0.));
#10959=CARTESIAN_POINT('Origin',(0.,-3.02249999999999,0.));
#10960=CARTESIAN_POINT('Origin',(0.,8.25,0.));
#10961=CARTESIAN_POINT('',(-8.,8.25,-9.79717439317883E-16));
#10962=UNCERTAINTY_MEASURE_WITH_UNIT(LENGTH_MEASURE(0.01),#10966,
'DISTANCE_ACCURACY_VALUE',
'Maximum model space distance between geometric entities at asserted c
onnectivities');
#10963=UNCERTAINTY_MEASURE_WITH_UNIT(LENGTH_MEASURE(0.01),#10966,
'DISTANCE_ACCURACY_VALUE',
'Maximum model space distance between geometric entities at asserted c
onnectivities');
#10964=(
GEOMETRIC_REPRESENTATION_CONTEXT(3)
GLOBAL_UNCERTAINTY_ASSIGNED_CONTEXT((#10962))
GLOBAL_UNIT_ASSIGNED_CONTEXT((#10966,#10968,#10969))
REPRESENTATION_CONTEXT('','3D')
);
#10965=(
GEOMETRIC_REPRESENTATION_CONTEXT(3)
GLOBAL_UNCERTAINTY_ASSIGNED_CONTEXT((#10963))
GLOBAL_UNIT_ASSIGNED_CONTEXT((#10966,#10968,#10969))
REPRESENTATION_CONTEXT('','3D')
);
#10966=(
LENGTH_UNIT()
NAMED_UNIT(*)
SI_UNIT(.MILLI.,.METRE.)
);
#10967=(
LENGTH_UNIT()
NAMED_UNIT(*)
SI_UNIT(.CENTI.,.METRE.)
);
#10968=(
NAMED_UNIT(*)
PLANE_ANGLE_UNIT()
SI_UNIT($,.RADIAN.)
);
#10969=(
NAMED_UNIT(*)
SI_UNIT($,.STERADIAN.)
SOLID_ANGLE_UNIT()
);
#10970=SHAPE_DEFINITION_REPRESENTATION(#10971,#10972);
#10971=PRODUCT_DEFINITION_SHAPE('',$,#10974);
#10972=SHAPE_REPRESENTATION('',(#6029),#10964);
#10973=PRODUCT_DEFINITION_CONTEXT('part definition',#10978,'design');
#10974=PRODUCT_DEFINITION('outrunner','outrunner',#10975,#10973);
#10975=PRODUCT_DEFINITION_FORMATION('',$,#10980);
#10976=PRODUCT_RELATED_PRODUCT_CATEGORY('outrunner','outrunner',(#10980));
#10977=APPLICATION_PROTOCOL_DEFINITION('international standard',
'automotive_design',2009,#10978);
#10978=APPLICATION_CONTEXT(
'Core Data for Automotive Mechanical Design Process');
#10979=PRODUCT_CONTEXT('part definition',#10978,'mechanical');
#10980=PRODUCT('outrunner','outrunner',$,(#10979));
#10981=PRESENTATION_STYLE_ASSIGNMENT((#10983));
#10982=PRESENTATION_STYLE_ASSIGNMENT((#10984));
#10983=SURFACE_STYLE_USAGE(.BOTH.,#10989);
#10984=SURFACE_STYLE_USAGE(.BOTH.,#10990);
#10985=SURFACE_STYLE_RENDERING_WITH_PROPERTIES($,#10997,(#10987));
#10986=SURFACE_STYLE_RENDERING_WITH_PROPERTIES($,#10998,(#10988));
#10987=SURFACE_STYLE_TRANSPARENT(0.);
#10988=SURFACE_STYLE_TRANSPARENT(0.);
#10989=SURFACE_SIDE_STYLE('',(#10991,#10985));
#10990=SURFACE_SIDE_STYLE('',(#10992,#10986));
#10991=SURFACE_STYLE_FILL_AREA(#10993);
#10992=SURFACE_STYLE_FILL_AREA(#10994);
#10993=FILL_AREA_STYLE('',(#10995));
#10994=FILL_AREA_STYLE('',(#10996));
#10995=FILL_AREA_STYLE_COLOUR('',#10997);
#10996=FILL_AREA_STYLE_COLOUR('',#10998);
#10997=COLOUR_RGB('',0.956862745098039,0.956862745098039,0.956862745098039);
#10998=COLOUR_RGB('',1.,0.862745098039216,0.250980392156863);
ENDSEC;
END-ISO-10303-21;
